"question","generated_sql","type","answer","is_valid"
"Hóa đơn tháng 1 của tôi","SELECT b.id AS bill_id, b.month, b.year, b.total_amount, b.status, b.deadline, r.name AS room_name FROM bills b JOIN contracts c ON b.contract_id = c.id JOIN rooms r ON c.room_id = r.id WHERE c.tenant_id = USER_ID_PLACEHOLDER AND b.month = 1 AND b.year = EXTRACT(YEAR FROM CURRENT_DATE)::int ORDER BY b.deadline ASC LIMIT 20","SQL","","1"
"Tôi còn nợ hóa đơn tháng 1 không","SELECT b.id AS bill_id, b.month, b.year, b.total_amount, b.status, b.deadline, r.name AS room_name FROM bills b JOIN contracts c ON b.contract_id = c.id JOIN rooms r ON c.room_id = r.id WHERE c.tenant_id = USER_ID_PLACEHOLDER AND b.month = 1 AND b.year = EXTRACT(YEAR FROM CURRENT_DATE)::int AND b.status IN ('UNPAID','LATE') ORDER BY b.deadline ASC LIMIT 20","SQL","","1"
"Lịch sử hóa đơn đã thanh toán tháng 1 của tôi","SELECT b.id AS bill_id, b.month, b.year, b.total_amount, b.status, b.paid_at, r.name AS room_name FROM bills b JOIN contracts c ON b.contract_id = c.id JOIN rooms r ON c.room_id = r.id WHERE c.tenant_id = USER_ID_PLACEHOLDER AND b.month = 1 AND b.year = EXTRACT(YEAR FROM CURRENT_DATE)::int AND b.status = 'PAID' ORDER BY b.paid_at DESC LIMIT 20","SQL","","1"
"Doanh thu đã thu tháng 1 của tôi","SELECT SUM(b.total_amount) AS total_revenue, COUNT(b.id) AS total_paid_bills, b.month, b.year FROM bills b JOIN contracts c ON b.contract_id = c.id JOIN rooms r ON c.room_id = r.id JOIN properties p ON r.property_id = p.id WHERE p.landlord_id = USER_ID_PLACEHOLDER AND b.status = 'PAID' AND b.month = 1 AND b.year = EXTRACT(YEAR FROM CURRENT_DATE)::int GROUP BY b.month, b.year","SQL","","1"
"Danh sách khách nợ tiền tháng 1","SELECT u.full_name AS tenant_name, u.phone_number, r.name AS room_name, p.name AS property_name, b.total_amount, b.status AS bill_status, b.deadline FROM bills b JOIN contracts c ON b.contract_id = c.id JOIN rooms r ON c.room_id = r.id JOIN properties p ON r.property_id = p.id JOIN users u ON c.tenant_id = u.id WHERE p.landlord_id = USER_ID_PLACEHOLDER AND c.status = 'ACTIVE' AND b.month = 1 AND b.year = EXTRACT(YEAR FROM CURRENT_DATE)::int AND b.status IN ('UNPAID','LATE') ORDER BY b.deadline ASC LIMIT 100","SQL","","1"
"Hợp đồng active sắp hết hạn trong 15 ngày","SELECT c.id AS contract_id, c.end_date, (c.end_date::date - CURRENT_DATE) AS days_remaining, u.full_name AS tenant_name, r.name AS room_name, p.name AS property_name FROM contracts c JOIN rooms r ON c.room_id = r.id JOIN properties p ON r.property_id = p.id JOIN users u ON c.tenant_id = u.id WHERE p.landlord_id = USER_ID_PLACEHOLDER AND c.status = 'ACTIVE' AND c.end_date BETWEEN CURRENT_DATE AND (CURRENT_DATE + INTERVAL '15 day') ORDER BY c.end_date ASC LIMIT 100","SQL","","1"
"Tìm phòng ở Quận 1 từ 2000000 đến 4000000","SELECT r.id AS room_id, r.name, r.price, r.area, r.type, r.images, p.name AS property_name, p.address, p.district FROM rooms r JOIN properties p ON r.property_id = p.id WHERE r.status = 'AVAILABLE' AND p.status = 'APPROVED' AND p.district LIKE '%1%' AND r.price BETWEEN 2000000 AND 4000000 ORDER BY r.price ASC LIMIT 10","SQL","","1"
"Tìm phòng loại STUDIO ở Quận 1","SELECT r.id AS room_id, r.name, r.price, r.area, r.type, r.images, p.name AS property_name, p.address, p.district FROM rooms r JOIN properties p ON r.property_id = p.id WHERE r.status = 'AVAILABLE' AND p.status = 'APPROVED' AND p.district LIKE '%1%' AND r.type = 'STUDIO' ORDER BY r.price ASC LIMIT 10","SQL","","1"
"Tìm phòng máy lạnh tại Quận 1","SELECT r.id AS room_id, r.name, r.price, r.area, r.type, r.images, p.name AS property_name, p.address, p.district FROM rooms r JOIN properties p ON r.property_id = p.id WHERE r.status = 'AVAILABLE' AND p.status = 'APPROVED' AND p.district LIKE '%1%' AND LOWER(COALESCE(r.amenities,'')) LIKE '%máy lạnh%' ORDER BY r.price ASC LIMIT 10","SQL","","1"
"Giao dịch blockchain tháng 1 của tôi","SELECT b.id AS bill_id, b.month, b.year, b.total_amount, b.status, b.payment_tx_hash, r.name AS room_name FROM bills b JOIN contracts c ON b.contract_id = c.id JOIN rooms r ON c.room_id = r.id WHERE c.tenant_id = USER_ID_PLACEHOLDER AND b.month = 1 AND b.payment_tx_hash IS NOT NULL ORDER BY b.year DESC, b.month DESC LIMIT 30","SQL","","1"
"Hóa đơn tháng 2 của tôi","SELECT b.id AS bill_id, b.month, b.year, b.total_amount, b.status, b.deadline, r.name AS room_name FROM bills b JOIN contracts c ON b.contract_id = c.id JOIN rooms r ON c.room_id = r.id WHERE c.tenant_id = USER_ID_PLACEHOLDER AND b.month = 2 AND b.year = EXTRACT(YEAR FROM CURRENT_DATE)::int ORDER BY b.deadline ASC LIMIT 20","SQL","","1"
"Tôi còn nợ hóa đơn tháng 2 không","SELECT b.id AS bill_id, b.month, b.year, b.total_amount, b.status, b.deadline, r.name AS room_name FROM bills b JOIN contracts c ON b.contract_id = c.id JOIN rooms r ON c.room_id = r.id WHERE c.tenant_id = USER_ID_PLACEHOLDER AND b.month = 2 AND b.year = EXTRACT(YEAR FROM CURRENT_DATE)::int AND b.status IN ('UNPAID','LATE') ORDER BY b.deadline ASC LIMIT 20","SQL","","1"
"Lịch sử hóa đơn đã thanh toán tháng 2 của tôi","SELECT b.id AS bill_id, b.month, b.year, b.total_amount, b.status, b.paid_at, r.name AS room_name FROM bills b JOIN contracts c ON b.contract_id = c.id JOIN rooms r ON c.room_id = r.id WHERE c.tenant_id = USER_ID_PLACEHOLDER AND b.month = 2 AND b.year = EXTRACT(YEAR FROM CURRENT_DATE)::int AND b.status = 'PAID' ORDER BY b.paid_at DESC LIMIT 20","SQL","","1"
"Doanh thu đã thu tháng 2 của tôi","SELECT SUM(b.total_amount) AS total_revenue, COUNT(b.id) AS total_paid_bills, b.month, b.year FROM bills b JOIN contracts c ON b.contract_id = c.id JOIN rooms r ON c.room_id = r.id JOIN properties p ON r.property_id = p.id WHERE p.landlord_id = USER_ID_PLACEHOLDER AND b.status = 'PAID' AND b.month = 2 AND b.year = EXTRACT(YEAR FROM CURRENT_DATE)::int GROUP BY b.month, b.year","SQL","","1"
"Danh sách khách nợ tiền tháng 2","SELECT u.full_name AS tenant_name, u.phone_number, r.name AS room_name, p.name AS property_name, b.total_amount, b.status AS bill_status, b.deadline FROM bills b JOIN contracts c ON b.contract_id = c.id JOIN rooms r ON c.room_id = r.id JOIN properties p ON r.property_id = p.id JOIN users u ON c.tenant_id = u.id WHERE p.landlord_id = USER_ID_PLACEHOLDER AND c.status = 'ACTIVE' AND b.month = 2 AND b.year = EXTRACT(YEAR FROM CURRENT_DATE)::int AND b.status IN ('UNPAID','LATE') ORDER BY b.deadline ASC LIMIT 100","SQL","","1"
"Hợp đồng active sắp hết hạn trong 16 ngày","SELECT c.id AS contract_id, c.end_date, (c.end_date::date - CURRENT_DATE) AS days_remaining, u.full_name AS tenant_name, r.name AS room_name, p.name AS property_name FROM contracts c JOIN rooms r ON c.room_id = r.id JOIN properties p ON r.property_id = p.id JOIN users u ON c.tenant_id = u.id WHERE p.landlord_id = USER_ID_PLACEHOLDER AND c.status = 'ACTIVE' AND c.end_date BETWEEN CURRENT_DATE AND (CURRENT_DATE + INTERVAL '16 day') ORDER BY c.end_date ASC LIMIT 100","SQL","","1"
"Tìm phòng ở Quận 3 từ 2500000 đến 4500000","SELECT r.id AS room_id, r.name, r.price, r.area, r.type, r.images, p.name AS property_name, p.address, p.district FROM rooms r JOIN properties p ON r.property_id = p.id WHERE r.status = 'AVAILABLE' AND p.status = 'APPROVED' AND p.district LIKE '%3%' AND r.price BETWEEN 2500000 AND 4500000 ORDER BY r.price ASC LIMIT 10","SQL","","1"
"Tìm phòng loại ONE_BEDROOM ở Quận 3","SELECT r.id AS room_id, r.name, r.price, r.area, r.type, r.images, p.name AS property_name, p.address, p.district FROM rooms r JOIN properties p ON r.property_id = p.id WHERE r.status = 'AVAILABLE' AND p.status = 'APPROVED' AND p.district LIKE '%3%' AND r.type = 'ONE_BEDROOM' ORDER BY r.price ASC LIMIT 10","SQL","","1"
"Tìm phòng gác lửng tại Quận 3","SELECT r.id AS room_id, r.name, r.price, r.area, r.type, r.images, p.name AS property_name, p.address, p.district FROM rooms r JOIN properties p ON r.property_id = p.id WHERE r.status = 'AVAILABLE' AND p.status = 'APPROVED' AND p.district LIKE '%3%' AND LOWER(COALESCE(r.amenities,'')) LIKE '%gác lửng%' ORDER BY r.price ASC LIMIT 10","SQL","","1"
"Giao dịch blockchain tháng 2 của tôi","SELECT b.id AS bill_id, b.month, b.year, b.total_amount, b.status, b.payment_tx_hash, r.name AS room_name FROM bills b JOIN contracts c ON b.contract_id = c.id JOIN rooms r ON c.room_id = r.id WHERE c.tenant_id = USER_ID_PLACEHOLDER AND b.month = 2 AND b.payment_tx_hash IS NOT NULL ORDER BY b.year DESC, b.month DESC LIMIT 30","SQL","","1"
"Hóa đơn tháng 3 của tôi","SELECT b.id AS bill_id, b.month, b.year, b.total_amount, b.status, b.deadline, r.name AS room_name FROM bills b JOIN contracts c ON b.contract_id = c.id JOIN rooms r ON c.room_id = r.id WHERE c.tenant_id = USER_ID_PLACEHOLDER AND b.month = 3 AND b.year = EXTRACT(YEAR FROM CURRENT_DATE)::int ORDER BY b.deadline ASC LIMIT 20","SQL","","1"
"Tôi còn nợ hóa đơn tháng 3 không","SELECT b.id AS bill_id, b.month, b.year, b.total_amount, b.status, b.deadline, r.name AS room_name FROM bills b JOIN contracts c ON b.contract_id = c.id JOIN rooms r ON c.room_id = r.id WHERE c.tenant_id = USER_ID_PLACEHOLDER AND b.month = 3 AND b.year = EXTRACT(YEAR FROM CURRENT_DATE)::int AND b.status IN ('UNPAID','LATE') ORDER BY b.deadline ASC LIMIT 20","SQL","","1"
"Lịch sử hóa đơn đã thanh toán tháng 3 của tôi","SELECT b.id AS bill_id, b.month, b.year, b.total_amount, b.status, b.paid_at, r.name AS room_name FROM bills b JOIN contracts c ON b.contract_id = c.id JOIN rooms r ON c.room_id = r.id WHERE c.tenant_id = USER_ID_PLACEHOLDER AND b.month = 3 AND b.year = EXTRACT(YEAR FROM CURRENT_DATE)::int AND b.status = 'PAID' ORDER BY b.paid_at DESC LIMIT 20","SQL","","1"
"Doanh thu đã thu tháng 3 của tôi","SELECT SUM(b.total_amount) AS total_revenue, COUNT(b.id) AS total_paid_bills, b.month, b.year FROM bills b JOIN contracts c ON b.contract_id = c.id JOIN rooms r ON c.room_id = r.id JOIN properties p ON r.property_id = p.id WHERE p.landlord_id = USER_ID_PLACEHOLDER AND b.status = 'PAID' AND b.month = 3 AND b.year = EXTRACT(YEAR FROM CURRENT_DATE)::int GROUP BY b.month, b.year","SQL","","1"
"Danh sách khách nợ tiền tháng 3","SELECT u.full_name AS tenant_name, u.phone_number, r.name AS room_name, p.name AS property_name, b.total_amount, b.status AS bill_status, b.deadline FROM bills b JOIN contracts c ON b.contract_id = c.id JOIN rooms r ON c.room_id = r.id JOIN properties p ON r.property_id = p.id JOIN users u ON c.tenant_id = u.id WHERE p.landlord_id = USER_ID_PLACEHOLDER AND c.status = 'ACTIVE' AND b.month = 3 AND b.year = EXTRACT(YEAR FROM CURRENT_DATE)::int AND b.status IN ('UNPAID','LATE') ORDER BY b.deadline ASC LIMIT 100","SQL","","1"
"Hợp đồng active sắp hết hạn trong 17 ngày","SELECT c.id AS contract_id, c.end_date, (c.end_date::date - CURRENT_DATE) AS days_remaining, u.full_name AS tenant_name, r.name AS room_name, p.name AS property_name FROM contracts c JOIN rooms r ON c.room_id = r.id JOIN properties p ON r.property_id = p.id JOIN users u ON c.tenant_id = u.id WHERE p.landlord_id = USER_ID_PLACEHOLDER AND c.status = 'ACTIVE' AND c.end_date BETWEEN CURRENT_DATE AND (CURRENT_DATE + INTERVAL '17 day') ORDER BY c.end_date ASC LIMIT 100","SQL","","1"
"Tìm phòng ở Quận 4 từ 3000000 đến 5000000","SELECT r.id AS room_id, r.name, r.price, r.area, r.type, r.images, p.name AS property_name, p.address, p.district FROM rooms r JOIN properties p ON r.property_id = p.id WHERE r.status = 'AVAILABLE' AND p.status = 'APPROVED' AND p.district LIKE '%4%' AND r.price BETWEEN 3000000 AND 5000000 ORDER BY r.price ASC LIMIT 10","SQL","","1"
"Tìm phòng loại TWO_BEDROOM ở Quận 4","SELECT r.id AS room_id, r.name, r.price, r.area, r.type, r.images, p.name AS property_name, p.address, p.district FROM rooms r JOIN properties p ON r.property_id = p.id WHERE r.status = 'AVAILABLE' AND p.status = 'APPROVED' AND p.district LIKE '%4%' AND r.type = 'TWO_BEDROOM' ORDER BY r.price ASC LIMIT 10","SQL","","1"
"Tìm phòng ban công tại Quận 4","SELECT r.id AS room_id, r.name, r.price, r.area, r.type, r.images, p.name AS property_name, p.address, p.district FROM rooms r JOIN properties p ON r.property_id = p.id WHERE r.status = 'AVAILABLE' AND p.status = 'APPROVED' AND p.district LIKE '%4%' AND LOWER(COALESCE(r.amenities,'')) LIKE '%ban công%' ORDER BY r.price ASC LIMIT 10","SQL","","1"
"Giao dịch blockchain tháng 3 của tôi","SELECT b.id AS bill_id, b.month, b.year, b.total_amount, b.status, b.payment_tx_hash, r.name AS room_name FROM bills b JOIN contracts c ON b.contract_id = c.id JOIN rooms r ON c.room_id = r.id WHERE c.tenant_id = USER_ID_PLACEHOLDER AND b.month = 3 AND b.payment_tx_hash IS NOT NULL ORDER BY b.year DESC, b.month DESC LIMIT 30","SQL","","1"
"Hóa đơn tháng 4 của tôi","SELECT b.id AS bill_id, b.month, b.year, b.total_amount, b.status, b.deadline, r.name AS room_name FROM bills b JOIN contracts c ON b.contract_id = c.id JOIN rooms r ON c.room_id = r.id WHERE c.tenant_id = USER_ID_PLACEHOLDER AND b.month = 4 AND b.year = EXTRACT(YEAR FROM CURRENT_DATE)::int ORDER BY b.deadline ASC LIMIT 20","SQL","","1"
"Tôi còn nợ hóa đơn tháng 4 không","SELECT b.id AS bill_id, b.month, b.year, b.total_amount, b.status, b.deadline, r.name AS room_name FROM bills b JOIN contracts c ON b.contract_id = c.id JOIN rooms r ON c.room_id = r.id WHERE c.tenant_id = USER_ID_PLACEHOLDER AND b.month = 4 AND b.year = EXTRACT(YEAR FROM CURRENT_DATE)::int AND b.status IN ('UNPAID','LATE') ORDER BY b.deadline ASC LIMIT 20","SQL","","1"
"Lịch sử hóa đơn đã thanh toán tháng 4 của tôi","SELECT b.id AS bill_id, b.month, b.year, b.total_amount, b.status, b.paid_at, r.name AS room_name FROM bills b JOIN contracts c ON b.contract_id = c.id JOIN rooms r ON c.room_id = r.id WHERE c.tenant_id = USER_ID_PLACEHOLDER AND b.month = 4 AND b.year = EXTRACT(YEAR FROM CURRENT_DATE)::int AND b.status = 'PAID' ORDER BY b.paid_at DESC LIMIT 20","SQL","","1"
"Doanh thu đã thu tháng 4 của tôi","SELECT SUM(b.total_amount) AS total_revenue, COUNT(b.id) AS total_paid_bills, b.month, b.year FROM bills b JOIN contracts c ON b.contract_id = c.id JOIN rooms r ON c.room_id = r.id JOIN properties p ON r.property_id = p.id WHERE p.landlord_id = USER_ID_PLACEHOLDER AND b.status = 'PAID' AND b.month = 4 AND b.year = EXTRACT(YEAR FROM CURRENT_DATE)::int GROUP BY b.month, b.year","SQL","","1"
"Danh sách khách nợ tiền tháng 4","SELECT u.full_name AS tenant_name, u.phone_number, r.name AS room_name, p.name AS property_name, b.total_amount, b.status AS bill_status, b.deadline FROM bills b JOIN contracts c ON b.contract_id = c.id JOIN rooms r ON c.room_id = r.id JOIN properties p ON r.property_id = p.id JOIN users u ON c.tenant_id = u.id WHERE p.landlord_id = USER_ID_PLACEHOLDER AND c.status = 'ACTIVE' AND b.month = 4 AND b.year = EXTRACT(YEAR FROM CURRENT_DATE)::int AND b.status IN ('UNPAID','LATE') ORDER BY b.deadline ASC LIMIT 100","SQL","","1"
"Hợp đồng active sắp hết hạn trong 18 ngày","SELECT c.id AS contract_id, c.end_date, (c.end_date::date - CURRENT_DATE) AS days_remaining, u.full_name AS tenant_name, r.name AS room_name, p.name AS property_name FROM contracts c JOIN rooms r ON c.room_id = r.id JOIN properties p ON r.property_id = p.id JOIN users u ON c.tenant_id = u.id WHERE p.landlord_id = USER_ID_PLACEHOLDER AND c.status = 'ACTIVE' AND c.end_date BETWEEN CURRENT_DATE AND (CURRENT_DATE + INTERVAL '18 day') ORDER BY c.end_date ASC LIMIT 100","SQL","","1"
"Tìm phòng ở Quận 5 từ 3500000 đến 5500000","SELECT r.id AS room_id, r.name, r.price, r.area, r.type, r.images, p.name AS property_name, p.address, p.district FROM rooms r JOIN properties p ON r.property_id = p.id WHERE r.status = 'AVAILABLE' AND p.status = 'APPROVED' AND p.district LIKE '%5%' AND r.price BETWEEN 3500000 AND 5500000 ORDER BY r.price ASC LIMIT 10","SQL","","1"
"Tìm phòng loại SINGLE_ROOM ở Quận 5","SELECT r.id AS room_id, r.name, r.price, r.area, r.type, r.images, p.name AS property_name, p.address, p.district FROM rooms r JOIN properties p ON r.property_id = p.id WHERE r.status = 'AVAILABLE' AND p.status = 'APPROVED' AND p.district LIKE '%5%' AND r.type = 'SINGLE_ROOM' ORDER BY r.price ASC LIMIT 10","SQL","","1"
"Tìm phòng nội thất tại Quận 5","SELECT r.id AS room_id, r.name, r.price, r.area, r.type, r.images, p.name AS property_name, p.address, p.district FROM rooms r JOIN properties p ON r.property_id = p.id WHERE r.status = 'AVAILABLE' AND p.status = 'APPROVED' AND p.district LIKE '%5%' AND LOWER(COALESCE(r.amenities,'')) LIKE '%nội thất%' ORDER BY r.price ASC LIMIT 10","SQL","","1"
"Giao dịch blockchain tháng 4 của tôi","SELECT b.id AS bill_id, b.month, b.year, b.total_amount, b.status, b.payment_tx_hash, r.name AS room_name FROM bills b JOIN contracts c ON b.contract_id = c.id JOIN rooms r ON c.room_id = r.id WHERE c.tenant_id = USER_ID_PLACEHOLDER AND b.month = 4 AND b.payment_tx_hash IS NOT NULL ORDER BY b.year DESC, b.month DESC LIMIT 30","SQL","","1"
"Hóa đơn tháng 5 của tôi","SELECT b.id AS bill_id, b.month, b.year, b.total_amount, b.status, b.deadline, r.name AS room_name FROM bills b JOIN contracts c ON b.contract_id = c.id JOIN rooms r ON c.room_id = r.id WHERE c.tenant_id = USER_ID_PLACEHOLDER AND b.month = 5 AND b.year = EXTRACT(YEAR FROM CURRENT_DATE)::int ORDER BY b.deadline ASC LIMIT 20","SQL","","1"
"Tôi còn nợ hóa đơn tháng 5 không","SELECT b.id AS bill_id, b.month, b.year, b.total_amount, b.status, b.deadline, r.name AS room_name FROM bills b JOIN contracts c ON b.contract_id = c.id JOIN rooms r ON c.room_id = r.id WHERE c.tenant_id = USER_ID_PLACEHOLDER AND b.month = 5 AND b.year = EXTRACT(YEAR FROM CURRENT_DATE)::int AND b.status IN ('UNPAID','LATE') ORDER BY b.deadline ASC LIMIT 20","SQL","","1"
"Lịch sử hóa đơn đã thanh toán tháng 5 của tôi","SELECT b.id AS bill_id, b.month, b.year, b.total_amount, b.status, b.paid_at, r.name AS room_name FROM bills b JOIN contracts c ON b.contract_id = c.id JOIN rooms r ON c.room_id = r.id WHERE c.tenant_id = USER_ID_PLACEHOLDER AND b.month = 5 AND b.year = EXTRACT(YEAR FROM CURRENT_DATE)::int AND b.status = 'PAID' ORDER BY b.paid_at DESC LIMIT 20","SQL","","1"
"Doanh thu đã thu tháng 5 của tôi","SELECT SUM(b.total_amount) AS total_revenue, COUNT(b.id) AS total_paid_bills, b.month, b.year FROM bills b JOIN contracts c ON b.contract_id = c.id JOIN rooms r ON c.room_id = r.id JOIN properties p ON r.property_id = p.id WHERE p.landlord_id = USER_ID_PLACEHOLDER AND b.status = 'PAID' AND b.month = 5 AND b.year = EXTRACT(YEAR FROM CURRENT_DATE)::int GROUP BY b.month, b.year","SQL","","1"
"Danh sách khách nợ tiền tháng 5","SELECT u.full_name AS tenant_name, u.phone_number, r.name AS room_name, p.name AS property_name, b.total_amount, b.status AS bill_status, b.deadline FROM bills b JOIN contracts c ON b.contract_id = c.id JOIN rooms r ON c.room_id = r.id JOIN properties p ON r.property_id = p.id JOIN users u ON c.tenant_id = u.id WHERE p.landlord_id = USER_ID_PLACEHOLDER AND c.status = 'ACTIVE' AND b.month = 5 AND b.year = EXTRACT(YEAR FROM CURRENT_DATE)::int AND b.status IN ('UNPAID','LATE') ORDER BY b.deadline ASC LIMIT 100","SQL","","1"
"Hợp đồng active sắp hết hạn trong 19 ngày","SELECT c.id AS contract_id, c.end_date, (c.end_date::date - CURRENT_DATE) AS days_remaining, u.full_name AS tenant_name, r.name AS room_name, p.name AS property_name FROM contracts c JOIN rooms r ON c.room_id = r.id JOIN properties p ON r.property_id = p.id JOIN users u ON c.tenant_id = u.id WHERE p.landlord_id = USER_ID_PLACEHOLDER AND c.status = 'ACTIVE' AND c.end_date BETWEEN CURRENT_DATE AND (CURRENT_DATE + INTERVAL '19 day') ORDER BY c.end_date ASC LIMIT 100","SQL","","1"
"Tìm phòng ở Quận 7 từ 4000000 đến 6000000","SELECT r.id AS room_id, r.name, r.price, r.area, r.type, r.images, p.name AS property_name, p.address, p.district FROM rooms r JOIN properties p ON r.property_id = p.id WHERE r.status = 'AVAILABLE' AND p.status = 'APPROVED' AND p.district LIKE '%7%' AND r.price BETWEEN 4000000 AND 6000000 ORDER BY r.price ASC LIMIT 10","SQL","","1"
"Tìm phòng loại SHARED_ROOM ở Quận 7","SELECT r.id AS room_id, r.name, r.price, r.area, r.type, r.images, p.name AS property_name, p.address, p.district FROM rooms r JOIN properties p ON r.property_id = p.id WHERE r.status = 'AVAILABLE' AND p.status = 'APPROVED' AND p.district LIKE '%7%' AND r.type = 'SHARED_ROOM' ORDER BY r.price ASC LIMIT 10","SQL","","1"
"Tìm phòng wifi tại Quận 7","SELECT r.id AS room_id, r.name, r.price, r.area, r.type, r.images, p.name AS property_name, p.address, p.district FROM rooms r JOIN properties p ON r.property_id = p.id WHERE r.status = 'AVAILABLE' AND p.status = 'APPROVED' AND p.district LIKE '%7%' AND LOWER(COALESCE(r.amenities,'')) LIKE '%wifi%' ORDER BY r.price ASC LIMIT 10","SQL","","1"
"Giao dịch blockchain tháng 5 của tôi","SELECT b.id AS bill_id, b.month, b.year, b.total_amount, b.status, b.payment_tx_hash, r.name AS room_name FROM bills b JOIN contracts c ON b.contract_id = c.id JOIN rooms r ON c.room_id = r.id WHERE c.tenant_id = USER_ID_PLACEHOLDER AND b.month = 5 AND b.payment_tx_hash IS NOT NULL ORDER BY b.year DESC, b.month DESC LIMIT 30","SQL","","1"
"Hóa đơn tháng 6 của tôi","SELECT b.id AS bill_id, b.month, b.year, b.total_amount, b.status, b.deadline, r.name AS room_name FROM bills b JOIN contracts c ON b.contract_id = c.id JOIN rooms r ON c.room_id = r.id WHERE c.tenant_id = USER_ID_PLACEHOLDER AND b.month = 6 AND b.year = EXTRACT(YEAR FROM CURRENT_DATE)::int ORDER BY b.deadline ASC LIMIT 20","SQL","","1"
"Tôi còn nợ hóa đơn tháng 6 không","SELECT b.id AS bill_id, b.month, b.year, b.total_amount, b.status, b.deadline, r.name AS room_name FROM bills b JOIN contracts c ON b.contract_id = c.id JOIN rooms r ON c.room_id = r.id WHERE c.tenant_id = USER_ID_PLACEHOLDER AND b.month = 6 AND b.year = EXTRACT(YEAR FROM CURRENT_DATE)::int AND b.status IN ('UNPAID','LATE') ORDER BY b.deadline ASC LIMIT 20","SQL","","1"
"Lịch sử hóa đơn đã thanh toán tháng 6 của tôi","SELECT b.id AS bill_id, b.month, b.year, b.total_amount, b.status, b.paid_at, r.name AS room_name FROM bills b JOIN contracts c ON b.contract_id = c.id JOIN rooms r ON c.room_id = r.id WHERE c.tenant_id = USER_ID_PLACEHOLDER AND b.month = 6 AND b.year = EXTRACT(YEAR FROM CURRENT_DATE)::int AND b.status = 'PAID' ORDER BY b.paid_at DESC LIMIT 20","SQL","","1"
"Doanh thu đã thu tháng 6 của tôi","SELECT SUM(b.total_amount) AS total_revenue, COUNT(b.id) AS total_paid_bills, b.month, b.year FROM bills b JOIN contracts c ON b.contract_id = c.id JOIN rooms r ON c.room_id = r.id JOIN properties p ON r.property_id = p.id WHERE p.landlord_id = USER_ID_PLACEHOLDER AND b.status = 'PAID' AND b.month = 6 AND b.year = EXTRACT(YEAR FROM CURRENT_DATE)::int GROUP BY b.month, b.year","SQL","","1"
"Danh sách khách nợ tiền tháng 6","SELECT u.full_name AS tenant_name, u.phone_number, r.name AS room_name, p.name AS property_name, b.total_amount, b.status AS bill_status, b.deadline FROM bills b JOIN contracts c ON b.contract_id = c.id JOIN rooms r ON c.room_id = r.id JOIN properties p ON r.property_id = p.id JOIN users u ON c.tenant_id = u.id WHERE p.landlord_id = USER_ID_PLACEHOLDER AND c.status = 'ACTIVE' AND b.month = 6 AND b.year = EXTRACT(YEAR FROM CURRENT_DATE)::int AND b.status IN ('UNPAID','LATE') ORDER BY b.deadline ASC LIMIT 100","SQL","","1"
"Hợp đồng active sắp hết hạn trong 20 ngày","SELECT c.id AS contract_id, c.end_date, (c.end_date::date - CURRENT_DATE) AS days_remaining, u.full_name AS tenant_name, r.name AS room_name, p.name AS property_name FROM contracts c JOIN rooms r ON c.room_id = r.id JOIN properties p ON r.property_id = p.id JOIN users u ON c.tenant_id = u.id WHERE p.landlord_id = USER_ID_PLACEHOLDER AND c.status = 'ACTIVE' AND c.end_date BETWEEN CURRENT_DATE AND (CURRENT_DATE + INTERVAL '20 day') ORDER BY c.end_date ASC LIMIT 100","SQL","","1"
"Tìm phòng ở Quận 10 từ 4500000 đến 6500000","SELECT r.id AS room_id, r.name, r.price, r.area, r.type, r.images, p.name AS property_name, p.address, p.district FROM rooms r JOIN properties p ON r.property_id = p.id WHERE r.status = 'AVAILABLE' AND p.status = 'APPROVED' AND p.district LIKE '%10%' AND r.price BETWEEN 4500000 AND 6500000 ORDER BY r.price ASC LIMIT 10","SQL","","1"
"Tìm phòng loại MEZZANINE_ROOM ở Quận 10","SELECT r.id AS room_id, r.name, r.price, r.area, r.type, r.images, p.name AS property_name, p.address, p.district FROM rooms r JOIN properties p ON r.property_id = p.id WHERE r.status = 'AVAILABLE' AND p.status = 'APPROVED' AND p.district LIKE '%10%' AND r.type = 'MEZZANINE_ROOM' ORDER BY r.price ASC LIMIT 10","SQL","","1"
"Tìm phòng máy lạnh tại Quận 10","SELECT r.id AS room_id, r.name, r.price, r.area, r.type, r.images, p.name AS property_name, p.address, p.district FROM rooms r JOIN properties p ON r.property_id = p.id WHERE r.status = 'AVAILABLE' AND p.status = 'APPROVED' AND p.district LIKE '%10%' AND LOWER(COALESCE(r.amenities,'')) LIKE '%máy lạnh%' ORDER BY r.price ASC LIMIT 10","SQL","","1"
"Giao dịch blockchain tháng 6 của tôi","SELECT b.id AS bill_id, b.month, b.year, b.total_amount, b.status, b.payment_tx_hash, r.name AS room_name FROM bills b JOIN contracts c ON b.contract_id = c.id JOIN rooms r ON c.room_id = r.id WHERE c.tenant_id = USER_ID_PLACEHOLDER AND b.month = 6 AND b.payment_tx_hash IS NOT NULL ORDER BY b.year DESC, b.month DESC LIMIT 30","SQL","","1"
"Hóa đơn tháng 7 của tôi","SELECT b.id AS bill_id, b.month, b.year, b.total_amount, b.status, b.deadline, r.name AS room_name FROM bills b JOIN contracts c ON b.contract_id = c.id JOIN rooms r ON c.room_id = r.id WHERE c.tenant_id = USER_ID_PLACEHOLDER AND b.month = 7 AND b.year = EXTRACT(YEAR FROM CURRENT_DATE)::int ORDER BY b.deadline ASC LIMIT 20","SQL","","1"
"Tôi còn nợ hóa đơn tháng 7 không","SELECT b.id AS bill_id, b.month, b.year, b.total_amount, b.status, b.deadline, r.name AS room_name FROM bills b JOIN contracts c ON b.contract_id = c.id JOIN rooms r ON c.room_id = r.id WHERE c.tenant_id = USER_ID_PLACEHOLDER AND b.month = 7 AND b.year = EXTRACT(YEAR FROM CURRENT_DATE)::int AND b.status IN ('UNPAID','LATE') ORDER BY b.deadline ASC LIMIT 20","SQL","","1"
"Lịch sử hóa đơn đã thanh toán tháng 7 của tôi","SELECT b.id AS bill_id, b.month, b.year, b.total_amount, b.status, b.paid_at, r.name AS room_name FROM bills b JOIN contracts c ON b.contract_id = c.id JOIN rooms r ON c.room_id = r.id WHERE c.tenant_id = USER_ID_PLACEHOLDER AND b.month = 7 AND b.year = EXTRACT(YEAR FROM CURRENT_DATE)::int AND b.status = 'PAID' ORDER BY b.paid_at DESC LIMIT 20","SQL","","1"
"Doanh thu đã thu tháng 7 của tôi","SELECT SUM(b.total_amount) AS total_revenue, COUNT(b.id) AS total_paid_bills, b.month, b.year FROM bills b JOIN contracts c ON b.contract_id = c.id JOIN rooms r ON c.room_id = r.id JOIN properties p ON r.property_id = p.id WHERE p.landlord_id = USER_ID_PLACEHOLDER AND b.status = 'PAID' AND b.month = 7 AND b.year = EXTRACT(YEAR FROM CURRENT_DATE)::int GROUP BY b.month, b.year","SQL","","1"
"Danh sách khách nợ tiền tháng 7","SELECT u.full_name AS tenant_name, u.phone_number, r.name AS room_name, p.name AS property_name, b.total_amount, b.status AS bill_status, b.deadline FROM bills b JOIN contracts c ON b.contract_id = c.id JOIN rooms r ON c.room_id = r.id JOIN properties p ON r.property_id = p.id JOIN users u ON c.tenant_id = u.id WHERE p.landlord_id = USER_ID_PLACEHOLDER AND c.status = 'ACTIVE' AND b.month = 7 AND b.year = EXTRACT(YEAR FROM CURRENT_DATE)::int AND b.status IN ('UNPAID','LATE') ORDER BY b.deadline ASC LIMIT 100","SQL","","1"
"Hợp đồng active sắp hết hạn trong 21 ngày","SELECT c.id AS contract_id, c.end_date, (c.end_date::date - CURRENT_DATE) AS days_remaining, u.full_name AS tenant_name, r.name AS room_name, p.name AS property_name FROM contracts c JOIN rooms r ON c.room_id = r.id JOIN properties p ON r.property_id = p.id JOIN users u ON c.tenant_id = u.id WHERE p.landlord_id = USER_ID_PLACEHOLDER AND c.status = 'ACTIVE' AND c.end_date BETWEEN CURRENT_DATE AND (CURRENT_DATE + INTERVAL '21 day') ORDER BY c.end_date ASC LIMIT 100","SQL","","1"
"Tìm phòng ở Quận 12 từ 5000000 đến 7000000","SELECT r.id AS room_id, r.name, r.price, r.area, r.type, r.images, p.name AS property_name, p.address, p.district FROM rooms r JOIN properties p ON r.property_id = p.id WHERE r.status = 'AVAILABLE' AND p.status = 'APPROVED' AND p.district LIKE '%12%' AND r.price BETWEEN 5000000 AND 7000000 ORDER BY r.price ASC LIMIT 10","SQL","","1"
"Tìm phòng loại STUDIO ở Quận 12","SELECT r.id AS room_id, r.name, r.price, r.area, r.type, r.images, p.name AS property_name, p.address, p.district FROM rooms r JOIN properties p ON r.property_id = p.id WHERE r.status = 'AVAILABLE' AND p.status = 'APPROVED' AND p.district LIKE '%12%' AND r.type = 'STUDIO' ORDER BY r.price ASC LIMIT 10","SQL","","1"
"Tìm phòng gác lửng tại Quận 12","SELECT r.id AS room_id, r.name, r.price, r.area, r.type, r.images, p.name AS property_name, p.address, p.district FROM rooms r JOIN properties p ON r.property_id = p.id WHERE r.status = 'AVAILABLE' AND p.status = 'APPROVED' AND p.district LIKE '%12%' AND LOWER(COALESCE(r.amenities,'')) LIKE '%gác lửng%' ORDER BY r.price ASC LIMIT 10","SQL","","1"
"Giao dịch blockchain tháng 7 của tôi","SELECT b.id AS bill_id, b.month, b.year, b.total_amount, b.status, b.payment_tx_hash, r.name AS room_name FROM bills b JOIN contracts c ON b.contract_id = c.id JOIN rooms r ON c.room_id = r.id WHERE c.tenant_id = USER_ID_PLACEHOLDER AND b.month = 7 AND b.payment_tx_hash IS NOT NULL ORDER BY b.year DESC, b.month DESC LIMIT 30","SQL","","1"
"Hóa đơn tháng 8 của tôi","SELECT b.id AS bill_id, b.month, b.year, b.total_amount, b.status, b.deadline, r.name AS room_name FROM bills b JOIN contracts c ON b.contract_id = c.id JOIN rooms r ON c.room_id = r.id WHERE c.tenant_id = USER_ID_PLACEHOLDER AND b.month = 8 AND b.year = EXTRACT(YEAR FROM CURRENT_DATE)::int ORDER BY b.deadline ASC LIMIT 20","SQL","","1"
"Tôi còn nợ hóa đơn tháng 8 không","SELECT b.id AS bill_id, b.month, b.year, b.total_amount, b.status, b.deadline, r.name AS room_name FROM bills b JOIN contracts c ON b.contract_id = c.id JOIN rooms r ON c.room_id = r.id WHERE c.tenant_id = USER_ID_PLACEHOLDER AND b.month = 8 AND b.year = EXTRACT(YEAR FROM CURRENT_DATE)::int AND b.status IN ('UNPAID','LATE') ORDER BY b.deadline ASC LIMIT 20","SQL","","1"
"Lịch sử hóa đơn đã thanh toán tháng 8 của tôi","SELECT b.id AS bill_id, b.month, b.year, b.total_amount, b.status, b.paid_at, r.name AS room_name FROM bills b JOIN contracts c ON b.contract_id = c.id JOIN rooms r ON c.room_id = r.id WHERE c.tenant_id = USER_ID_PLACEHOLDER AND b.month = 8 AND b.year = EXTRACT(YEAR FROM CURRENT_DATE)::int AND b.status = 'PAID' ORDER BY b.paid_at DESC LIMIT 20","SQL","","1"
"Doanh thu đã thu tháng 8 của tôi","SELECT SUM(b.total_amount) AS total_revenue, COUNT(b.id) AS total_paid_bills, b.month, b.year FROM bills b JOIN contracts c ON b.contract_id = c.id JOIN rooms r ON c.room_id = r.id JOIN properties p ON r.property_id = p.id WHERE p.landlord_id = USER_ID_PLACEHOLDER AND b.status = 'PAID' AND b.month = 8 AND b.year = EXTRACT(YEAR FROM CURRENT_DATE)::int GROUP BY b.month, b.year","SQL","","1"
"Danh sách khách nợ tiền tháng 8","SELECT u.full_name AS tenant_name, u.phone_number, r.name AS room_name, p.name AS property_name, b.total_amount, b.status AS bill_status, b.deadline FROM bills b JOIN contracts c ON b.contract_id = c.id JOIN rooms r ON c.room_id = r.id JOIN properties p ON r.property_id = p.id JOIN users u ON c.tenant_id = u.id WHERE p.landlord_id = USER_ID_PLACEHOLDER AND c.status = 'ACTIVE' AND b.month = 8 AND b.year = EXTRACT(YEAR FROM CURRENT_DATE)::int AND b.status IN ('UNPAID','LATE') ORDER BY b.deadline ASC LIMIT 100","SQL","","1"
"Hợp đồng active sắp hết hạn trong 22 ngày","SELECT c.id AS contract_id, c.end_date, (c.end_date::date - CURRENT_DATE) AS days_remaining, u.full_name AS tenant_name, r.name AS room_name, p.name AS property_name FROM contracts c JOIN rooms r ON c.room_id = r.id JOIN properties p ON r.property_id = p.id JOIN users u ON c.tenant_id = u.id WHERE p.landlord_id = USER_ID_PLACEHOLDER AND c.status = 'ACTIVE' AND c.end_date BETWEEN CURRENT_DATE AND (CURRENT_DATE + INTERVAL '22 day') ORDER BY c.end_date ASC LIMIT 100","SQL","","1"
"Tìm phòng ở Gò Vấp từ 2000000 đến 4000000","SELECT r.id AS room_id, r.name, r.price, r.area, r.type, r.images, p.name AS property_name, p.address, p.district FROM rooms r JOIN properties p ON r.property_id = p.id WHERE r.status = 'AVAILABLE' AND p.status = 'APPROVED' AND p.district LIKE '%Gò%Vấp%' AND r.price BETWEEN 2000000 AND 4000000 ORDER BY r.price ASC LIMIT 10","SQL","","1"
"Tìm phòng loại ONE_BEDROOM ở Gò Vấp","SELECT r.id AS room_id, r.name, r.price, r.area, r.type, r.images, p.name AS property_name, p.address, p.district FROM rooms r JOIN properties p ON r.property_id = p.id WHERE r.status = 'AVAILABLE' AND p.status = 'APPROVED' AND p.district LIKE '%Gò%Vấp%' AND r.type = 'ONE_BEDROOM' ORDER BY r.price ASC LIMIT 10","SQL","","1"
"Tìm phòng ban công tại Gò Vấp","SELECT r.id AS room_id, r.name, r.price, r.area, r.type, r.images, p.name AS property_name, p.address, p.district FROM rooms r JOIN properties p ON r.property_id = p.id WHERE r.status = 'AVAILABLE' AND p.status = 'APPROVED' AND p.district LIKE '%Gò%Vấp%' AND LOWER(COALESCE(r.amenities,'')) LIKE '%ban công%' ORDER BY r.price ASC LIMIT 10","SQL","","1"
"Giao dịch blockchain tháng 8 của tôi","SELECT b.id AS bill_id, b.month, b.year, b.total_amount, b.status, b.payment_tx_hash, r.name AS room_name FROM bills b JOIN contracts c ON b.contract_id = c.id JOIN rooms r ON c.room_id = r.id WHERE c.tenant_id = USER_ID_PLACEHOLDER AND b.month = 8 AND b.payment_tx_hash IS NOT NULL ORDER BY b.year DESC, b.month DESC LIMIT 30","SQL","","1"
"Hóa đơn tháng 9 của tôi","SELECT b.id AS bill_id, b.month, b.year, b.total_amount, b.status, b.deadline, r.name AS room_name FROM bills b JOIN contracts c ON b.contract_id = c.id JOIN rooms r ON c.room_id = r.id WHERE c.tenant_id = USER_ID_PLACEHOLDER AND b.month = 9 AND b.year = EXTRACT(YEAR FROM CURRENT_DATE)::int ORDER BY b.deadline ASC LIMIT 20","SQL","","1"
"Tôi còn nợ hóa đơn tháng 9 không","SELECT b.id AS bill_id, b.month, b.year, b.total_amount, b.status, b.deadline, r.name AS room_name FROM bills b JOIN contracts c ON b.contract_id = c.id JOIN rooms r ON c.room_id = r.id WHERE c.tenant_id = USER_ID_PLACEHOLDER AND b.month = 9 AND b.year = EXTRACT(YEAR FROM CURRENT_DATE)::int AND b.status IN ('UNPAID','LATE') ORDER BY b.deadline ASC LIMIT 20","SQL","","1"
"Lịch sử hóa đơn đã thanh toán tháng 9 của tôi","SELECT b.id AS bill_id, b.month, b.year, b.total_amount, b.status, b.paid_at, r.name AS room_name FROM bills b JOIN contracts c ON b.contract_id = c.id JOIN rooms r ON c.room_id = r.id WHERE c.tenant_id = USER_ID_PLACEHOLDER AND b.month = 9 AND b.year = EXTRACT(YEAR FROM CURRENT_DATE)::int AND b.status = 'PAID' ORDER BY b.paid_at DESC LIMIT 20","SQL","","1"
"Doanh thu đã thu tháng 9 của tôi","SELECT SUM(b.total_amount) AS total_revenue, COUNT(b.id) AS total_paid_bills, b.month, b.year FROM bills b JOIN contracts c ON b.contract_id = c.id JOIN rooms r ON c.room_id = r.id JOIN properties p ON r.property_id = p.id WHERE p.landlord_id = USER_ID_PLACEHOLDER AND b.status = 'PAID' AND b.month = 9 AND b.year = EXTRACT(YEAR FROM CURRENT_DATE)::int GROUP BY b.month, b.year","SQL","","1"
"Danh sách khách nợ tiền tháng 9","SELECT u.full_name AS tenant_name, u.phone_number, r.name AS room_name, p.name AS property_name, b.total_amount, b.status AS bill_status, b.deadline FROM bills b JOIN contracts c ON b.contract_id = c.id JOIN rooms r ON c.room_id = r.id JOIN properties p ON r.property_id = p.id JOIN users u ON c.tenant_id = u.id WHERE p.landlord_id = USER_ID_PLACEHOLDER AND c.status = 'ACTIVE' AND b.month = 9 AND b.year = EXTRACT(YEAR FROM CURRENT_DATE)::int AND b.status IN ('UNPAID','LATE') ORDER BY b.deadline ASC LIMIT 100","SQL","","1"
"Hợp đồng active sắp hết hạn trong 23 ngày","SELECT c.id AS contract_id, c.end_date, (c.end_date::date - CURRENT_DATE) AS days_remaining, u.full_name AS tenant_name, r.name AS room_name, p.name AS property_name FROM contracts c JOIN rooms r ON c.room_id = r.id JOIN properties p ON r.property_id = p.id JOIN users u ON c.tenant_id = u.id WHERE p.landlord_id = USER_ID_PLACEHOLDER AND c.status = 'ACTIVE' AND c.end_date BETWEEN CURRENT_DATE AND (CURRENT_DATE + INTERVAL '23 day') ORDER BY c.end_date ASC LIMIT 100","SQL","","1"
"Tìm phòng ở Bình Thạnh từ 2500000 đến 4500000","SELECT r.id AS room_id, r.name, r.price, r.area, r.type, r.images, p.name AS property_name, p.address, p.district FROM rooms r JOIN properties p ON r.property_id = p.id WHERE r.status = 'AVAILABLE' AND p.status = 'APPROVED' AND p.district LIKE '%Bình%Thạnh%' AND r.price BETWEEN 2500000 AND 4500000 ORDER BY r.price ASC LIMIT 10","SQL","","1"
"Tìm phòng loại TWO_BEDROOM ở Bình Thạnh","SELECT r.id AS room_id, r.name, r.price, r.area, r.type, r.images, p.name AS property_name, p.address, p.district FROM rooms r JOIN properties p ON r.property_id = p.id WHERE r.status = 'AVAILABLE' AND p.status = 'APPROVED' AND p.district LIKE '%Bình%Thạnh%' AND r.type = 'TWO_BEDROOM' ORDER BY r.price ASC LIMIT 10","SQL","","1"
"Tìm phòng nội thất tại Bình Thạnh","SELECT r.id AS room_id, r.name, r.price, r.area, r.type, r.images, p.name AS property_name, p.address, p.district FROM rooms r JOIN properties p ON r.property_id = p.id WHERE r.status = 'AVAILABLE' AND p.status = 'APPROVED' AND p.district LIKE '%Bình%Thạnh%' AND LOWER(COALESCE(r.amenities,'')) LIKE '%nội thất%' ORDER BY r.price ASC LIMIT 10","SQL","","1"
"Giao dịch blockchain tháng 9 của tôi","SELECT b.id AS bill_id, b.month, b.year, b.total_amount, b.status, b.payment_tx_hash, r.name AS room_name FROM bills b JOIN contracts c ON b.contract_id = c.id JOIN rooms r ON c.room_id = r.id WHERE c.tenant_id = USER_ID_PLACEHOLDER AND b.month = 9 AND b.payment_tx_hash IS NOT NULL ORDER BY b.year DESC, b.month DESC LIMIT 30","SQL","","1"
"Hóa đơn tháng 10 của tôi","SELECT b.id AS bill_id, b.month, b.year, b.total_amount, b.status, b.deadline, r.name AS room_name FROM bills b JOIN contracts c ON b.contract_id = c.id JOIN rooms r ON c.room_id = r.id WHERE c.tenant_id = USER_ID_PLACEHOLDER AND b.month = 10 AND b.year = EXTRACT(YEAR FROM CURRENT_DATE)::int ORDER BY b.deadline ASC LIMIT 20","SQL","","1"
"Tôi còn nợ hóa đơn tháng 10 không","SELECT b.id AS bill_id, b.month, b.year, b.total_amount, b.status, b.deadline, r.name AS room_name FROM bills b JOIN contracts c ON b.contract_id = c.id JOIN rooms r ON c.room_id = r.id WHERE c.tenant_id = USER_ID_PLACEHOLDER AND b.month = 10 AND b.year = EXTRACT(YEAR FROM CURRENT_DATE)::int AND b.status IN ('UNPAID','LATE') ORDER BY b.deadline ASC LIMIT 20","SQL","","1"
"Lịch sử hóa đơn đã thanh toán tháng 10 của tôi","SELECT b.id AS bill_id, b.month, b.year, b.total_amount, b.status, b.paid_at, r.name AS room_name FROM bills b JOIN contracts c ON b.contract_id = c.id JOIN rooms r ON c.room_id = r.id WHERE c.tenant_id = USER_ID_PLACEHOLDER AND b.month = 10 AND b.year = EXTRACT(YEAR FROM CURRENT_DATE)::int AND b.status = 'PAID' ORDER BY b.paid_at DESC LIMIT 20","SQL","","1"
"Doanh thu đã thu tháng 10 của tôi","SELECT SUM(b.total_amount) AS total_revenue, COUNT(b.id) AS total_paid_bills, b.month, b.year FROM bills b JOIN contracts c ON b.contract_id = c.id JOIN rooms r ON c.room_id = r.id JOIN properties p ON r.property_id = p.id WHERE p.landlord_id = USER_ID_PLACEHOLDER AND b.status = 'PAID' AND b.month = 10 AND b.year = EXTRACT(YEAR FROM CURRENT_DATE)::int GROUP BY b.month, b.year","SQL","","1"
"Danh sách khách nợ tiền tháng 10","SELECT u.full_name AS tenant_name, u.phone_number, r.name AS room_name, p.name AS property_name, b.total_amount, b.status AS bill_status, b.deadline FROM bills b JOIN contracts c ON b.contract_id = c.id JOIN rooms r ON c.room_id = r.id JOIN properties p ON r.property_id = p.id JOIN users u ON c.tenant_id = u.id WHERE p.landlord_id = USER_ID_PLACEHOLDER AND c.status = 'ACTIVE' AND b.month = 10 AND b.year = EXTRACT(YEAR FROM CURRENT_DATE)::int AND b.status IN ('UNPAID','LATE') ORDER BY b.deadline ASC LIMIT 100","SQL","","1"
"Hợp đồng active sắp hết hạn trong 24 ngày","SELECT c.id AS contract_id, c.end_date, (c.end_date::date - CURRENT_DATE) AS days_remaining, u.full_name AS tenant_name, r.name AS room_name, p.name AS property_name FROM contracts c JOIN rooms r ON c.room_id = r.id JOIN properties p ON r.property_id = p.id JOIN users u ON c.tenant_id = u.id WHERE p.landlord_id = USER_ID_PLACEHOLDER AND c.status = 'ACTIVE' AND c.end_date BETWEEN CURRENT_DATE AND (CURRENT_DATE + INTERVAL '24 day') ORDER BY c.end_date ASC LIMIT 100","SQL","","1"
"Tìm phòng ở Tân Bình từ 3000000 đến 5000000","SELECT r.id AS room_id, r.name, r.price, r.area, r.type, r.images, p.name AS property_name, p.address, p.district FROM rooms r JOIN properties p ON r.property_id = p.id WHERE r.status = 'AVAILABLE' AND p.status = 'APPROVED' AND p.district LIKE '%Tân%Bình%' AND r.price BETWEEN 3000000 AND 5000000 ORDER BY r.price ASC LIMIT 10","SQL","","1"
"Tìm phòng loại SINGLE_ROOM ở Tân Bình","SELECT r.id AS room_id, r.name, r.price, r.area, r.type, r.images, p.name AS property_name, p.address, p.district FROM rooms r JOIN properties p ON r.property_id = p.id WHERE r.status = 'AVAILABLE' AND p.status = 'APPROVED' AND p.district LIKE '%Tân%Bình%' AND r.type = 'SINGLE_ROOM' ORDER BY r.price ASC LIMIT 10","SQL","","1"
"Tìm phòng wifi tại Tân Bình","SELECT r.id AS room_id, r.name, r.price, r.area, r.type, r.images, p.name AS property_name, p.address, p.district FROM rooms r JOIN properties p ON r.property_id = p.id WHERE r.status = 'AVAILABLE' AND p.status = 'APPROVED' AND p.district LIKE '%Tân%Bình%' AND LOWER(COALESCE(r.amenities,'')) LIKE '%wifi%' ORDER BY r.price ASC LIMIT 10","SQL","","1"
"Giao dịch blockchain tháng 10 của tôi","SELECT b.id AS bill_id, b.month, b.year, b.total_amount, b.status, b.payment_tx_hash, r.name AS room_name FROM bills b JOIN contracts c ON b.contract_id = c.id JOIN rooms r ON c.room_id = r.id WHERE c.tenant_id = USER_ID_PLACEHOLDER AND b.month = 10 AND b.payment_tx_hash IS NOT NULL ORDER BY b.year DESC, b.month DESC LIMIT 30","SQL","","1"
"Hóa đơn tháng 11 của tôi","SELECT b.id AS bill_id, b.month, b.year, b.total_amount, b.status, b.deadline, r.name AS room_name FROM bills b JOIN contracts c ON b.contract_id = c.id JOIN rooms r ON c.room_id = r.id WHERE c.tenant_id = USER_ID_PLACEHOLDER AND b.month = 11 AND b.year = EXTRACT(YEAR FROM CURRENT_DATE)::int ORDER BY b.deadline ASC LIMIT 20","SQL","","1"
"Tôi còn nợ hóa đơn tháng 11 không","SELECT b.id AS bill_id, b.month, b.year, b.total_amount, b.status, b.deadline, r.name AS room_name FROM bills b JOIN contracts c ON b.contract_id = c.id JOIN rooms r ON c.room_id = r.id WHERE c.tenant_id = USER_ID_PLACEHOLDER AND b.month = 11 AND b.year = EXTRACT(YEAR FROM CURRENT_DATE)::int AND b.status IN ('UNPAID','LATE') ORDER BY b.deadline ASC LIMIT 20","SQL","","1"
"Lịch sử hóa đơn đã thanh toán tháng 11 của tôi","SELECT b.id AS bill_id, b.month, b.year, b.total_amount, b.status, b.paid_at, r.name AS room_name FROM bills b JOIN contracts c ON b.contract_id = c.id JOIN rooms r ON c.room_id = r.id WHERE c.tenant_id = USER_ID_PLACEHOLDER AND b.month = 11 AND b.year = EXTRACT(YEAR FROM CURRENT_DATE)::int AND b.status = 'PAID' ORDER BY b.paid_at DESC LIMIT 20","SQL","","1"
"Doanh thu đã thu tháng 11 của tôi","SELECT SUM(b.total_amount) AS total_revenue, COUNT(b.id) AS total_paid_bills, b.month, b.year FROM bills b JOIN contracts c ON b.contract_id = c.id JOIN rooms r ON c.room_id = r.id JOIN properties p ON r.property_id = p.id WHERE p.landlord_id = USER_ID_PLACEHOLDER AND b.status = 'PAID' AND b.month = 11 AND b.year = EXTRACT(YEAR FROM CURRENT_DATE)::int GROUP BY b.month, b.year","SQL","","1"
"Danh sách khách nợ tiền tháng 11","SELECT u.full_name AS tenant_name, u.phone_number, r.name AS room_name, p.name AS property_name, b.total_amount, b.status AS bill_status, b.deadline FROM bills b JOIN contracts c ON b.contract_id = c.id JOIN rooms r ON c.room_id = r.id JOIN properties p ON r.property_id = p.id JOIN users u ON c.tenant_id = u.id WHERE p.landlord_id = USER_ID_PLACEHOLDER AND c.status = 'ACTIVE' AND b.month = 11 AND b.year = EXTRACT(YEAR FROM CURRENT_DATE)::int AND b.status IN ('UNPAID','LATE') ORDER BY b.deadline ASC LIMIT 100","SQL","","1"
"Hợp đồng active sắp hết hạn trong 25 ngày","SELECT c.id AS contract_id, c.end_date, (c.end_date::date - CURRENT_DATE) AS days_remaining, u.full_name AS tenant_name, r.name AS room_name, p.name AS property_name FROM contracts c JOIN rooms r ON c.room_id = r.id JOIN properties p ON r.property_id = p.id JOIN users u ON c.tenant_id = u.id WHERE p.landlord_id = USER_ID_PLACEHOLDER AND c.status = 'ACTIVE' AND c.end_date BETWEEN CURRENT_DATE AND (CURRENT_DATE + INTERVAL '25 day') ORDER BY c.end_date ASC LIMIT 100","SQL","","1"
"Tìm phòng ở Thủ Đức từ 3500000 đến 5500000","SELECT r.id AS room_id, r.name, r.price, r.area, r.type, r.images, p.name AS property_name, p.address, p.district FROM rooms r JOIN properties p ON r.property_id = p.id WHERE r.status = 'AVAILABLE' AND p.status = 'APPROVED' AND p.district LIKE '%Thủ%Đức%' AND r.price BETWEEN 3500000 AND 5500000 ORDER BY r.price ASC LIMIT 10","SQL","","1"
"Tìm phòng loại SHARED_ROOM ở Thủ Đức","SELECT r.id AS room_id, r.name, r.price, r.area, r.type, r.images, p.name AS property_name, p.address, p.district FROM rooms r JOIN properties p ON r.property_id = p.id WHERE r.status = 'AVAILABLE' AND p.status = 'APPROVED' AND p.district LIKE '%Thủ%Đức%' AND r.type = 'SHARED_ROOM' ORDER BY r.price ASC LIMIT 10","SQL","","1"
"Tìm phòng máy lạnh tại Thủ Đức","SELECT r.id AS room_id, r.name, r.price, r.area, r.type, r.images, p.name AS property_name, p.address, p.district FROM rooms r JOIN properties p ON r.property_id = p.id WHERE r.status = 'AVAILABLE' AND p.status = 'APPROVED' AND p.district LIKE '%Thủ%Đức%' AND LOWER(COALESCE(r.amenities,'')) LIKE '%máy lạnh%' ORDER BY r.price ASC LIMIT 10","SQL","","1"
"Giao dịch blockchain tháng 11 của tôi","SELECT b.id AS bill_id, b.month, b.year, b.total_amount, b.status, b.payment_tx_hash, r.name AS room_name FROM bills b JOIN contracts c ON b.contract_id = c.id JOIN rooms r ON c.room_id = r.id WHERE c.tenant_id = USER_ID_PLACEHOLDER AND b.month = 11 AND b.payment_tx_hash IS NOT NULL ORDER BY b.year DESC, b.month DESC LIMIT 30","SQL","","1"
"Hóa đơn tháng 12 của tôi","SELECT b.id AS bill_id, b.month, b.year, b.total_amount, b.status, b.deadline, r.name AS room_name FROM bills b JOIN contracts c ON b.contract_id = c.id JOIN rooms r ON c.room_id = r.id WHERE c.tenant_id = USER_ID_PLACEHOLDER AND b.month = 12 AND b.year = EXTRACT(YEAR FROM CURRENT_DATE)::int ORDER BY b.deadline ASC LIMIT 20","SQL","","1"
"Tôi còn nợ hóa đơn tháng 12 không","SELECT b.id AS bill_id, b.month, b.year, b.total_amount, b.status, b.deadline, r.name AS room_name FROM bills b JOIN contracts c ON b.contract_id = c.id JOIN rooms r ON c.room_id = r.id WHERE c.tenant_id = USER_ID_PLACEHOLDER AND b.month = 12 AND b.year = EXTRACT(YEAR FROM CURRENT_DATE)::int AND b.status IN ('UNPAID','LATE') ORDER BY b.deadline ASC LIMIT 20","SQL","","1"
"Lịch sử hóa đơn đã thanh toán tháng 12 của tôi","SELECT b.id AS bill_id, b.month, b.year, b.total_amount, b.status, b.paid_at, r.name AS room_name FROM bills b JOIN contracts c ON b.contract_id = c.id JOIN rooms r ON c.room_id = r.id WHERE c.tenant_id = USER_ID_PLACEHOLDER AND b.month = 12 AND b.year = EXTRACT(YEAR FROM CURRENT_DATE)::int AND b.status = 'PAID' ORDER BY b.paid_at DESC LIMIT 20","SQL","","1"
"Doanh thu đã thu tháng 12 của tôi","SELECT SUM(b.total_amount) AS total_revenue, COUNT(b.id) AS total_paid_bills, b.month, b.year FROM bills b JOIN contracts c ON b.contract_id = c.id JOIN rooms r ON c.room_id = r.id JOIN properties p ON r.property_id = p.id WHERE p.landlord_id = USER_ID_PLACEHOLDER AND b.status = 'PAID' AND b.month = 12 AND b.year = EXTRACT(YEAR FROM CURRENT_DATE)::int GROUP BY b.month, b.year","SQL","","1"
"Danh sách khách nợ tiền tháng 12","SELECT u.full_name AS tenant_name, u.phone_number, r.name AS room_name, p.name AS property_name, b.total_amount, b.status AS bill_status, b.deadline FROM bills b JOIN contracts c ON b.contract_id = c.id JOIN rooms r ON c.room_id = r.id JOIN properties p ON r.property_id = p.id JOIN users u ON c.tenant_id = u.id WHERE p.landlord_id = USER_ID_PLACEHOLDER AND c.status = 'ACTIVE' AND b.month = 12 AND b.year = EXTRACT(YEAR FROM CURRENT_DATE)::int AND b.status IN ('UNPAID','LATE') ORDER BY b.deadline ASC LIMIT 100","SQL","","1"
"Hợp đồng active sắp hết hạn trong 26 ngày","SELECT c.id AS contract_id, c.end_date, (c.end_date::date - CURRENT_DATE) AS days_remaining, u.full_name AS tenant_name, r.name AS room_name, p.name AS property_name FROM contracts c JOIN rooms r ON c.room_id = r.id JOIN properties p ON r.property_id = p.id JOIN users u ON c.tenant_id = u.id WHERE p.landlord_id = USER_ID_PLACEHOLDER AND c.status = 'ACTIVE' AND c.end_date BETWEEN CURRENT_DATE AND (CURRENT_DATE + INTERVAL '26 day') ORDER BY c.end_date ASC LIMIT 100","SQL","","1"
"Tìm phòng ở Phú Nhuận từ 4000000 đến 6000000","SELECT r.id AS room_id, r.name, r.price, r.area, r.type, r.images, p.name AS property_name, p.address, p.district FROM rooms r JOIN properties p ON r.property_id = p.id WHERE r.status = 'AVAILABLE' AND p.status = 'APPROVED' AND p.district LIKE '%Phú%Nhuận%' AND r.price BETWEEN 4000000 AND 6000000 ORDER BY r.price ASC LIMIT 10","SQL","","1"
"Tìm phòng loại MEZZANINE_ROOM ở Phú Nhuận","SELECT r.id AS room_id, r.name, r.price, r.area, r.type, r.images, p.name AS property_name, p.address, p.district FROM rooms r JOIN properties p ON r.property_id = p.id WHERE r.status = 'AVAILABLE' AND p.status = 'APPROVED' AND p.district LIKE '%Phú%Nhuận%' AND r.type = 'MEZZANINE_ROOM' ORDER BY r.price ASC LIMIT 10","SQL","","1"
"Tìm phòng gác lửng tại Phú Nhuận","SELECT r.id AS room_id, r.name, r.price, r.area, r.type, r.images, p.name AS property_name, p.address, p.district FROM rooms r JOIN properties p ON r.property_id = p.id WHERE r.status = 'AVAILABLE' AND p.status = 'APPROVED' AND p.district LIKE '%Phú%Nhuận%' AND LOWER(COALESCE(r.amenities,'')) LIKE '%gác lửng%' ORDER BY r.price ASC LIMIT 10","SQL","","1"
"Giao dịch blockchain tháng 12 của tôi","SELECT b.id AS bill_id, b.month, b.year, b.total_amount, b.status, b.payment_tx_hash, r.name AS room_name FROM bills b JOIN contracts c ON b.contract_id = c.id JOIN rooms r ON c.room_id = r.id WHERE c.tenant_id = USER_ID_PLACEHOLDER AND b.month = 12 AND b.payment_tx_hash IS NOT NULL ORDER BY b.year DESC, b.month DESC LIMIT 30","SQL","","1"
"Hóa đơn tháng 1 của tôi (v1)","SELECT b.id AS bill_id, b.month, b.year, b.total_amount, b.status, b.deadline, r.name AS room_name FROM bills b JOIN contracts c ON b.contract_id = c.id JOIN rooms r ON c.room_id = r.id WHERE c.tenant_id = USER_ID_PLACEHOLDER AND b.month = 1 AND b.year = EXTRACT(YEAR FROM CURRENT_DATE)::int ORDER BY b.deadline ASC LIMIT 20","SQL","","1"
"Tôi còn nợ hóa đơn tháng 1 không (v1)","SELECT b.id AS bill_id, b.month, b.year, b.total_amount, b.status, b.deadline, r.name AS room_name FROM bills b JOIN contracts c ON b.contract_id = c.id JOIN rooms r ON c.room_id = r.id WHERE c.tenant_id = USER_ID_PLACEHOLDER AND b.month = 1 AND b.year = EXTRACT(YEAR FROM CURRENT_DATE)::int AND b.status IN ('UNPAID','LATE') ORDER BY b.deadline ASC LIMIT 20","SQL","","1"
"Lịch sử hóa đơn đã thanh toán tháng 1 của tôi (v1)","SELECT b.id AS bill_id, b.month, b.year, b.total_amount, b.status, b.paid_at, r.name AS room_name FROM bills b JOIN contracts c ON b.contract_id = c.id JOIN rooms r ON c.room_id = r.id WHERE c.tenant_id = USER_ID_PLACEHOLDER AND b.month = 1 AND b.year = EXTRACT(YEAR FROM CURRENT_DATE)::int AND b.status = 'PAID' ORDER BY b.paid_at DESC LIMIT 20","SQL","","1"
"Doanh thu đã thu tháng 1 của tôi (v1)","SELECT SUM(b.total_amount) AS total_revenue, COUNT(b.id) AS total_paid_bills, b.month, b.year FROM bills b JOIN contracts c ON b.contract_id = c.id JOIN rooms r ON c.room_id = r.id JOIN properties p ON r.property_id = p.id WHERE p.landlord_id = USER_ID_PLACEHOLDER AND b.status = 'PAID' AND b.month = 1 AND b.year = EXTRACT(YEAR FROM CURRENT_DATE)::int GROUP BY b.month, b.year","SQL","","1"
"Danh sách khách nợ tiền tháng 1 (v1)","SELECT u.full_name AS tenant_name, u.phone_number, r.name AS room_name, p.name AS property_name, b.total_amount, b.status AS bill_status, b.deadline FROM bills b JOIN contracts c ON b.contract_id = c.id JOIN rooms r ON c.room_id = r.id JOIN properties p ON r.property_id = p.id JOIN users u ON c.tenant_id = u.id WHERE p.landlord_id = USER_ID_PLACEHOLDER AND c.status = 'ACTIVE' AND b.month = 1 AND b.year = EXTRACT(YEAR FROM CURRENT_DATE)::int AND b.status IN ('UNPAID','LATE') ORDER BY b.deadline ASC LIMIT 100","SQL","","1"
"Hợp đồng active sắp hết hạn trong 27 ngày","SELECT c.id AS contract_id, c.end_date, (c.end_date::date - CURRENT_DATE) AS days_remaining, u.full_name AS tenant_name, r.name AS room_name, p.name AS property_name FROM contracts c JOIN rooms r ON c.room_id = r.id JOIN properties p ON r.property_id = p.id JOIN users u ON c.tenant_id = u.id WHERE p.landlord_id = USER_ID_PLACEHOLDER AND c.status = 'ACTIVE' AND c.end_date BETWEEN CURRENT_DATE AND (CURRENT_DATE + INTERVAL '27 day') ORDER BY c.end_date ASC LIMIT 100","SQL","","1"
"Tìm phòng ở Bình Tân từ 4500000 đến 6500000","SELECT r.id AS room_id, r.name, r.price, r.area, r.type, r.images, p.name AS property_name, p.address, p.district FROM rooms r JOIN properties p ON r.property_id = p.id WHERE r.status = 'AVAILABLE' AND p.status = 'APPROVED' AND p.district LIKE '%Bình%Tân%' AND r.price BETWEEN 4500000 AND 6500000 ORDER BY r.price ASC LIMIT 10","SQL","","1"
"Tìm phòng loại STUDIO ở Bình Tân","SELECT r.id AS room_id, r.name, r.price, r.area, r.type, r.images, p.name AS property_name, p.address, p.district FROM rooms r JOIN properties p ON r.property_id = p.id WHERE r.status = 'AVAILABLE' AND p.status = 'APPROVED' AND p.district LIKE '%Bình%Tân%' AND r.type = 'STUDIO' ORDER BY r.price ASC LIMIT 10","SQL","","1"
"Tìm phòng ban công tại Bình Tân","SELECT r.id AS room_id, r.name, r.price, r.area, r.type, r.images, p.name AS property_name, p.address, p.district FROM rooms r JOIN properties p ON r.property_id = p.id WHERE r.status = 'AVAILABLE' AND p.status = 'APPROVED' AND p.district LIKE '%Bình%Tân%' AND LOWER(COALESCE(r.amenities,'')) LIKE '%ban công%' ORDER BY r.price ASC LIMIT 10","SQL","","1"
"Giao dịch blockchain tháng 1 của tôi (v1)","SELECT b.id AS bill_id, b.month, b.year, b.total_amount, b.status, b.payment_tx_hash, r.name AS room_name FROM bills b JOIN contracts c ON b.contract_id = c.id JOIN rooms r ON c.room_id = r.id WHERE c.tenant_id = USER_ID_PLACEHOLDER AND b.month = 1 AND b.payment_tx_hash IS NOT NULL ORDER BY b.year DESC, b.month DESC LIMIT 30","SQL","","1"
"Hóa đơn tháng 2 của tôi (v1)","SELECT b.id AS bill_id, b.month, b.year, b.total_amount, b.status, b.deadline, r.name AS room_name FROM bills b JOIN contracts c ON b.contract_id = c.id JOIN rooms r ON c.room_id = r.id WHERE c.tenant_id = USER_ID_PLACEHOLDER AND b.month = 2 AND b.year = EXTRACT(YEAR FROM CURRENT_DATE)::int ORDER BY b.deadline ASC LIMIT 20","SQL","","1"
"Tôi còn nợ hóa đơn tháng 2 không (v1)","SELECT b.id AS bill_id, b.month, b.year, b.total_amount, b.status, b.deadline, r.name AS room_name FROM bills b JOIN contracts c ON b.contract_id = c.id JOIN rooms r ON c.room_id = r.id WHERE c.tenant_id = USER_ID_PLACEHOLDER AND b.month = 2 AND b.year = EXTRACT(YEAR FROM CURRENT_DATE)::int AND b.status IN ('UNPAID','LATE') ORDER BY b.deadline ASC LIMIT 20","SQL","","1"
"Lịch sử hóa đơn đã thanh toán tháng 2 của tôi (v1)","SELECT b.id AS bill_id, b.month, b.year, b.total_amount, b.status, b.paid_at, r.name AS room_name FROM bills b JOIN contracts c ON b.contract_id = c.id JOIN rooms r ON c.room_id = r.id WHERE c.tenant_id = USER_ID_PLACEHOLDER AND b.month = 2 AND b.year = EXTRACT(YEAR FROM CURRENT_DATE)::int AND b.status = 'PAID' ORDER BY b.paid_at DESC LIMIT 20","SQL","","1"
"Doanh thu đã thu tháng 2 của tôi (v1)","SELECT SUM(b.total_amount) AS total_revenue, COUNT(b.id) AS total_paid_bills, b.month, b.year FROM bills b JOIN contracts c ON b.contract_id = c.id JOIN rooms r ON c.room_id = r.id JOIN properties p ON r.property_id = p.id WHERE p.landlord_id = USER_ID_PLACEHOLDER AND b.status = 'PAID' AND b.month = 2 AND b.year = EXTRACT(YEAR FROM CURRENT_DATE)::int GROUP BY b.month, b.year","SQL","","1"
"Danh sách khách nợ tiền tháng 2 (v1)","SELECT u.full_name AS tenant_name, u.phone_number, r.name AS room_name, p.name AS property_name, b.total_amount, b.status AS bill_status, b.deadline FROM bills b JOIN contracts c ON b.contract_id = c.id JOIN rooms r ON c.room_id = r.id JOIN properties p ON r.property_id = p.id JOIN users u ON c.tenant_id = u.id WHERE p.landlord_id = USER_ID_PLACEHOLDER AND c.status = 'ACTIVE' AND b.month = 2 AND b.year = EXTRACT(YEAR FROM CURRENT_DATE)::int AND b.status IN ('UNPAID','LATE') ORDER BY b.deadline ASC LIMIT 100","SQL","","1"
"Hợp đồng active sắp hết hạn trong 28 ngày","SELECT c.id AS contract_id, c.end_date, (c.end_date::date - CURRENT_DATE) AS days_remaining, u.full_name AS tenant_name, r.name AS room_name, p.name AS property_name FROM contracts c JOIN rooms r ON c.room_id = r.id JOIN properties p ON r.property_id = p.id JOIN users u ON c.tenant_id = u.id WHERE p.landlord_id = USER_ID_PLACEHOLDER AND c.status = 'ACTIVE' AND c.end_date BETWEEN CURRENT_DATE AND (CURRENT_DATE + INTERVAL '28 day') ORDER BY c.end_date ASC LIMIT 100","SQL","","1"
"Tìm phòng ở Bình Chánh từ 5000000 đến 7000000","SELECT r.id AS room_id, r.name, r.price, r.area, r.type, r.images, p.name AS property_name, p.address, p.district FROM rooms r JOIN properties p ON r.property_id = p.id WHERE r.status = 'AVAILABLE' AND p.status = 'APPROVED' AND p.district LIKE '%Bình%Chánh%' AND r.price BETWEEN 5000000 AND 7000000 ORDER BY r.price ASC LIMIT 10","SQL","","1"
"Tìm phòng loại ONE_BEDROOM ở Bình Chánh","SELECT r.id AS room_id, r.name, r.price, r.area, r.type, r.images, p.name AS property_name, p.address, p.district FROM rooms r JOIN properties p ON r.property_id = p.id WHERE r.status = 'AVAILABLE' AND p.status = 'APPROVED' AND p.district LIKE '%Bình%Chánh%' AND r.type = 'ONE_BEDROOM' ORDER BY r.price ASC LIMIT 10","SQL","","1"
"Tìm phòng nội thất tại Bình Chánh","SELECT r.id AS room_id, r.name, r.price, r.area, r.type, r.images, p.name AS property_name, p.address, p.district FROM rooms r JOIN properties p ON r.property_id = p.id WHERE r.status = 'AVAILABLE' AND p.status = 'APPROVED' AND p.district LIKE '%Bình%Chánh%' AND LOWER(COALESCE(r.amenities,'')) LIKE '%nội thất%' ORDER BY r.price ASC LIMIT 10","SQL","","1"
"Giao dịch blockchain tháng 2 của tôi (v1)","SELECT b.id AS bill_id, b.month, b.year, b.total_amount, b.status, b.payment_tx_hash, r.name AS room_name FROM bills b JOIN contracts c ON b.contract_id = c.id JOIN rooms r ON c.room_id = r.id WHERE c.tenant_id = USER_ID_PLACEHOLDER AND b.month = 2 AND b.payment_tx_hash IS NOT NULL ORDER BY b.year DESC, b.month DESC LIMIT 30","SQL","","1"
"Hóa đơn tháng 3 của tôi (v1)","SELECT b.id AS bill_id, b.month, b.year, b.total_amount, b.status, b.deadline, r.name AS room_name FROM bills b JOIN contracts c ON b.contract_id = c.id JOIN rooms r ON c.room_id = r.id WHERE c.tenant_id = USER_ID_PLACEHOLDER AND b.month = 3 AND b.year = EXTRACT(YEAR FROM CURRENT_DATE)::int ORDER BY b.deadline ASC LIMIT 20","SQL","","1"
"Tôi còn nợ hóa đơn tháng 3 không (v1)","SELECT b.id AS bill_id, b.month, b.year, b.total_amount, b.status, b.deadline, r.name AS room_name FROM bills b JOIN contracts c ON b.contract_id = c.id JOIN rooms r ON c.room_id = r.id WHERE c.tenant_id = USER_ID_PLACEHOLDER AND b.month = 3 AND b.year = EXTRACT(YEAR FROM CURRENT_DATE)::int AND b.status IN ('UNPAID','LATE') ORDER BY b.deadline ASC LIMIT 20","SQL","","1"
"Lịch sử hóa đơn đã thanh toán tháng 3 của tôi (v1)","SELECT b.id AS bill_id, b.month, b.year, b.total_amount, b.status, b.paid_at, r.name AS room_name FROM bills b JOIN contracts c ON b.contract_id = c.id JOIN rooms r ON c.room_id = r.id WHERE c.tenant_id = USER_ID_PLACEHOLDER AND b.month = 3 AND b.year = EXTRACT(YEAR FROM CURRENT_DATE)::int AND b.status = 'PAID' ORDER BY b.paid_at DESC LIMIT 20","SQL","","1"
"Doanh thu đã thu tháng 3 của tôi (v1)","SELECT SUM(b.total_amount) AS total_revenue, COUNT(b.id) AS total_paid_bills, b.month, b.year FROM bills b JOIN contracts c ON b.contract_id = c.id JOIN rooms r ON c.room_id = r.id JOIN properties p ON r.property_id = p.id WHERE p.landlord_id = USER_ID_PLACEHOLDER AND b.status = 'PAID' AND b.month = 3 AND b.year = EXTRACT(YEAR FROM CURRENT_DATE)::int GROUP BY b.month, b.year","SQL","","1"
"Danh sách khách nợ tiền tháng 3 (v1)","SELECT u.full_name AS tenant_name, u.phone_number, r.name AS room_name, p.name AS property_name, b.total_amount, b.status AS bill_status, b.deadline FROM bills b JOIN contracts c ON b.contract_id = c.id JOIN rooms r ON c.room_id = r.id JOIN properties p ON r.property_id = p.id JOIN users u ON c.tenant_id = u.id WHERE p.landlord_id = USER_ID_PLACEHOLDER AND c.status = 'ACTIVE' AND b.month = 3 AND b.year = EXTRACT(YEAR FROM CURRENT_DATE)::int AND b.status IN ('UNPAID','LATE') ORDER BY b.deadline ASC LIMIT 100","SQL","","1"
"Hợp đồng active sắp hết hạn trong 29 ngày","SELECT c.id AS contract_id, c.end_date, (c.end_date::date - CURRENT_DATE) AS days_remaining, u.full_name AS tenant_name, r.name AS room_name, p.name AS property_name FROM contracts c JOIN rooms r ON c.room_id = r.id JOIN properties p ON r.property_id = p.id JOIN users u ON c.tenant_id = u.id WHERE p.landlord_id = USER_ID_PLACEHOLDER AND c.status = 'ACTIVE' AND c.end_date BETWEEN CURRENT_DATE AND (CURRENT_DATE + INTERVAL '29 day') ORDER BY c.end_date ASC LIMIT 100","SQL","","1"
"Tìm phòng ở Nhà Bè từ 2000000 đến 4000000","SELECT r.id AS room_id, r.name, r.price, r.area, r.type, r.images, p.name AS property_name, p.address, p.district FROM rooms r JOIN properties p ON r.property_id = p.id WHERE r.status = 'AVAILABLE' AND p.status = 'APPROVED' AND p.district LIKE '%Nhà%Bè%' AND r.price BETWEEN 2000000 AND 4000000 ORDER BY r.price ASC LIMIT 10","SQL","","1"
"Tìm phòng loại TWO_BEDROOM ở Nhà Bè","SELECT r.id AS room_id, r.name, r.price, r.area, r.type, r.images, p.name AS property_name, p.address, p.district FROM rooms r JOIN properties p ON r.property_id = p.id WHERE r.status = 'AVAILABLE' AND p.status = 'APPROVED' AND p.district LIKE '%Nhà%Bè%' AND r.type = 'TWO_BEDROOM' ORDER BY r.price ASC LIMIT 10","SQL","","1"
"Tìm phòng wifi tại Nhà Bè","SELECT r.id AS room_id, r.name, r.price, r.area, r.type, r.images, p.name AS property_name, p.address, p.district FROM rooms r JOIN properties p ON r.property_id = p.id WHERE r.status = 'AVAILABLE' AND p.status = 'APPROVED' AND p.district LIKE '%Nhà%Bè%' AND LOWER(COALESCE(r.amenities,'')) LIKE '%wifi%' ORDER BY r.price ASC LIMIT 10","SQL","","1"
"Giao dịch blockchain tháng 3 của tôi (v1)","SELECT b.id AS bill_id, b.month, b.year, b.total_amount, b.status, b.payment_tx_hash, r.name AS room_name FROM bills b JOIN contracts c ON b.contract_id = c.id JOIN rooms r ON c.room_id = r.id WHERE c.tenant_id = USER_ID_PLACEHOLDER AND b.month = 3 AND b.payment_tx_hash IS NOT NULL ORDER BY b.year DESC, b.month DESC LIMIT 30","SQL","","1"
"Hóa đơn tháng 4 của tôi (v1)","SELECT b.id AS bill_id, b.month, b.year, b.total_amount, b.status, b.deadline, r.name AS room_name FROM bills b JOIN contracts c ON b.contract_id = c.id JOIN rooms r ON c.room_id = r.id WHERE c.tenant_id = USER_ID_PLACEHOLDER AND b.month = 4 AND b.year = EXTRACT(YEAR FROM CURRENT_DATE)::int ORDER BY b.deadline ASC LIMIT 20","SQL","","1"
"Tôi còn nợ hóa đơn tháng 4 không (v1)","SELECT b.id AS bill_id, b.month, b.year, b.total_amount, b.status, b.deadline, r.name AS room_name FROM bills b JOIN contracts c ON b.contract_id = c.id JOIN rooms r ON c.room_id = r.id WHERE c.tenant_id = USER_ID_PLACEHOLDER AND b.month = 4 AND b.year = EXTRACT(YEAR FROM CURRENT_DATE)::int AND b.status IN ('UNPAID','LATE') ORDER BY b.deadline ASC LIMIT 20","SQL","","1"
"Lịch sử hóa đơn đã thanh toán tháng 4 của tôi (v1)","SELECT b.id AS bill_id, b.month, b.year, b.total_amount, b.status, b.paid_at, r.name AS room_name FROM bills b JOIN contracts c ON b.contract_id = c.id JOIN rooms r ON c.room_id = r.id WHERE c.tenant_id = USER_ID_PLACEHOLDER AND b.month = 4 AND b.year = EXTRACT(YEAR FROM CURRENT_DATE)::int AND b.status = 'PAID' ORDER BY b.paid_at DESC LIMIT 20","SQL","","1"
"Doanh thu đã thu tháng 4 của tôi (v1)","SELECT SUM(b.total_amount) AS total_revenue, COUNT(b.id) AS total_paid_bills, b.month, b.year FROM bills b JOIN contracts c ON b.contract_id = c.id JOIN rooms r ON c.room_id = r.id JOIN properties p ON r.property_id = p.id WHERE p.landlord_id = USER_ID_PLACEHOLDER AND b.status = 'PAID' AND b.month = 4 AND b.year = EXTRACT(YEAR FROM CURRENT_DATE)::int GROUP BY b.month, b.year","SQL","","1"
"Danh sách khách nợ tiền tháng 4 (v1)","SELECT u.full_name AS tenant_name, u.phone_number, r.name AS room_name, p.name AS property_name, b.total_amount, b.status AS bill_status, b.deadline FROM bills b JOIN contracts c ON b.contract_id = c.id JOIN rooms r ON c.room_id = r.id JOIN properties p ON r.property_id = p.id JOIN users u ON c.tenant_id = u.id WHERE p.landlord_id = USER_ID_PLACEHOLDER AND c.status = 'ACTIVE' AND b.month = 4 AND b.year = EXTRACT(YEAR FROM CURRENT_DATE)::int AND b.status IN ('UNPAID','LATE') ORDER BY b.deadline ASC LIMIT 100","SQL","","1"
"Hợp đồng active sắp hết hạn trong 30 ngày","SELECT c.id AS contract_id, c.end_date, (c.end_date::date - CURRENT_DATE) AS days_remaining, u.full_name AS tenant_name, r.name AS room_name, p.name AS property_name FROM contracts c JOIN rooms r ON c.room_id = r.id JOIN properties p ON r.property_id = p.id JOIN users u ON c.tenant_id = u.id WHERE p.landlord_id = USER_ID_PLACEHOLDER AND c.status = 'ACTIVE' AND c.end_date BETWEEN CURRENT_DATE AND (CURRENT_DATE + INTERVAL '30 day') ORDER BY c.end_date ASC LIMIT 100","SQL","","1"
"Tìm phòng ở Hóc Môn từ 2500000 đến 4500000","SELECT r.id AS room_id, r.name, r.price, r.area, r.type, r.images, p.name AS property_name, p.address, p.district FROM rooms r JOIN properties p ON r.property_id = p.id WHERE r.status = 'AVAILABLE' AND p.status = 'APPROVED' AND p.district LIKE '%Hóc%Môn%' AND r.price BETWEEN 2500000 AND 4500000 ORDER BY r.price ASC LIMIT 10","SQL","","1"
"Tìm phòng loại SINGLE_ROOM ở Hóc Môn","SELECT r.id AS room_id, r.name, r.price, r.area, r.type, r.images, p.name AS property_name, p.address, p.district FROM rooms r JOIN properties p ON r.property_id = p.id WHERE r.status = 'AVAILABLE' AND p.status = 'APPROVED' AND p.district LIKE '%Hóc%Môn%' AND r.type = 'SINGLE_ROOM' ORDER BY r.price ASC LIMIT 10","SQL","","1"
"Tìm phòng máy lạnh tại Hóc Môn","SELECT r.id AS room_id, r.name, r.price, r.area, r.type, r.images, p.name AS property_name, p.address, p.district FROM rooms r JOIN properties p ON r.property_id = p.id WHERE r.status = 'AVAILABLE' AND p.status = 'APPROVED' AND p.district LIKE '%Hóc%Môn%' AND LOWER(COALESCE(r.amenities,'')) LIKE '%máy lạnh%' ORDER BY r.price ASC LIMIT 10","SQL","","1"
"Giao dịch blockchain tháng 4 của tôi (v1)","SELECT b.id AS bill_id, b.month, b.year, b.total_amount, b.status, b.payment_tx_hash, r.name AS room_name FROM bills b JOIN contracts c ON b.contract_id = c.id JOIN rooms r ON c.room_id = r.id WHERE c.tenant_id = USER_ID_PLACEHOLDER AND b.month = 4 AND b.payment_tx_hash IS NOT NULL ORDER BY b.year DESC, b.month DESC LIMIT 30","SQL","","1"
"Hóa đơn tháng 5 của tôi (v1)","SELECT b.id AS bill_id, b.month, b.year, b.total_amount, b.status, b.deadline, r.name AS room_name FROM bills b JOIN contracts c ON b.contract_id = c.id JOIN rooms r ON c.room_id = r.id WHERE c.tenant_id = USER_ID_PLACEHOLDER AND b.month = 5 AND b.year = EXTRACT(YEAR FROM CURRENT_DATE)::int ORDER BY b.deadline ASC LIMIT 20","SQL","","1"
"Tôi còn nợ hóa đơn tháng 5 không (v1)","SELECT b.id AS bill_id, b.month, b.year, b.total_amount, b.status, b.deadline, r.name AS room_name FROM bills b JOIN contracts c ON b.contract_id = c.id JOIN rooms r ON c.room_id = r.id WHERE c.tenant_id = USER_ID_PLACEHOLDER AND b.month = 5 AND b.year = EXTRACT(YEAR FROM CURRENT_DATE)::int AND b.status IN ('UNPAID','LATE') ORDER BY b.deadline ASC LIMIT 20","SQL","","1"
"Lịch sử hóa đơn đã thanh toán tháng 5 của tôi (v1)","SELECT b.id AS bill_id, b.month, b.year, b.total_amount, b.status, b.paid_at, r.name AS room_name FROM bills b JOIN contracts c ON b.contract_id = c.id JOIN rooms r ON c.room_id = r.id WHERE c.tenant_id = USER_ID_PLACEHOLDER AND b.month = 5 AND b.year = EXTRACT(YEAR FROM CURRENT_DATE)::int AND b.status = 'PAID' ORDER BY b.paid_at DESC LIMIT 20","SQL","","1"
"Doanh thu đã thu tháng 5 của tôi (v1)","SELECT SUM(b.total_amount) AS total_revenue, COUNT(b.id) AS total_paid_bills, b.month, b.year FROM bills b JOIN contracts c ON b.contract_id = c.id JOIN rooms r ON c.room_id = r.id JOIN properties p ON r.property_id = p.id WHERE p.landlord_id = USER_ID_PLACEHOLDER AND b.status = 'PAID' AND b.month = 5 AND b.year = EXTRACT(YEAR FROM CURRENT_DATE)::int GROUP BY b.month, b.year","SQL","","1"
"Danh sách khách nợ tiền tháng 5 (v1)","SELECT u.full_name AS tenant_name, u.phone_number, r.name AS room_name, p.name AS property_name, b.total_amount, b.status AS bill_status, b.deadline FROM bills b JOIN contracts c ON b.contract_id = c.id JOIN rooms r ON c.room_id = r.id JOIN properties p ON r.property_id = p.id JOIN users u ON c.tenant_id = u.id WHERE p.landlord_id = USER_ID_PLACEHOLDER AND c.status = 'ACTIVE' AND b.month = 5 AND b.year = EXTRACT(YEAR FROM CURRENT_DATE)::int AND b.status IN ('UNPAID','LATE') ORDER BY b.deadline ASC LIMIT 100","SQL","","1"
"Hợp đồng active sắp hết hạn trong 31 ngày","SELECT c.id AS contract_id, c.end_date, (c.end_date::date - CURRENT_DATE) AS days_remaining, u.full_name AS tenant_name, r.name AS room_name, p.name AS property_name FROM contracts c JOIN rooms r ON c.room_id = r.id JOIN properties p ON r.property_id = p.id JOIN users u ON c.tenant_id = u.id WHERE p.landlord_id = USER_ID_PLACEHOLDER AND c.status = 'ACTIVE' AND c.end_date BETWEEN CURRENT_DATE AND (CURRENT_DATE + INTERVAL '31 day') ORDER BY c.end_date ASC LIMIT 100","SQL","","1"
"Tìm phòng ở Quận 1 từ 3000000 đến 5000000","SELECT r.id AS room_id, r.name, r.price, r.area, r.type, r.images, p.name AS property_name, p.address, p.district FROM rooms r JOIN properties p ON r.property_id = p.id WHERE r.status = 'AVAILABLE' AND p.status = 'APPROVED' AND p.district LIKE '%1%' AND r.price BETWEEN 3000000 AND 5000000 ORDER BY r.price ASC LIMIT 10","SQL","","1"
"Tìm phòng loại SHARED_ROOM ở Quận 1","SELECT r.id AS room_id, r.name, r.price, r.area, r.type, r.images, p.name AS property_name, p.address, p.district FROM rooms r JOIN properties p ON r.property_id = p.id WHERE r.status = 'AVAILABLE' AND p.status = 'APPROVED' AND p.district LIKE '%1%' AND r.type = 'SHARED_ROOM' ORDER BY r.price ASC LIMIT 10","SQL","","1"
"Tìm phòng gác lửng tại Quận 1","SELECT r.id AS room_id, r.name, r.price, r.area, r.type, r.images, p.name AS property_name, p.address, p.district FROM rooms r JOIN properties p ON r.property_id = p.id WHERE r.status = 'AVAILABLE' AND p.status = 'APPROVED' AND p.district LIKE '%1%' AND LOWER(COALESCE(r.amenities,'')) LIKE '%gác lửng%' ORDER BY r.price ASC LIMIT 10","SQL","","1"
"Giao dịch blockchain tháng 5 của tôi (v1)","SELECT b.id AS bill_id, b.month, b.year, b.total_amount, b.status, b.payment_tx_hash, r.name AS room_name FROM bills b JOIN contracts c ON b.contract_id = c.id JOIN rooms r ON c.room_id = r.id WHERE c.tenant_id = USER_ID_PLACEHOLDER AND b.month = 5 AND b.payment_tx_hash IS NOT NULL ORDER BY b.year DESC, b.month DESC LIMIT 30","SQL","","1"
"Hóa đơn tháng 6 của tôi (v1)","SELECT b.id AS bill_id, b.month, b.year, b.total_amount, b.status, b.deadline, r.name AS room_name FROM bills b JOIN contracts c ON b.contract_id = c.id JOIN rooms r ON c.room_id = r.id WHERE c.tenant_id = USER_ID_PLACEHOLDER AND b.month = 6 AND b.year = EXTRACT(YEAR FROM CURRENT_DATE)::int ORDER BY b.deadline ASC LIMIT 20","SQL","","1"
"Tôi còn nợ hóa đơn tháng 6 không (v1)","SELECT b.id AS bill_id, b.month, b.year, b.total_amount, b.status, b.deadline, r.name AS room_name FROM bills b JOIN contracts c ON b.contract_id = c.id JOIN rooms r ON c.room_id = r.id WHERE c.tenant_id = USER_ID_PLACEHOLDER AND b.month = 6 AND b.year = EXTRACT(YEAR FROM CURRENT_DATE)::int AND b.status IN ('UNPAID','LATE') ORDER BY b.deadline ASC LIMIT 20","SQL","","1"
"Lịch sử hóa đơn đã thanh toán tháng 6 của tôi (v1)","SELECT b.id AS bill_id, b.month, b.year, b.total_amount, b.status, b.paid_at, r.name AS room_name FROM bills b JOIN contracts c ON b.contract_id = c.id JOIN rooms r ON c.room_id = r.id WHERE c.tenant_id = USER_ID_PLACEHOLDER AND b.month = 6 AND b.year = EXTRACT(YEAR FROM CURRENT_DATE)::int AND b.status = 'PAID' ORDER BY b.paid_at DESC LIMIT 20","SQL","","1"
"Doanh thu đã thu tháng 6 của tôi (v1)","SELECT SUM(b.total_amount) AS total_revenue, COUNT(b.id) AS total_paid_bills, b.month, b.year FROM bills b JOIN contracts c ON b.contract_id = c.id JOIN rooms r ON c.room_id = r.id JOIN properties p ON r.property_id = p.id WHERE p.landlord_id = USER_ID_PLACEHOLDER AND b.status = 'PAID' AND b.month = 6 AND b.year = EXTRACT(YEAR FROM CURRENT_DATE)::int GROUP BY b.month, b.year","SQL","","1"
"Danh sách khách nợ tiền tháng 6 (v1)","SELECT u.full_name AS tenant_name, u.phone_number, r.name AS room_name, p.name AS property_name, b.total_amount, b.status AS bill_status, b.deadline FROM bills b JOIN contracts c ON b.contract_id = c.id JOIN rooms r ON c.room_id = r.id JOIN properties p ON r.property_id = p.id JOIN users u ON c.tenant_id = u.id WHERE p.landlord_id = USER_ID_PLACEHOLDER AND c.status = 'ACTIVE' AND b.month = 6 AND b.year = EXTRACT(YEAR FROM CURRENT_DATE)::int AND b.status IN ('UNPAID','LATE') ORDER BY b.deadline ASC LIMIT 100","SQL","","1"
"Hợp đồng active sắp hết hạn trong 32 ngày","SELECT c.id AS contract_id, c.end_date, (c.end_date::date - CURRENT_DATE) AS days_remaining, u.full_name AS tenant_name, r.name AS room_name, p.name AS property_name FROM contracts c JOIN rooms r ON c.room_id = r.id JOIN properties p ON r.property_id = p.id JOIN users u ON c.tenant_id = u.id WHERE p.landlord_id = USER_ID_PLACEHOLDER AND c.status = 'ACTIVE' AND c.end_date BETWEEN CURRENT_DATE AND (CURRENT_DATE + INTERVAL '32 day') ORDER BY c.end_date ASC LIMIT 100","SQL","","1"
"Tìm phòng ở Quận 3 từ 3500000 đến 5500000","SELECT r.id AS room_id, r.name, r.price, r.area, r.type, r.images, p.name AS property_name, p.address, p.district FROM rooms r JOIN properties p ON r.property_id = p.id WHERE r.status = 'AVAILABLE' AND p.status = 'APPROVED' AND p.district LIKE '%3%' AND r.price BETWEEN 3500000 AND 5500000 ORDER BY r.price ASC LIMIT 10","SQL","","1"
"Tìm phòng loại MEZZANINE_ROOM ở Quận 3","SELECT r.id AS room_id, r.name, r.price, r.area, r.type, r.images, p.name AS property_name, p.address, p.district FROM rooms r JOIN properties p ON r.property_id = p.id WHERE r.status = 'AVAILABLE' AND p.status = 'APPROVED' AND p.district LIKE '%3%' AND r.type = 'MEZZANINE_ROOM' ORDER BY r.price ASC LIMIT 10","SQL","","1"
"Tìm phòng ban công tại Quận 3","SELECT r.id AS room_id, r.name, r.price, r.area, r.type, r.images, p.name AS property_name, p.address, p.district FROM rooms r JOIN properties p ON r.property_id = p.id WHERE r.status = 'AVAILABLE' AND p.status = 'APPROVED' AND p.district LIKE '%3%' AND LOWER(COALESCE(r.amenities,'')) LIKE '%ban công%' ORDER BY r.price ASC LIMIT 10","SQL","","1"
"Giao dịch blockchain tháng 6 của tôi (v1)","SELECT b.id AS bill_id, b.month, b.year, b.total_amount, b.status, b.payment_tx_hash, r.name AS room_name FROM bills b JOIN contracts c ON b.contract_id = c.id JOIN rooms r ON c.room_id = r.id WHERE c.tenant_id = USER_ID_PLACEHOLDER AND b.month = 6 AND b.payment_tx_hash IS NOT NULL ORDER BY b.year DESC, b.month DESC LIMIT 30","SQL","","1"
"Hóa đơn tháng 7 của tôi (v1)","SELECT b.id AS bill_id, b.month, b.year, b.total_amount, b.status, b.deadline, r.name AS room_name FROM bills b JOIN contracts c ON b.contract_id = c.id JOIN rooms r ON c.room_id = r.id WHERE c.tenant_id = USER_ID_PLACEHOLDER AND b.month = 7 AND b.year = EXTRACT(YEAR FROM CURRENT_DATE)::int ORDER BY b.deadline ASC LIMIT 20","SQL","","1"
"Tôi còn nợ hóa đơn tháng 7 không (v1)","SELECT b.id AS bill_id, b.month, b.year, b.total_amount, b.status, b.deadline, r.name AS room_name FROM bills b JOIN contracts c ON b.contract_id = c.id JOIN rooms r ON c.room_id = r.id WHERE c.tenant_id = USER_ID_PLACEHOLDER AND b.month = 7 AND b.year = EXTRACT(YEAR FROM CURRENT_DATE)::int AND b.status IN ('UNPAID','LATE') ORDER BY b.deadline ASC LIMIT 20","SQL","","1"
"Lịch sử hóa đơn đã thanh toán tháng 7 của tôi (v1)","SELECT b.id AS bill_id, b.month, b.year, b.total_amount, b.status, b.paid_at, r.name AS room_name FROM bills b JOIN contracts c ON b.contract_id = c.id JOIN rooms r ON c.room_id = r.id WHERE c.tenant_id = USER_ID_PLACEHOLDER AND b.month = 7 AND b.year = EXTRACT(YEAR FROM CURRENT_DATE)::int AND b.status = 'PAID' ORDER BY b.paid_at DESC LIMIT 20","SQL","","1"
"Doanh thu đã thu tháng 7 của tôi (v1)","SELECT SUM(b.total_amount) AS total_revenue, COUNT(b.id) AS total_paid_bills, b.month, b.year FROM bills b JOIN contracts c ON b.contract_id = c.id JOIN rooms r ON c.room_id = r.id JOIN properties p ON r.property_id = p.id WHERE p.landlord_id = USER_ID_PLACEHOLDER AND b.status = 'PAID' AND b.month = 7 AND b.year = EXTRACT(YEAR FROM CURRENT_DATE)::int GROUP BY b.month, b.year","SQL","","1"
"Danh sách khách nợ tiền tháng 7 (v1)","SELECT u.full_name AS tenant_name, u.phone_number, r.name AS room_name, p.name AS property_name, b.total_amount, b.status AS bill_status, b.deadline FROM bills b JOIN contracts c ON b.contract_id = c.id JOIN rooms r ON c.room_id = r.id JOIN properties p ON r.property_id = p.id JOIN users u ON c.tenant_id = u.id WHERE p.landlord_id = USER_ID_PLACEHOLDER AND c.status = 'ACTIVE' AND b.month = 7 AND b.year = EXTRACT(YEAR FROM CURRENT_DATE)::int AND b.status IN ('UNPAID','LATE') ORDER BY b.deadline ASC LIMIT 100","SQL","","1"
"Hợp đồng active sắp hết hạn trong 33 ngày","SELECT c.id AS contract_id, c.end_date, (c.end_date::date - CURRENT_DATE) AS days_remaining, u.full_name AS tenant_name, r.name AS room_name, p.name AS property_name FROM contracts c JOIN rooms r ON c.room_id = r.id JOIN properties p ON r.property_id = p.id JOIN users u ON c.tenant_id = u.id WHERE p.landlord_id = USER_ID_PLACEHOLDER AND c.status = 'ACTIVE' AND c.end_date BETWEEN CURRENT_DATE AND (CURRENT_DATE + INTERVAL '33 day') ORDER BY c.end_date ASC LIMIT 100","SQL","","1"
"Tìm phòng ở Quận 4 từ 4000000 đến 6000000","SELECT r.id AS room_id, r.name, r.price, r.area, r.type, r.images, p.name AS property_name, p.address, p.district FROM rooms r JOIN properties p ON r.property_id = p.id WHERE r.status = 'AVAILABLE' AND p.status = 'APPROVED' AND p.district LIKE '%4%' AND r.price BETWEEN 4000000 AND 6000000 ORDER BY r.price ASC LIMIT 10","SQL","","1"
"Tìm phòng loại STUDIO ở Quận 4","SELECT r.id AS room_id, r.name, r.price, r.area, r.type, r.images, p.name AS property_name, p.address, p.district FROM rooms r JOIN properties p ON r.property_id = p.id WHERE r.status = 'AVAILABLE' AND p.status = 'APPROVED' AND p.district LIKE '%4%' AND r.type = 'STUDIO' ORDER BY r.price ASC LIMIT 10","SQL","","1"
"Tìm phòng nội thất tại Quận 4","SELECT r.id AS room_id, r.name, r.price, r.area, r.type, r.images, p.name AS property_name, p.address, p.district FROM rooms r JOIN properties p ON r.property_id = p.id WHERE r.status = 'AVAILABLE' AND p.status = 'APPROVED' AND p.district LIKE '%4%' AND LOWER(COALESCE(r.amenities,'')) LIKE '%nội thất%' ORDER BY r.price ASC LIMIT 10","SQL","","1"
"Giao dịch blockchain tháng 7 của tôi (v1)","SELECT b.id AS bill_id, b.month, b.year, b.total_amount, b.status, b.payment_tx_hash, r.name AS room_name FROM bills b JOIN contracts c ON b.contract_id = c.id JOIN rooms r ON c.room_id = r.id WHERE c.tenant_id = USER_ID_PLACEHOLDER AND b.month = 7 AND b.payment_tx_hash IS NOT NULL ORDER BY b.year DESC, b.month DESC LIMIT 30","SQL","","1"
"Hóa đơn tháng 8 của tôi (v1)","SELECT b.id AS bill_id, b.month, b.year, b.total_amount, b.status, b.deadline, r.name AS room_name FROM bills b JOIN contracts c ON b.contract_id = c.id JOIN rooms r ON c.room_id = r.id WHERE c.tenant_id = USER_ID_PLACEHOLDER AND b.month = 8 AND b.year = EXTRACT(YEAR FROM CURRENT_DATE)::int ORDER BY b.deadline ASC LIMIT 20","SQL","","1"
"Tôi còn nợ hóa đơn tháng 8 không (v1)","SELECT b.id AS bill_id, b.month, b.year, b.total_amount, b.status, b.deadline, r.name AS room_name FROM bills b JOIN contracts c ON b.contract_id = c.id JOIN rooms r ON c.room_id = r.id WHERE c.tenant_id = USER_ID_PLACEHOLDER AND b.month = 8 AND b.year = EXTRACT(YEAR FROM CURRENT_DATE)::int AND b.status IN ('UNPAID','LATE') ORDER BY b.deadline ASC LIMIT 20","SQL","","1"
"Lịch sử hóa đơn đã thanh toán tháng 8 của tôi (v1)","SELECT b.id AS bill_id, b.month, b.year, b.total_amount, b.status, b.paid_at, r.name AS room_name FROM bills b JOIN contracts c ON b.contract_id = c.id JOIN rooms r ON c.room_id = r.id WHERE c.tenant_id = USER_ID_PLACEHOLDER AND b.month = 8 AND b.year = EXTRACT(YEAR FROM CURRENT_DATE)::int AND b.status = 'PAID' ORDER BY b.paid_at DESC LIMIT 20","SQL","","1"
"Doanh thu đã thu tháng 8 của tôi (v1)","SELECT SUM(b.total_amount) AS total_revenue, COUNT(b.id) AS total_paid_bills, b.month, b.year FROM bills b JOIN contracts c ON b.contract_id = c.id JOIN rooms r ON c.room_id = r.id JOIN properties p ON r.property_id = p.id WHERE p.landlord_id = USER_ID_PLACEHOLDER AND b.status = 'PAID' AND b.month = 8 AND b.year = EXTRACT(YEAR FROM CURRENT_DATE)::int GROUP BY b.month, b.year","SQL","","1"
"Danh sách khách nợ tiền tháng 8 (v1)","SELECT u.full_name AS tenant_name, u.phone_number, r.name AS room_name, p.name AS property_name, b.total_amount, b.status AS bill_status, b.deadline FROM bills b JOIN contracts c ON b.contract_id = c.id JOIN rooms r ON c.room_id = r.id JOIN properties p ON r.property_id = p.id JOIN users u ON c.tenant_id = u.id WHERE p.landlord_id = USER_ID_PLACEHOLDER AND c.status = 'ACTIVE' AND b.month = 8 AND b.year = EXTRACT(YEAR FROM CURRENT_DATE)::int AND b.status IN ('UNPAID','LATE') ORDER BY b.deadline ASC LIMIT 100","SQL","","1"
"Hợp đồng active sắp hết hạn trong 34 ngày","SELECT c.id AS contract_id, c.end_date, (c.end_date::date - CURRENT_DATE) AS days_remaining, u.full_name AS tenant_name, r.name AS room_name, p.name AS property_name FROM contracts c JOIN rooms r ON c.room_id = r.id JOIN properties p ON r.property_id = p.id JOIN users u ON c.tenant_id = u.id WHERE p.landlord_id = USER_ID_PLACEHOLDER AND c.status = 'ACTIVE' AND c.end_date BETWEEN CURRENT_DATE AND (CURRENT_DATE + INTERVAL '34 day') ORDER BY c.end_date ASC LIMIT 100","SQL","","1"
"Tìm phòng ở Quận 5 từ 4500000 đến 6500000","SELECT r.id AS room_id, r.name, r.price, r.area, r.type, r.images, p.name AS property_name, p.address, p.district FROM rooms r JOIN properties p ON r.property_id = p.id WHERE r.status = 'AVAILABLE' AND p.status = 'APPROVED' AND p.district LIKE '%5%' AND r.price BETWEEN 4500000 AND 6500000 ORDER BY r.price ASC LIMIT 10","SQL","","1"
"Tìm phòng loại ONE_BEDROOM ở Quận 5","SELECT r.id AS room_id, r.name, r.price, r.area, r.type, r.images, p.name AS property_name, p.address, p.district FROM rooms r JOIN properties p ON r.property_id = p.id WHERE r.status = 'AVAILABLE' AND p.status = 'APPROVED' AND p.district LIKE '%5%' AND r.type = 'ONE_BEDROOM' ORDER BY r.price ASC LIMIT 10","SQL","","1"
"Tìm phòng wifi tại Quận 5","SELECT r.id AS room_id, r.name, r.price, r.area, r.type, r.images, p.name AS property_name, p.address, p.district FROM rooms r JOIN properties p ON r.property_id = p.id WHERE r.status = 'AVAILABLE' AND p.status = 'APPROVED' AND p.district LIKE '%5%' AND LOWER(COALESCE(r.amenities,'')) LIKE '%wifi%' ORDER BY r.price ASC LIMIT 10","SQL","","1"
"Giao dịch blockchain tháng 8 của tôi (v1)","SELECT b.id AS bill_id, b.month, b.year, b.total_amount, b.status, b.payment_tx_hash, r.name AS room_name FROM bills b JOIN contracts c ON b.contract_id = c.id JOIN rooms r ON c.room_id = r.id WHERE c.tenant_id = USER_ID_PLACEHOLDER AND b.month = 8 AND b.payment_tx_hash IS NOT NULL ORDER BY b.year DESC, b.month DESC LIMIT 30","SQL","","1"
"Hóa đơn tháng 9 của tôi (v1)","SELECT b.id AS bill_id, b.month, b.year, b.total_amount, b.status, b.deadline, r.name AS room_name FROM bills b JOIN contracts c ON b.contract_id = c.id JOIN rooms r ON c.room_id = r.id WHERE c.tenant_id = USER_ID_PLACEHOLDER AND b.month = 9 AND b.year = EXTRACT(YEAR FROM CURRENT_DATE)::int ORDER BY b.deadline ASC LIMIT 20","SQL","","1"
"Tôi còn nợ hóa đơn tháng 9 không (v1)","SELECT b.id AS bill_id, b.month, b.year, b.total_amount, b.status, b.deadline, r.name AS room_name FROM bills b JOIN contracts c ON b.contract_id = c.id JOIN rooms r ON c.room_id = r.id WHERE c.tenant_id = USER_ID_PLACEHOLDER AND b.month = 9 AND b.year = EXTRACT(YEAR FROM CURRENT_DATE)::int AND b.status IN ('UNPAID','LATE') ORDER BY b.deadline ASC LIMIT 20","SQL","","1"
"Lịch sử hóa đơn đã thanh toán tháng 9 của tôi (v1)","SELECT b.id AS bill_id, b.month, b.year, b.total_amount, b.status, b.paid_at, r.name AS room_name FROM bills b JOIN contracts c ON b.contract_id = c.id JOIN rooms r ON c.room_id = r.id WHERE c.tenant_id = USER_ID_PLACEHOLDER AND b.month = 9 AND b.year = EXTRACT(YEAR FROM CURRENT_DATE)::int AND b.status = 'PAID' ORDER BY b.paid_at DESC LIMIT 20","SQL","","1"
"Doanh thu đã thu tháng 9 của tôi (v1)","SELECT SUM(b.total_amount) AS total_revenue, COUNT(b.id) AS total_paid_bills, b.month, b.year FROM bills b JOIN contracts c ON b.contract_id = c.id JOIN rooms r ON c.room_id = r.id JOIN properties p ON r.property_id = p.id WHERE p.landlord_id = USER_ID_PLACEHOLDER AND b.status = 'PAID' AND b.month = 9 AND b.year = EXTRACT(YEAR FROM CURRENT_DATE)::int GROUP BY b.month, b.year","SQL","","1"
"Danh sách khách nợ tiền tháng 9 (v1)","SELECT u.full_name AS tenant_name, u.phone_number, r.name AS room_name, p.name AS property_name, b.total_amount, b.status AS bill_status, b.deadline FROM bills b JOIN contracts c ON b.contract_id = c.id JOIN rooms r ON c.room_id = r.id JOIN properties p ON r.property_id = p.id JOIN users u ON c.tenant_id = u.id WHERE p.landlord_id = USER_ID_PLACEHOLDER AND c.status = 'ACTIVE' AND b.month = 9 AND b.year = EXTRACT(YEAR FROM CURRENT_DATE)::int AND b.status IN ('UNPAID','LATE') ORDER BY b.deadline ASC LIMIT 100","SQL","","1"
"Hợp đồng active sắp hết hạn trong 35 ngày","SELECT c.id AS contract_id, c.end_date, (c.end_date::date - CURRENT_DATE) AS days_remaining, u.full_name AS tenant_name, r.name AS room_name, p.name AS property_name FROM contracts c JOIN rooms r ON c.room_id = r.id JOIN properties p ON r.property_id = p.id JOIN users u ON c.tenant_id = u.id WHERE p.landlord_id = USER_ID_PLACEHOLDER AND c.status = 'ACTIVE' AND c.end_date BETWEEN CURRENT_DATE AND (CURRENT_DATE + INTERVAL '35 day') ORDER BY c.end_date ASC LIMIT 100","SQL","","1"
"Tìm phòng ở Quận 7 từ 5000000 đến 7000000","SELECT r.id AS room_id, r.name, r.price, r.area, r.type, r.images, p.name AS property_name, p.address, p.district FROM rooms r JOIN properties p ON r.property_id = p.id WHERE r.status = 'AVAILABLE' AND p.status = 'APPROVED' AND p.district LIKE '%7%' AND r.price BETWEEN 5000000 AND 7000000 ORDER BY r.price ASC LIMIT 10","SQL","","1"
"Tìm phòng loại TWO_BEDROOM ở Quận 7","SELECT r.id AS room_id, r.name, r.price, r.area, r.type, r.images, p.name AS property_name, p.address, p.district FROM rooms r JOIN properties p ON r.property_id = p.id WHERE r.status = 'AVAILABLE' AND p.status = 'APPROVED' AND p.district LIKE '%7%' AND r.type = 'TWO_BEDROOM' ORDER BY r.price ASC LIMIT 10","SQL","","1"
"Tìm phòng máy lạnh tại Quận 7","SELECT r.id AS room_id, r.name, r.price, r.area, r.type, r.images, p.name AS property_name, p.address, p.district FROM rooms r JOIN properties p ON r.property_id = p.id WHERE r.status = 'AVAILABLE' AND p.status = 'APPROVED' AND p.district LIKE '%7%' AND LOWER(COALESCE(r.amenities,'')) LIKE '%máy lạnh%' ORDER BY r.price ASC LIMIT 10","SQL","","1"
"Giao dịch blockchain tháng 9 của tôi (v1)","SELECT b.id AS bill_id, b.month, b.year, b.total_amount, b.status, b.payment_tx_hash, r.name AS room_name FROM bills b JOIN contracts c ON b.contract_id = c.id JOIN rooms r ON c.room_id = r.id WHERE c.tenant_id = USER_ID_PLACEHOLDER AND b.month = 9 AND b.payment_tx_hash IS NOT NULL ORDER BY b.year DESC, b.month DESC LIMIT 30","SQL","","1"
"Hóa đơn tháng 10 của tôi (v1)","SELECT b.id AS bill_id, b.month, b.year, b.total_amount, b.status, b.deadline, r.name AS room_name FROM bills b JOIN contracts c ON b.contract_id = c.id JOIN rooms r ON c.room_id = r.id WHERE c.tenant_id = USER_ID_PLACEHOLDER AND b.month = 10 AND b.year = EXTRACT(YEAR FROM CURRENT_DATE)::int ORDER BY b.deadline ASC LIMIT 20","SQL","","1"
"Tôi còn nợ hóa đơn tháng 10 không (v1)","SELECT b.id AS bill_id, b.month, b.year, b.total_amount, b.status, b.deadline, r.name AS room_name FROM bills b JOIN contracts c ON b.contract_id = c.id JOIN rooms r ON c.room_id = r.id WHERE c.tenant_id = USER_ID_PLACEHOLDER AND b.month = 10 AND b.year = EXTRACT(YEAR FROM CURRENT_DATE)::int AND b.status IN ('UNPAID','LATE') ORDER BY b.deadline ASC LIMIT 20","SQL","","1"
"Lịch sử hóa đơn đã thanh toán tháng 10 của tôi (v1)","SELECT b.id AS bill_id, b.month, b.year, b.total_amount, b.status, b.paid_at, r.name AS room_name FROM bills b JOIN contracts c ON b.contract_id = c.id JOIN rooms r ON c.room_id = r.id WHERE c.tenant_id = USER_ID_PLACEHOLDER AND b.month = 10 AND b.year = EXTRACT(YEAR FROM CURRENT_DATE)::int AND b.status = 'PAID' ORDER BY b.paid_at DESC LIMIT 20","SQL","","1"
"Doanh thu đã thu tháng 10 của tôi (v1)","SELECT SUM(b.total_amount) AS total_revenue, COUNT(b.id) AS total_paid_bills, b.month, b.year FROM bills b JOIN contracts c ON b.contract_id = c.id JOIN rooms r ON c.room_id = r.id JOIN properties p ON r.property_id = p.id WHERE p.landlord_id = USER_ID_PLACEHOLDER AND b.status = 'PAID' AND b.month = 10 AND b.year = EXTRACT(YEAR FROM CURRENT_DATE)::int GROUP BY b.month, b.year","SQL","","1"
"Danh sách khách nợ tiền tháng 10 (v1)","SELECT u.full_name AS tenant_name, u.phone_number, r.name AS room_name, p.name AS property_name, b.total_amount, b.status AS bill_status, b.deadline FROM bills b JOIN contracts c ON b.contract_id = c.id JOIN rooms r ON c.room_id = r.id JOIN properties p ON r.property_id = p.id JOIN users u ON c.tenant_id = u.id WHERE p.landlord_id = USER_ID_PLACEHOLDER AND c.status = 'ACTIVE' AND b.month = 10 AND b.year = EXTRACT(YEAR FROM CURRENT_DATE)::int AND b.status IN ('UNPAID','LATE') ORDER BY b.deadline ASC LIMIT 100","SQL","","1"
"Hợp đồng active sắp hết hạn trong 36 ngày","SELECT c.id AS contract_id, c.end_date, (c.end_date::date - CURRENT_DATE) AS days_remaining, u.full_name AS tenant_name, r.name AS room_name, p.name AS property_name FROM contracts c JOIN rooms r ON c.room_id = r.id JOIN properties p ON r.property_id = p.id JOIN users u ON c.tenant_id = u.id WHERE p.landlord_id = USER_ID_PLACEHOLDER AND c.status = 'ACTIVE' AND c.end_date BETWEEN CURRENT_DATE AND (CURRENT_DATE + INTERVAL '36 day') ORDER BY c.end_date ASC LIMIT 100","SQL","","1"
"Tìm phòng ở Quận 10 từ 2000000 đến 4000000","SELECT r.id AS room_id, r.name, r.price, r.area, r.type, r.images, p.name AS property_name, p.address, p.district FROM rooms r JOIN properties p ON r.property_id = p.id WHERE r.status = 'AVAILABLE' AND p.status = 'APPROVED' AND p.district LIKE '%10%' AND r.price BETWEEN 2000000 AND 4000000 ORDER BY r.price ASC LIMIT 10","SQL","","1"
"Tìm phòng loại SINGLE_ROOM ở Quận 10","SELECT r.id AS room_id, r.name, r.price, r.area, r.type, r.images, p.name AS property_name, p.address, p.district FROM rooms r JOIN properties p ON r.property_id = p.id WHERE r.status = 'AVAILABLE' AND p.status = 'APPROVED' AND p.district LIKE '%10%' AND r.type = 'SINGLE_ROOM' ORDER BY r.price ASC LIMIT 10","SQL","","1"
"Tìm phòng gác lửng tại Quận 10","SELECT r.id AS room_id, r.name, r.price, r.area, r.type, r.images, p.name AS property_name, p.address, p.district FROM rooms r JOIN properties p ON r.property_id = p.id WHERE r.status = 'AVAILABLE' AND p.status = 'APPROVED' AND p.district LIKE '%10%' AND LOWER(COALESCE(r.amenities,'')) LIKE '%gác lửng%' ORDER BY r.price ASC LIMIT 10","SQL","","1"
"Giao dịch blockchain tháng 10 của tôi (v1)","SELECT b.id AS bill_id, b.month, b.year, b.total_amount, b.status, b.payment_tx_hash, r.name AS room_name FROM bills b JOIN contracts c ON b.contract_id = c.id JOIN rooms r ON c.room_id = r.id WHERE c.tenant_id = USER_ID_PLACEHOLDER AND b.month = 10 AND b.payment_tx_hash IS NOT NULL ORDER BY b.year DESC, b.month DESC LIMIT 30","SQL","","1"
"Hóa đơn tháng 11 của tôi (v1)","SELECT b.id AS bill_id, b.month, b.year, b.total_amount, b.status, b.deadline, r.name AS room_name FROM bills b JOIN contracts c ON b.contract_id = c.id JOIN rooms r ON c.room_id = r.id WHERE c.tenant_id = USER_ID_PLACEHOLDER AND b.month = 11 AND b.year = EXTRACT(YEAR FROM CURRENT_DATE)::int ORDER BY b.deadline ASC LIMIT 20","SQL","","1"
"Tôi còn nợ hóa đơn tháng 11 không (v1)","SELECT b.id AS bill_id, b.month, b.year, b.total_amount, b.status, b.deadline, r.name AS room_name FROM bills b JOIN contracts c ON b.contract_id = c.id JOIN rooms r ON c.room_id = r.id WHERE c.tenant_id = USER_ID_PLACEHOLDER AND b.month = 11 AND b.year = EXTRACT(YEAR FROM CURRENT_DATE)::int AND b.status IN ('UNPAID','LATE') ORDER BY b.deadline ASC LIMIT 20","SQL","","1"
"Lịch sử hóa đơn đã thanh toán tháng 11 của tôi (v1)","SELECT b.id AS bill_id, b.month, b.year, b.total_amount, b.status, b.paid_at, r.name AS room_name FROM bills b JOIN contracts c ON b.contract_id = c.id JOIN rooms r ON c.room_id = r.id WHERE c.tenant_id = USER_ID_PLACEHOLDER AND b.month = 11 AND b.year = EXTRACT(YEAR FROM CURRENT_DATE)::int AND b.status = 'PAID' ORDER BY b.paid_at DESC LIMIT 20","SQL","","1"
"Doanh thu đã thu tháng 11 của tôi (v1)","SELECT SUM(b.total_amount) AS total_revenue, COUNT(b.id) AS total_paid_bills, b.month, b.year FROM bills b JOIN contracts c ON b.contract_id = c.id JOIN rooms r ON c.room_id = r.id JOIN properties p ON r.property_id = p.id WHERE p.landlord_id = USER_ID_PLACEHOLDER AND b.status = 'PAID' AND b.month = 11 AND b.year = EXTRACT(YEAR FROM CURRENT_DATE)::int GROUP BY b.month, b.year","SQL","","1"
"Danh sách khách nợ tiền tháng 11 (v1)","SELECT u.full_name AS tenant_name, u.phone_number, r.name AS room_name, p.name AS property_name, b.total_amount, b.status AS bill_status, b.deadline FROM bills b JOIN contracts c ON b.contract_id = c.id JOIN rooms r ON c.room_id = r.id JOIN properties p ON r.property_id = p.id JOIN users u ON c.tenant_id = u.id WHERE p.landlord_id = USER_ID_PLACEHOLDER AND c.status = 'ACTIVE' AND b.month = 11 AND b.year = EXTRACT(YEAR FROM CURRENT_DATE)::int AND b.status IN ('UNPAID','LATE') ORDER BY b.deadline ASC LIMIT 100","SQL","","1"
"Hợp đồng active sắp hết hạn trong 37 ngày","SELECT c.id AS contract_id, c.end_date, (c.end_date::date - CURRENT_DATE) AS days_remaining, u.full_name AS tenant_name, r.name AS room_name, p.name AS property_name FROM contracts c JOIN rooms r ON c.room_id = r.id JOIN properties p ON r.property_id = p.id JOIN users u ON c.tenant_id = u.id WHERE p.landlord_id = USER_ID_PLACEHOLDER AND c.status = 'ACTIVE' AND c.end_date BETWEEN CURRENT_DATE AND (CURRENT_DATE + INTERVAL '37 day') ORDER BY c.end_date ASC LIMIT 100","SQL","","1"
"Tìm phòng ở Quận 12 từ 2500000 đến 4500000","SELECT r.id AS room_id, r.name, r.price, r.area, r.type, r.images, p.name AS property_name, p.address, p.district FROM rooms r JOIN properties p ON r.property_id = p.id WHERE r.status = 'AVAILABLE' AND p.status = 'APPROVED' AND p.district LIKE '%12%' AND r.price BETWEEN 2500000 AND 4500000 ORDER BY r.price ASC LIMIT 10","SQL","","1"
"Tìm phòng loại SHARED_ROOM ở Quận 12","SELECT r.id AS room_id, r.name, r.price, r.area, r.type, r.images, p.name AS property_name, p.address, p.district FROM rooms r JOIN properties p ON r.property_id = p.id WHERE r.status = 'AVAILABLE' AND p.status = 'APPROVED' AND p.district LIKE '%12%' AND r.type = 'SHARED_ROOM' ORDER BY r.price ASC LIMIT 10","SQL","","1"
"Tìm phòng ban công tại Quận 12","SELECT r.id AS room_id, r.name, r.price, r.area, r.type, r.images, p.name AS property_name, p.address, p.district FROM rooms r JOIN properties p ON r.property_id = p.id WHERE r.status = 'AVAILABLE' AND p.status = 'APPROVED' AND p.district LIKE '%12%' AND LOWER(COALESCE(r.amenities,'')) LIKE '%ban công%' ORDER BY r.price ASC LIMIT 10","SQL","","1"
"Giao dịch blockchain tháng 11 của tôi (v1)","SELECT b.id AS bill_id, b.month, b.year, b.total_amount, b.status, b.payment_tx_hash, r.name AS room_name FROM bills b JOIN contracts c ON b.contract_id = c.id JOIN rooms r ON c.room_id = r.id WHERE c.tenant_id = USER_ID_PLACEHOLDER AND b.month = 11 AND b.payment_tx_hash IS NOT NULL ORDER BY b.year DESC, b.month DESC LIMIT 30","SQL","","1"
"Hóa đơn tháng 12 của tôi (v1)","SELECT b.id AS bill_id, b.month, b.year, b.total_amount, b.status, b.deadline, r.name AS room_name FROM bills b JOIN contracts c ON b.contract_id = c.id JOIN rooms r ON c.room_id = r.id WHERE c.tenant_id = USER_ID_PLACEHOLDER AND b.month = 12 AND b.year = EXTRACT(YEAR FROM CURRENT_DATE)::int ORDER BY b.deadline ASC LIMIT 20","SQL","","1"
"Tôi còn nợ hóa đơn tháng 12 không (v1)","SELECT b.id AS bill_id, b.month, b.year, b.total_amount, b.status, b.deadline, r.name AS room_name FROM bills b JOIN contracts c ON b.contract_id = c.id JOIN rooms r ON c.room_id = r.id WHERE c.tenant_id = USER_ID_PLACEHOLDER AND b.month = 12 AND b.year = EXTRACT(YEAR FROM CURRENT_DATE)::int AND b.status IN ('UNPAID','LATE') ORDER BY b.deadline ASC LIMIT 20","SQL","","1"
"Lịch sử hóa đơn đã thanh toán tháng 12 của tôi (v1)","SELECT b.id AS bill_id, b.month, b.year, b.total_amount, b.status, b.paid_at, r.name AS room_name FROM bills b JOIN contracts c ON b.contract_id = c.id JOIN rooms r ON c.room_id = r.id WHERE c.tenant_id = USER_ID_PLACEHOLDER AND b.month = 12 AND b.year = EXTRACT(YEAR FROM CURRENT_DATE)::int AND b.status = 'PAID' ORDER BY b.paid_at DESC LIMIT 20","SQL","","1"
"Doanh thu đã thu tháng 12 của tôi (v1)","SELECT SUM(b.total_amount) AS total_revenue, COUNT(b.id) AS total_paid_bills, b.month, b.year FROM bills b JOIN contracts c ON b.contract_id = c.id JOIN rooms r ON c.room_id = r.id JOIN properties p ON r.property_id = p.id WHERE p.landlord_id = USER_ID_PLACEHOLDER AND b.status = 'PAID' AND b.month = 12 AND b.year = EXTRACT(YEAR FROM CURRENT_DATE)::int GROUP BY b.month, b.year","SQL","","1"
"Danh sách khách nợ tiền tháng 12 (v1)","SELECT u.full_name AS tenant_name, u.phone_number, r.name AS room_name, p.name AS property_name, b.total_amount, b.status AS bill_status, b.deadline FROM bills b JOIN contracts c ON b.contract_id = c.id JOIN rooms r ON c.room_id = r.id JOIN properties p ON r.property_id = p.id JOIN users u ON c.tenant_id = u.id WHERE p.landlord_id = USER_ID_PLACEHOLDER AND c.status = 'ACTIVE' AND b.month = 12 AND b.year = EXTRACT(YEAR FROM CURRENT_DATE)::int AND b.status IN ('UNPAID','LATE') ORDER BY b.deadline ASC LIMIT 100","SQL","","1"
"Hợp đồng active sắp hết hạn trong 38 ngày","SELECT c.id AS contract_id, c.end_date, (c.end_date::date - CURRENT_DATE) AS days_remaining, u.full_name AS tenant_name, r.name AS room_name, p.name AS property_name FROM contracts c JOIN rooms r ON c.room_id = r.id JOIN properties p ON r.property_id = p.id JOIN users u ON c.tenant_id = u.id WHERE p.landlord_id = USER_ID_PLACEHOLDER AND c.status = 'ACTIVE' AND c.end_date BETWEEN CURRENT_DATE AND (CURRENT_DATE + INTERVAL '38 day') ORDER BY c.end_date ASC LIMIT 100","SQL","","1"
"Tìm phòng ở Gò Vấp từ 3000000 đến 5000000","SELECT r.id AS room_id, r.name, r.price, r.area, r.type, r.images, p.name AS property_name, p.address, p.district FROM rooms r JOIN properties p ON r.property_id = p.id WHERE r.status = 'AVAILABLE' AND p.status = 'APPROVED' AND p.district LIKE '%Gò%Vấp%' AND r.price BETWEEN 3000000 AND 5000000 ORDER BY r.price ASC LIMIT 10","SQL","","1"
"Tìm phòng loại MEZZANINE_ROOM ở Gò Vấp","SELECT r.id AS room_id, r.name, r.price, r.area, r.type, r.images, p.name AS property_name, p.address, p.district FROM rooms r JOIN properties p ON r.property_id = p.id WHERE r.status = 'AVAILABLE' AND p.status = 'APPROVED' AND p.district LIKE '%Gò%Vấp%' AND r.type = 'MEZZANINE_ROOM' ORDER BY r.price ASC LIMIT 10","SQL","","1"
"Tìm phòng nội thất tại Gò Vấp","SELECT r.id AS room_id, r.name, r.price, r.area, r.type, r.images, p.name AS property_name, p.address, p.district FROM rooms r JOIN properties p ON r.property_id = p.id WHERE r.status = 'AVAILABLE' AND p.status = 'APPROVED' AND p.district LIKE '%Gò%Vấp%' AND LOWER(COALESCE(r.amenities,'')) LIKE '%nội thất%' ORDER BY r.price ASC LIMIT 10","SQL","","1"
"Giao dịch blockchain tháng 12 của tôi (v1)","SELECT b.id AS bill_id, b.month, b.year, b.total_amount, b.status, b.payment_tx_hash, r.name AS room_name FROM bills b JOIN contracts c ON b.contract_id = c.id JOIN rooms r ON c.room_id = r.id WHERE c.tenant_id = USER_ID_PLACEHOLDER AND b.month = 12 AND b.payment_tx_hash IS NOT NULL ORDER BY b.year DESC, b.month DESC LIMIT 30","SQL","","1"
"Hóa đơn tháng 1 của tôi (v2)","SELECT b.id AS bill_id, b.month, b.year, b.total_amount, b.status, b.deadline, r.name AS room_name FROM bills b JOIN contracts c ON b.contract_id = c.id JOIN rooms r ON c.room_id = r.id WHERE c.tenant_id = USER_ID_PLACEHOLDER AND b.month = 1 AND b.year = EXTRACT(YEAR FROM CURRENT_DATE)::int ORDER BY b.deadline ASC LIMIT 20","SQL","","1"
"Tôi còn nợ hóa đơn tháng 1 không (v2)","SELECT b.id AS bill_id, b.month, b.year, b.total_amount, b.status, b.deadline, r.name AS room_name FROM bills b JOIN contracts c ON b.contract_id = c.id JOIN rooms r ON c.room_id = r.id WHERE c.tenant_id = USER_ID_PLACEHOLDER AND b.month = 1 AND b.year = EXTRACT(YEAR FROM CURRENT_DATE)::int AND b.status IN ('UNPAID','LATE') ORDER BY b.deadline ASC LIMIT 20","SQL","","1"
"Lịch sử hóa đơn đã thanh toán tháng 1 của tôi (v2)","SELECT b.id AS bill_id, b.month, b.year, b.total_amount, b.status, b.paid_at, r.name AS room_name FROM bills b JOIN contracts c ON b.contract_id = c.id JOIN rooms r ON c.room_id = r.id WHERE c.tenant_id = USER_ID_PLACEHOLDER AND b.month = 1 AND b.year = EXTRACT(YEAR FROM CURRENT_DATE)::int AND b.status = 'PAID' ORDER BY b.paid_at DESC LIMIT 20","SQL","","1"
"Doanh thu đã thu tháng 1 của tôi (v2)","SELECT SUM(b.total_amount) AS total_revenue, COUNT(b.id) AS total_paid_bills, b.month, b.year FROM bills b JOIN contracts c ON b.contract_id = c.id JOIN rooms r ON c.room_id = r.id JOIN properties p ON r.property_id = p.id WHERE p.landlord_id = USER_ID_PLACEHOLDER AND b.status = 'PAID' AND b.month = 1 AND b.year = EXTRACT(YEAR FROM CURRENT_DATE)::int GROUP BY b.month, b.year","SQL","","1"
"Danh sách khách nợ tiền tháng 1 (v2)","SELECT u.full_name AS tenant_name, u.phone_number, r.name AS room_name, p.name AS property_name, b.total_amount, b.status AS bill_status, b.deadline FROM bills b JOIN contracts c ON b.contract_id = c.id JOIN rooms r ON c.room_id = r.id JOIN properties p ON r.property_id = p.id JOIN users u ON c.tenant_id = u.id WHERE p.landlord_id = USER_ID_PLACEHOLDER AND c.status = 'ACTIVE' AND b.month = 1 AND b.year = EXTRACT(YEAR FROM CURRENT_DATE)::int AND b.status IN ('UNPAID','LATE') ORDER BY b.deadline ASC LIMIT 100","SQL","","1"
"Hợp đồng active sắp hết hạn trong 39 ngày","SELECT c.id AS contract_id, c.end_date, (c.end_date::date - CURRENT_DATE) AS days_remaining, u.full_name AS tenant_name, r.name AS room_name, p.name AS property_name FROM contracts c JOIN rooms r ON c.room_id = r.id JOIN properties p ON r.property_id = p.id JOIN users u ON c.tenant_id = u.id WHERE p.landlord_id = USER_ID_PLACEHOLDER AND c.status = 'ACTIVE' AND c.end_date BETWEEN CURRENT_DATE AND (CURRENT_DATE + INTERVAL '39 day') ORDER BY c.end_date ASC LIMIT 100","SQL","","1"
"Tìm phòng ở Bình Thạnh từ 3500000 đến 5500000","SELECT r.id AS room_id, r.name, r.price, r.area, r.type, r.images, p.name AS property_name, p.address, p.district FROM rooms r JOIN properties p ON r.property_id = p.id WHERE r.status = 'AVAILABLE' AND p.status = 'APPROVED' AND p.district LIKE '%Bình%Thạnh%' AND r.price BETWEEN 3500000 AND 5500000 ORDER BY r.price ASC LIMIT 10","SQL","","1"
"Tìm phòng loại STUDIO ở Bình Thạnh","SELECT r.id AS room_id, r.name, r.price, r.area, r.type, r.images, p.name AS property_name, p.address, p.district FROM rooms r JOIN properties p ON r.property_id = p.id WHERE r.status = 'AVAILABLE' AND p.status = 'APPROVED' AND p.district LIKE '%Bình%Thạnh%' AND r.type = 'STUDIO' ORDER BY r.price ASC LIMIT 10","SQL","","1"
"Tìm phòng wifi tại Bình Thạnh","SELECT r.id AS room_id, r.name, r.price, r.area, r.type, r.images, p.name AS property_name, p.address, p.district FROM rooms r JOIN properties p ON r.property_id = p.id WHERE r.status = 'AVAILABLE' AND p.status = 'APPROVED' AND p.district LIKE '%Bình%Thạnh%' AND LOWER(COALESCE(r.amenities,'')) LIKE '%wifi%' ORDER BY r.price ASC LIMIT 10","SQL","","1"
"Giao dịch blockchain tháng 1 của tôi (v2)","SELECT b.id AS bill_id, b.month, b.year, b.total_amount, b.status, b.payment_tx_hash, r.name AS room_name FROM bills b JOIN contracts c ON b.contract_id = c.id JOIN rooms r ON c.room_id = r.id WHERE c.tenant_id = USER_ID_PLACEHOLDER AND b.month = 1 AND b.payment_tx_hash IS NOT NULL ORDER BY b.year DESC, b.month DESC LIMIT 30","SQL","","1"
"Hóa đơn tháng 2 của tôi (v2)","SELECT b.id AS bill_id, b.month, b.year, b.total_amount, b.status, b.deadline, r.name AS room_name FROM bills b JOIN contracts c ON b.contract_id = c.id JOIN rooms r ON c.room_id = r.id WHERE c.tenant_id = USER_ID_PLACEHOLDER AND b.month = 2 AND b.year = EXTRACT(YEAR FROM CURRENT_DATE)::int ORDER BY b.deadline ASC LIMIT 20","SQL","","1"
"Tôi còn nợ hóa đơn tháng 2 không (v2)","SELECT b.id AS bill_id, b.month, b.year, b.total_amount, b.status, b.deadline, r.name AS room_name FROM bills b JOIN contracts c ON b.contract_id = c.id JOIN rooms r ON c.room_id = r.id WHERE c.tenant_id = USER_ID_PLACEHOLDER AND b.month = 2 AND b.year = EXTRACT(YEAR FROM CURRENT_DATE)::int AND b.status IN ('UNPAID','LATE') ORDER BY b.deadline ASC LIMIT 20","SQL","","1"
"Lịch sử hóa đơn đã thanh toán tháng 2 của tôi (v2)","SELECT b.id AS bill_id, b.month, b.year, b.total_amount, b.status, b.paid_at, r.name AS room_name FROM bills b JOIN contracts c ON b.contract_id = c.id JOIN rooms r ON c.room_id = r.id WHERE c.tenant_id = USER_ID_PLACEHOLDER AND b.month = 2 AND b.year = EXTRACT(YEAR FROM CURRENT_DATE)::int AND b.status = 'PAID' ORDER BY b.paid_at DESC LIMIT 20","SQL","","1"
"Doanh thu đã thu tháng 2 của tôi (v2)","SELECT SUM(b.total_amount) AS total_revenue, COUNT(b.id) AS total_paid_bills, b.month, b.year FROM bills b JOIN contracts c ON b.contract_id = c.id JOIN rooms r ON c.room_id = r.id JOIN properties p ON r.property_id = p.id WHERE p.landlord_id = USER_ID_PLACEHOLDER AND b.status = 'PAID' AND b.month = 2 AND b.year = EXTRACT(YEAR FROM CURRENT_DATE)::int GROUP BY b.month, b.year","SQL","","1"
"Danh sách khách nợ tiền tháng 2 (v2)","SELECT u.full_name AS tenant_name, u.phone_number, r.name AS room_name, p.name AS property_name, b.total_amount, b.status AS bill_status, b.deadline FROM bills b JOIN contracts c ON b.contract_id = c.id JOIN rooms r ON c.room_id = r.id JOIN properties p ON r.property_id = p.id JOIN users u ON c.tenant_id = u.id WHERE p.landlord_id = USER_ID_PLACEHOLDER AND c.status = 'ACTIVE' AND b.month = 2 AND b.year = EXTRACT(YEAR FROM CURRENT_DATE)::int AND b.status IN ('UNPAID','LATE') ORDER BY b.deadline ASC LIMIT 100","SQL","","1"
"Hợp đồng active sắp hết hạn trong 40 ngày","SELECT c.id AS contract_id, c.end_date, (c.end_date::date - CURRENT_DATE) AS days_remaining, u.full_name AS tenant_name, r.name AS room_name, p.name AS property_name FROM contracts c JOIN rooms r ON c.room_id = r.id JOIN properties p ON r.property_id = p.id JOIN users u ON c.tenant_id = u.id WHERE p.landlord_id = USER_ID_PLACEHOLDER AND c.status = 'ACTIVE' AND c.end_date BETWEEN CURRENT_DATE AND (CURRENT_DATE + INTERVAL '40 day') ORDER BY c.end_date ASC LIMIT 100","SQL","","1"
"Tìm phòng ở Tân Bình từ 4000000 đến 6000000","SELECT r.id AS room_id, r.name, r.price, r.area, r.type, r.images, p.name AS property_name, p.address, p.district FROM rooms r JOIN properties p ON r.property_id = p.id WHERE r.status = 'AVAILABLE' AND p.status = 'APPROVED' AND p.district LIKE '%Tân%Bình%' AND r.price BETWEEN 4000000 AND 6000000 ORDER BY r.price ASC LIMIT 10","SQL","","1"
"Tìm phòng loại ONE_BEDROOM ở Tân Bình","SELECT r.id AS room_id, r.name, r.price, r.area, r.type, r.images, p.name AS property_name, p.address, p.district FROM rooms r JOIN properties p ON r.property_id = p.id WHERE r.status = 'AVAILABLE' AND p.status = 'APPROVED' AND p.district LIKE '%Tân%Bình%' AND r.type = 'ONE_BEDROOM' ORDER BY r.price ASC LIMIT 10","SQL","","1"
"Tìm phòng máy lạnh tại Tân Bình","SELECT r.id AS room_id, r.name, r.price, r.area, r.type, r.images, p.name AS property_name, p.address, p.district FROM rooms r JOIN properties p ON r.property_id = p.id WHERE r.status = 'AVAILABLE' AND p.status = 'APPROVED' AND p.district LIKE '%Tân%Bình%' AND LOWER(COALESCE(r.amenities,'')) LIKE '%máy lạnh%' ORDER BY r.price ASC LIMIT 10","SQL","","1"
"Giao dịch blockchain tháng 2 của tôi (v2)","SELECT b.id AS bill_id, b.month, b.year, b.total_amount, b.status, b.payment_tx_hash, r.name AS room_name FROM bills b JOIN contracts c ON b.contract_id = c.id JOIN rooms r ON c.room_id = r.id WHERE c.tenant_id = USER_ID_PLACEHOLDER AND b.month = 2 AND b.payment_tx_hash IS NOT NULL ORDER BY b.year DESC, b.month DESC LIMIT 30","SQL","","1"
"Hóa đơn tháng 3 của tôi (v2)","SELECT b.id AS bill_id, b.month, b.year, b.total_amount, b.status, b.deadline, r.name AS room_name FROM bills b JOIN contracts c ON b.contract_id = c.id JOIN rooms r ON c.room_id = r.id WHERE c.tenant_id = USER_ID_PLACEHOLDER AND b.month = 3 AND b.year = EXTRACT(YEAR FROM CURRENT_DATE)::int ORDER BY b.deadline ASC LIMIT 20","SQL","","1"
"Tôi còn nợ hóa đơn tháng 3 không (v2)","SELECT b.id AS bill_id, b.month, b.year, b.total_amount, b.status, b.deadline, r.name AS room_name FROM bills b JOIN contracts c ON b.contract_id = c.id JOIN rooms r ON c.room_id = r.id WHERE c.tenant_id = USER_ID_PLACEHOLDER AND b.month = 3 AND b.year = EXTRACT(YEAR FROM CURRENT_DATE)::int AND b.status IN ('UNPAID','LATE') ORDER BY b.deadline ASC LIMIT 20","SQL","","1"
"Lịch sử hóa đơn đã thanh toán tháng 3 của tôi (v2)","SELECT b.id AS bill_id, b.month, b.year, b.total_amount, b.status, b.paid_at, r.name AS room_name FROM bills b JOIN contracts c ON b.contract_id = c.id JOIN rooms r ON c.room_id = r.id WHERE c.tenant_id = USER_ID_PLACEHOLDER AND b.month = 3 AND b.year = EXTRACT(YEAR FROM CURRENT_DATE)::int AND b.status = 'PAID' ORDER BY b.paid_at DESC LIMIT 20","SQL","","1"
"Doanh thu đã thu tháng 3 của tôi (v2)","SELECT SUM(b.total_amount) AS total_revenue, COUNT(b.id) AS total_paid_bills, b.month, b.year FROM bills b JOIN contracts c ON b.contract_id = c.id JOIN rooms r ON c.room_id = r.id JOIN properties p ON r.property_id = p.id WHERE p.landlord_id = USER_ID_PLACEHOLDER AND b.status = 'PAID' AND b.month = 3 AND b.year = EXTRACT(YEAR FROM CURRENT_DATE)::int GROUP BY b.month, b.year","SQL","","1"
"Danh sách khách nợ tiền tháng 3 (v2)","SELECT u.full_name AS tenant_name, u.phone_number, r.name AS room_name, p.name AS property_name, b.total_amount, b.status AS bill_status, b.deadline FROM bills b JOIN contracts c ON b.contract_id = c.id JOIN rooms r ON c.room_id = r.id JOIN properties p ON r.property_id = p.id JOIN users u ON c.tenant_id = u.id WHERE p.landlord_id = USER_ID_PLACEHOLDER AND c.status = 'ACTIVE' AND b.month = 3 AND b.year = EXTRACT(YEAR FROM CURRENT_DATE)::int AND b.status IN ('UNPAID','LATE') ORDER BY b.deadline ASC LIMIT 100","SQL","","1"
"Hợp đồng active sắp hết hạn trong 41 ngày","SELECT c.id AS contract_id, c.end_date, (c.end_date::date - CURRENT_DATE) AS days_remaining, u.full_name AS tenant_name, r.name AS room_name, p.name AS property_name FROM contracts c JOIN rooms r ON c.room_id = r.id JOIN properties p ON r.property_id = p.id JOIN users u ON c.tenant_id = u.id WHERE p.landlord_id = USER_ID_PLACEHOLDER AND c.status = 'ACTIVE' AND c.end_date BETWEEN CURRENT_DATE AND (CURRENT_DATE + INTERVAL '41 day') ORDER BY c.end_date ASC LIMIT 100","SQL","","1"
"Tìm phòng ở Thủ Đức từ 4500000 đến 6500000","SELECT r.id AS room_id, r.name, r.price, r.area, r.type, r.images, p.name AS property_name, p.address, p.district FROM rooms r JOIN properties p ON r.property_id = p.id WHERE r.status = 'AVAILABLE' AND p.status = 'APPROVED' AND p.district LIKE '%Thủ%Đức%' AND r.price BETWEEN 4500000 AND 6500000 ORDER BY r.price ASC LIMIT 10","SQL","","1"
"Tìm phòng loại TWO_BEDROOM ở Thủ Đức","SELECT r.id AS room_id, r.name, r.price, r.area, r.type, r.images, p.name AS property_name, p.address, p.district FROM rooms r JOIN properties p ON r.property_id = p.id WHERE r.status = 'AVAILABLE' AND p.status = 'APPROVED' AND p.district LIKE '%Thủ%Đức%' AND r.type = 'TWO_BEDROOM' ORDER BY r.price ASC LIMIT 10","SQL","","1"
"Tìm phòng gác lửng tại Thủ Đức","SELECT r.id AS room_id, r.name, r.price, r.area, r.type, r.images, p.name AS property_name, p.address, p.district FROM rooms r JOIN properties p ON r.property_id = p.id WHERE r.status = 'AVAILABLE' AND p.status = 'APPROVED' AND p.district LIKE '%Thủ%Đức%' AND LOWER(COALESCE(r.amenities,'')) LIKE '%gác lửng%' ORDER BY r.price ASC LIMIT 10","SQL","","1"
"Giao dịch blockchain tháng 3 của tôi (v2)","SELECT b.id AS bill_id, b.month, b.year, b.total_amount, b.status, b.payment_tx_hash, r.name AS room_name FROM bills b JOIN contracts c ON b.contract_id = c.id JOIN rooms r ON c.room_id = r.id WHERE c.tenant_id = USER_ID_PLACEHOLDER AND b.month = 3 AND b.payment_tx_hash IS NOT NULL ORDER BY b.year DESC, b.month DESC LIMIT 30","SQL","","1"
"Hóa đơn tháng 4 của tôi (v2)","SELECT b.id AS bill_id, b.month, b.year, b.total_amount, b.status, b.deadline, r.name AS room_name FROM bills b JOIN contracts c ON b.contract_id = c.id JOIN rooms r ON c.room_id = r.id WHERE c.tenant_id = USER_ID_PLACEHOLDER AND b.month = 4 AND b.year = EXTRACT(YEAR FROM CURRENT_DATE)::int ORDER BY b.deadline ASC LIMIT 20","SQL","","1"
"Tôi còn nợ hóa đơn tháng 4 không (v2)","SELECT b.id AS bill_id, b.month, b.year, b.total_amount, b.status, b.deadline, r.name AS room_name FROM bills b JOIN contracts c ON b.contract_id = c.id JOIN rooms r ON c.room_id = r.id WHERE c.tenant_id = USER_ID_PLACEHOLDER AND b.month = 4 AND b.year = EXTRACT(YEAR FROM CURRENT_DATE)::int AND b.status IN ('UNPAID','LATE') ORDER BY b.deadline ASC LIMIT 20","SQL","","1"
"Lịch sử hóa đơn đã thanh toán tháng 4 của tôi (v2)","SELECT b.id AS bill_id, b.month, b.year, b.total_amount, b.status, b.paid_at, r.name AS room_name FROM bills b JOIN contracts c ON b.contract_id = c.id JOIN rooms r ON c.room_id = r.id WHERE c.tenant_id = USER_ID_PLACEHOLDER AND b.month = 4 AND b.year = EXTRACT(YEAR FROM CURRENT_DATE)::int AND b.status = 'PAID' ORDER BY b.paid_at DESC LIMIT 20","SQL","","1"
"Doanh thu đã thu tháng 4 của tôi (v2)","SELECT SUM(b.total_amount) AS total_revenue, COUNT(b.id) AS total_paid_bills, b.month, b.year FROM bills b JOIN contracts c ON b.contract_id = c.id JOIN rooms r ON c.room_id = r.id JOIN properties p ON r.property_id = p.id WHERE p.landlord_id = USER_ID_PLACEHOLDER AND b.status = 'PAID' AND b.month = 4 AND b.year = EXTRACT(YEAR FROM CURRENT_DATE)::int GROUP BY b.month, b.year","SQL","","1"
"Danh sách khách nợ tiền tháng 4 (v2)","SELECT u.full_name AS tenant_name, u.phone_number, r.name AS room_name, p.name AS property_name, b.total_amount, b.status AS bill_status, b.deadline FROM bills b JOIN contracts c ON b.contract_id = c.id JOIN rooms r ON c.room_id = r.id JOIN properties p ON r.property_id = p.id JOIN users u ON c.tenant_id = u.id WHERE p.landlord_id = USER_ID_PLACEHOLDER AND c.status = 'ACTIVE' AND b.month = 4 AND b.year = EXTRACT(YEAR FROM CURRENT_DATE)::int AND b.status IN ('UNPAID','LATE') ORDER BY b.deadline ASC LIMIT 100","SQL","","1"
"Hợp đồng active sắp hết hạn trong 42 ngày","SELECT c.id AS contract_id, c.end_date, (c.end_date::date - CURRENT_DATE) AS days_remaining, u.full_name AS tenant_name, r.name AS room_name, p.name AS property_name FROM contracts c JOIN rooms r ON c.room_id = r.id JOIN properties p ON r.property_id = p.id JOIN users u ON c.tenant_id = u.id WHERE p.landlord_id = USER_ID_PLACEHOLDER AND c.status = 'ACTIVE' AND c.end_date BETWEEN CURRENT_DATE AND (CURRENT_DATE + INTERVAL '42 day') ORDER BY c.end_date ASC LIMIT 100","SQL","","1"
"Tìm phòng ở Phú Nhuận từ 5000000 đến 7000000","SELECT r.id AS room_id, r.name, r.price, r.area, r.type, r.images, p.name AS property_name, p.address, p.district FROM rooms r JOIN properties p ON r.property_id = p.id WHERE r.status = 'AVAILABLE' AND p.status = 'APPROVED' AND p.district LIKE '%Phú%Nhuận%' AND r.price BETWEEN 5000000 AND 7000000 ORDER BY r.price ASC LIMIT 10","SQL","","1"
"Tìm phòng loại SINGLE_ROOM ở Phú Nhuận","SELECT r.id AS room_id, r.name, r.price, r.area, r.type, r.images, p.name AS property_name, p.address, p.district FROM rooms r JOIN properties p ON r.property_id = p.id WHERE r.status = 'AVAILABLE' AND p.status = 'APPROVED' AND p.district LIKE '%Phú%Nhuận%' AND r.type = 'SINGLE_ROOM' ORDER BY r.price ASC LIMIT 10","SQL","","1"
"Tìm phòng ban công tại Phú Nhuận","SELECT r.id AS room_id, r.name, r.price, r.area, r.type, r.images, p.name AS property_name, p.address, p.district FROM rooms r JOIN properties p ON r.property_id = p.id WHERE r.status = 'AVAILABLE' AND p.status = 'APPROVED' AND p.district LIKE '%Phú%Nhuận%' AND LOWER(COALESCE(r.amenities,'')) LIKE '%ban công%' ORDER BY r.price ASC LIMIT 10","SQL","","1"
"Giao dịch blockchain tháng 4 của tôi (v2)","SELECT b.id AS bill_id, b.month, b.year, b.total_amount, b.status, b.payment_tx_hash, r.name AS room_name FROM bills b JOIN contracts c ON b.contract_id = c.id JOIN rooms r ON c.room_id = r.id WHERE c.tenant_id = USER_ID_PLACEHOLDER AND b.month = 4 AND b.payment_tx_hash IS NOT NULL ORDER BY b.year DESC, b.month DESC LIMIT 30","SQL","","1"
"Hóa đơn tháng 5 của tôi (v2)","SELECT b.id AS bill_id, b.month, b.year, b.total_amount, b.status, b.deadline, r.name AS room_name FROM bills b JOIN contracts c ON b.contract_id = c.id JOIN rooms r ON c.room_id = r.id WHERE c.tenant_id = USER_ID_PLACEHOLDER AND b.month = 5 AND b.year = EXTRACT(YEAR FROM CURRENT_DATE)::int ORDER BY b.deadline ASC LIMIT 20","SQL","","1"
"Tôi còn nợ hóa đơn tháng 5 không (v2)","SELECT b.id AS bill_id, b.month, b.year, b.total_amount, b.status, b.deadline, r.name AS room_name FROM bills b JOIN contracts c ON b.contract_id = c.id JOIN rooms r ON c.room_id = r.id WHERE c.tenant_id = USER_ID_PLACEHOLDER AND b.month = 5 AND b.year = EXTRACT(YEAR FROM CURRENT_DATE)::int AND b.status IN ('UNPAID','LATE') ORDER BY b.deadline ASC LIMIT 20","SQL","","1"
"Lịch sử hóa đơn đã thanh toán tháng 5 của tôi (v2)","SELECT b.id AS bill_id, b.month, b.year, b.total_amount, b.status, b.paid_at, r.name AS room_name FROM bills b JOIN contracts c ON b.contract_id = c.id JOIN rooms r ON c.room_id = r.id WHERE c.tenant_id = USER_ID_PLACEHOLDER AND b.month = 5 AND b.year = EXTRACT(YEAR FROM CURRENT_DATE)::int AND b.status = 'PAID' ORDER BY b.paid_at DESC LIMIT 20","SQL","","1"
"Doanh thu đã thu tháng 5 của tôi (v2)","SELECT SUM(b.total_amount) AS total_revenue, COUNT(b.id) AS total_paid_bills, b.month, b.year FROM bills b JOIN contracts c ON b.contract_id = c.id JOIN rooms r ON c.room_id = r.id JOIN properties p ON r.property_id = p.id WHERE p.landlord_id = USER_ID_PLACEHOLDER AND b.status = 'PAID' AND b.month = 5 AND b.year = EXTRACT(YEAR FROM CURRENT_DATE)::int GROUP BY b.month, b.year","SQL","","1"
"Danh sách khách nợ tiền tháng 5 (v2)","SELECT u.full_name AS tenant_name, u.phone_number, r.name AS room_name, p.name AS property_name, b.total_amount, b.status AS bill_status, b.deadline FROM bills b JOIN contracts c ON b.contract_id = c.id JOIN rooms r ON c.room_id = r.id JOIN properties p ON r.property_id = p.id JOIN users u ON c.tenant_id = u.id WHERE p.landlord_id = USER_ID_PLACEHOLDER AND c.status = 'ACTIVE' AND b.month = 5 AND b.year = EXTRACT(YEAR FROM CURRENT_DATE)::int AND b.status IN ('UNPAID','LATE') ORDER BY b.deadline ASC LIMIT 100","SQL","","1"
"Hợp đồng active sắp hết hạn trong 43 ngày","SELECT c.id AS contract_id, c.end_date, (c.end_date::date - CURRENT_DATE) AS days_remaining, u.full_name AS tenant_name, r.name AS room_name, p.name AS property_name FROM contracts c JOIN rooms r ON c.room_id = r.id JOIN properties p ON r.property_id = p.id JOIN users u ON c.tenant_id = u.id WHERE p.landlord_id = USER_ID_PLACEHOLDER AND c.status = 'ACTIVE' AND c.end_date BETWEEN CURRENT_DATE AND (CURRENT_DATE + INTERVAL '43 day') ORDER BY c.end_date ASC LIMIT 100","SQL","","1"
"Tìm phòng ở Bình Tân từ 2000000 đến 4000000","SELECT r.id AS room_id, r.name, r.price, r.area, r.type, r.images, p.name AS property_name, p.address, p.district FROM rooms r JOIN properties p ON r.property_id = p.id WHERE r.status = 'AVAILABLE' AND p.status = 'APPROVED' AND p.district LIKE '%Bình%Tân%' AND r.price BETWEEN 2000000 AND 4000000 ORDER BY r.price ASC LIMIT 10","SQL","","1"
"Tìm phòng loại SHARED_ROOM ở Bình Tân","SELECT r.id AS room_id, r.name, r.price, r.area, r.type, r.images, p.name AS property_name, p.address, p.district FROM rooms r JOIN properties p ON r.property_id = p.id WHERE r.status = 'AVAILABLE' AND p.status = 'APPROVED' AND p.district LIKE '%Bình%Tân%' AND r.type = 'SHARED_ROOM' ORDER BY r.price ASC LIMIT 10","SQL","","1"
"Tìm phòng nội thất tại Bình Tân","SELECT r.id AS room_id, r.name, r.price, r.area, r.type, r.images, p.name AS property_name, p.address, p.district FROM rooms r JOIN properties p ON r.property_id = p.id WHERE r.status = 'AVAILABLE' AND p.status = 'APPROVED' AND p.district LIKE '%Bình%Tân%' AND LOWER(COALESCE(r.amenities,'')) LIKE '%nội thất%' ORDER BY r.price ASC LIMIT 10","SQL","","1"
"Giao dịch blockchain tháng 5 của tôi (v2)","SELECT b.id AS bill_id, b.month, b.year, b.total_amount, b.status, b.payment_tx_hash, r.name AS room_name FROM bills b JOIN contracts c ON b.contract_id = c.id JOIN rooms r ON c.room_id = r.id WHERE c.tenant_id = USER_ID_PLACEHOLDER AND b.month = 5 AND b.payment_tx_hash IS NOT NULL ORDER BY b.year DESC, b.month DESC LIMIT 30","SQL","","1"
"Hóa đơn tháng 6 của tôi (v2)","SELECT b.id AS bill_id, b.month, b.year, b.total_amount, b.status, b.deadline, r.name AS room_name FROM bills b JOIN contracts c ON b.contract_id = c.id JOIN rooms r ON c.room_id = r.id WHERE c.tenant_id = USER_ID_PLACEHOLDER AND b.month = 6 AND b.year = EXTRACT(YEAR FROM CURRENT_DATE)::int ORDER BY b.deadline ASC LIMIT 20","SQL","","1"
"Tôi còn nợ hóa đơn tháng 6 không (v2)","SELECT b.id AS bill_id, b.month, b.year, b.total_amount, b.status, b.deadline, r.name AS room_name FROM bills b JOIN contracts c ON b.contract_id = c.id JOIN rooms r ON c.room_id = r.id WHERE c.tenant_id = USER_ID_PLACEHOLDER AND b.month = 6 AND b.year = EXTRACT(YEAR FROM CURRENT_DATE)::int AND b.status IN ('UNPAID','LATE') ORDER BY b.deadline ASC LIMIT 20","SQL","","1"
"Lịch sử hóa đơn đã thanh toán tháng 6 của tôi (v2)","SELECT b.id AS bill_id, b.month, b.year, b.total_amount, b.status, b.paid_at, r.name AS room_name FROM bills b JOIN contracts c ON b.contract_id = c.id JOIN rooms r ON c.room_id = r.id WHERE c.tenant_id = USER_ID_PLACEHOLDER AND b.month = 6 AND b.year = EXTRACT(YEAR FROM CURRENT_DATE)::int AND b.status = 'PAID' ORDER BY b.paid_at DESC LIMIT 20","SQL","","1"
"Doanh thu đã thu tháng 6 của tôi (v2)","SELECT SUM(b.total_amount) AS total_revenue, COUNT(b.id) AS total_paid_bills, b.month, b.year FROM bills b JOIN contracts c ON b.contract_id = c.id JOIN rooms r ON c.room_id = r.id JOIN properties p ON r.property_id = p.id WHERE p.landlord_id = USER_ID_PLACEHOLDER AND b.status = 'PAID' AND b.month = 6 AND b.year = EXTRACT(YEAR FROM CURRENT_DATE)::int GROUP BY b.month, b.year","SQL","","1"
"Danh sách khách nợ tiền tháng 6 (v2)","SELECT u.full_name AS tenant_name, u.phone_number, r.name AS room_name, p.name AS property_name, b.total_amount, b.status AS bill_status, b.deadline FROM bills b JOIN contracts c ON b.contract_id = c.id JOIN rooms r ON c.room_id = r.id JOIN properties p ON r.property_id = p.id JOIN users u ON c.tenant_id = u.id WHERE p.landlord_id = USER_ID_PLACEHOLDER AND c.status = 'ACTIVE' AND b.month = 6 AND b.year = EXTRACT(YEAR FROM CURRENT_DATE)::int AND b.status IN ('UNPAID','LATE') ORDER BY b.deadline ASC LIMIT 100","SQL","","1"
"Hợp đồng active sắp hết hạn trong 44 ngày","SELECT c.id AS contract_id, c.end_date, (c.end_date::date - CURRENT_DATE) AS days_remaining, u.full_name AS tenant_name, r.name AS room_name, p.name AS property_name FROM contracts c JOIN rooms r ON c.room_id = r.id JOIN properties p ON r.property_id = p.id JOIN users u ON c.tenant_id = u.id WHERE p.landlord_id = USER_ID_PLACEHOLDER AND c.status = 'ACTIVE' AND c.end_date BETWEEN CURRENT_DATE AND (CURRENT_DATE + INTERVAL '44 day') ORDER BY c.end_date ASC LIMIT 100","SQL","","1"
"Tìm phòng ở Bình Chánh từ 2500000 đến 4500000","SELECT r.id AS room_id, r.name, r.price, r.area, r.type, r.images, p.name AS property_name, p.address, p.district FROM rooms r JOIN properties p ON r.property_id = p.id WHERE r.status = 'AVAILABLE' AND p.status = 'APPROVED' AND p.district LIKE '%Bình%Chánh%' AND r.price BETWEEN 2500000 AND 4500000 ORDER BY r.price ASC LIMIT 10","SQL","","1"
"Tìm phòng loại MEZZANINE_ROOM ở Bình Chánh","SELECT r.id AS room_id, r.name, r.price, r.area, r.type, r.images, p.name AS property_name, p.address, p.district FROM rooms r JOIN properties p ON r.property_id = p.id WHERE r.status = 'AVAILABLE' AND p.status = 'APPROVED' AND p.district LIKE '%Bình%Chánh%' AND r.type = 'MEZZANINE_ROOM' ORDER BY r.price ASC LIMIT 10","SQL","","1"
"Tìm phòng wifi tại Bình Chánh","SELECT r.id AS room_id, r.name, r.price, r.area, r.type, r.images, p.name AS property_name, p.address, p.district FROM rooms r JOIN properties p ON r.property_id = p.id WHERE r.status = 'AVAILABLE' AND p.status = 'APPROVED' AND p.district LIKE '%Bình%Chánh%' AND LOWER(COALESCE(r.amenities,'')) LIKE '%wifi%' ORDER BY r.price ASC LIMIT 10","SQL","","1"
"Giao dịch blockchain tháng 6 của tôi (v2)","SELECT b.id AS bill_id, b.month, b.year, b.total_amount, b.status, b.payment_tx_hash, r.name AS room_name FROM bills b JOIN contracts c ON b.contract_id = c.id JOIN rooms r ON c.room_id = r.id WHERE c.tenant_id = USER_ID_PLACEHOLDER AND b.month = 6 AND b.payment_tx_hash IS NOT NULL ORDER BY b.year DESC, b.month DESC LIMIT 30","SQL","","1"
"Hóa đơn tháng 7 của tôi (v2)","SELECT b.id AS bill_id, b.month, b.year, b.total_amount, b.status, b.deadline, r.name AS room_name FROM bills b JOIN contracts c ON b.contract_id = c.id JOIN rooms r ON c.room_id = r.id WHERE c.tenant_id = USER_ID_PLACEHOLDER AND b.month = 7 AND b.year = EXTRACT(YEAR FROM CURRENT_DATE)::int ORDER BY b.deadline ASC LIMIT 20","SQL","","1"
"Tôi còn nợ hóa đơn tháng 7 không (v2)","SELECT b.id AS bill_id, b.month, b.year, b.total_amount, b.status, b.deadline, r.name AS room_name FROM bills b JOIN contracts c ON b.contract_id = c.id JOIN rooms r ON c.room_id = r.id WHERE c.tenant_id = USER_ID_PLACEHOLDER AND b.month = 7 AND b.year = EXTRACT(YEAR FROM CURRENT_DATE)::int AND b.status IN ('UNPAID','LATE') ORDER BY b.deadline ASC LIMIT 20","SQL","","1"
"Lịch sử hóa đơn đã thanh toán tháng 7 của tôi (v2)","SELECT b.id AS bill_id, b.month, b.year, b.total_amount, b.status, b.paid_at, r.name AS room_name FROM bills b JOIN contracts c ON b.contract_id = c.id JOIN rooms r ON c.room_id = r.id WHERE c.tenant_id = USER_ID_PLACEHOLDER AND b.month = 7 AND b.year = EXTRACT(YEAR FROM CURRENT_DATE)::int AND b.status = 'PAID' ORDER BY b.paid_at DESC LIMIT 20","SQL","","1"
"Doanh thu đã thu tháng 7 của tôi (v2)","SELECT SUM(b.total_amount) AS total_revenue, COUNT(b.id) AS total_paid_bills, b.month, b.year FROM bills b JOIN contracts c ON b.contract_id = c.id JOIN rooms r ON c.room_id = r.id JOIN properties p ON r.property_id = p.id WHERE p.landlord_id = USER_ID_PLACEHOLDER AND b.status = 'PAID' AND b.month = 7 AND b.year = EXTRACT(YEAR FROM CURRENT_DATE)::int GROUP BY b.month, b.year","SQL","","1"
"Danh sách khách nợ tiền tháng 7 (v2)","SELECT u.full_name AS tenant_name, u.phone_number, r.name AS room_name, p.name AS property_name, b.total_amount, b.status AS bill_status, b.deadline FROM bills b JOIN contracts c ON b.contract_id = c.id JOIN rooms r ON c.room_id = r.id JOIN properties p ON r.property_id = p.id JOIN users u ON c.tenant_id = u.id WHERE p.landlord_id = USER_ID_PLACEHOLDER AND c.status = 'ACTIVE' AND b.month = 7 AND b.year = EXTRACT(YEAR FROM CURRENT_DATE)::int AND b.status IN ('UNPAID','LATE') ORDER BY b.deadline ASC LIMIT 100","SQL","","1"
"Hợp đồng active sắp hết hạn trong 45 ngày","SELECT c.id AS contract_id, c.end_date, (c.end_date::date - CURRENT_DATE) AS days_remaining, u.full_name AS tenant_name, r.name AS room_name, p.name AS property_name FROM contracts c JOIN rooms r ON c.room_id = r.id JOIN properties p ON r.property_id = p.id JOIN users u ON c.tenant_id = u.id WHERE p.landlord_id = USER_ID_PLACEHOLDER AND c.status = 'ACTIVE' AND c.end_date BETWEEN CURRENT_DATE AND (CURRENT_DATE + INTERVAL '45 day') ORDER BY c.end_date ASC LIMIT 100","SQL","","1"
"Tìm phòng ở Nhà Bè từ 3000000 đến 5000000","SELECT r.id AS room_id, r.name, r.price, r.area, r.type, r.images, p.name AS property_name, p.address, p.district FROM rooms r JOIN properties p ON r.property_id = p.id WHERE r.status = 'AVAILABLE' AND p.status = 'APPROVED' AND p.district LIKE '%Nhà%Bè%' AND r.price BETWEEN 3000000 AND 5000000 ORDER BY r.price ASC LIMIT 10","SQL","","1"
"Tìm phòng loại STUDIO ở Nhà Bè","SELECT r.id AS room_id, r.name, r.price, r.area, r.type, r.images, p.name AS property_name, p.address, p.district FROM rooms r JOIN properties p ON r.property_id = p.id WHERE r.status = 'AVAILABLE' AND p.status = 'APPROVED' AND p.district LIKE '%Nhà%Bè%' AND r.type = 'STUDIO' ORDER BY r.price ASC LIMIT 10","SQL","","1"
"Tìm phòng máy lạnh tại Nhà Bè","SELECT r.id AS room_id, r.name, r.price, r.area, r.type, r.images, p.name AS property_name, p.address, p.district FROM rooms r JOIN properties p ON r.property_id = p.id WHERE r.status = 'AVAILABLE' AND p.status = 'APPROVED' AND p.district LIKE '%Nhà%Bè%' AND LOWER(COALESCE(r.amenities,'')) LIKE '%máy lạnh%' ORDER BY r.price ASC LIMIT 10","SQL","","1"
"Giao dịch blockchain tháng 7 của tôi (v2)","SELECT b.id AS bill_id, b.month, b.year, b.total_amount, b.status, b.payment_tx_hash, r.name AS room_name FROM bills b JOIN contracts c ON b.contract_id = c.id JOIN rooms r ON c.room_id = r.id WHERE c.tenant_id = USER_ID_PLACEHOLDER AND b.month = 7 AND b.payment_tx_hash IS NOT NULL ORDER BY b.year DESC, b.month DESC LIMIT 30","SQL","","1"
"Hóa đơn tháng 8 của tôi (v2)","SELECT b.id AS bill_id, b.month, b.year, b.total_amount, b.status, b.deadline, r.name AS room_name FROM bills b JOIN contracts c ON b.contract_id = c.id JOIN rooms r ON c.room_id = r.id WHERE c.tenant_id = USER_ID_PLACEHOLDER AND b.month = 8 AND b.year = EXTRACT(YEAR FROM CURRENT_DATE)::int ORDER BY b.deadline ASC LIMIT 20","SQL","","1"
"Tôi còn nợ hóa đơn tháng 8 không (v2)","SELECT b.id AS bill_id, b.month, b.year, b.total_amount, b.status, b.deadline, r.name AS room_name FROM bills b JOIN contracts c ON b.contract_id = c.id JOIN rooms r ON c.room_id = r.id WHERE c.tenant_id = USER_ID_PLACEHOLDER AND b.month = 8 AND b.year = EXTRACT(YEAR FROM CURRENT_DATE)::int AND b.status IN ('UNPAID','LATE') ORDER BY b.deadline ASC LIMIT 20","SQL","","1"
"Lịch sử hóa đơn đã thanh toán tháng 8 của tôi (v2)","SELECT b.id AS bill_id, b.month, b.year, b.total_amount, b.status, b.paid_at, r.name AS room_name FROM bills b JOIN contracts c ON b.contract_id = c.id JOIN rooms r ON c.room_id = r.id WHERE c.tenant_id = USER_ID_PLACEHOLDER AND b.month = 8 AND b.year = EXTRACT(YEAR FROM CURRENT_DATE)::int AND b.status = 'PAID' ORDER BY b.paid_at DESC LIMIT 20","SQL","","1"
"Doanh thu đã thu tháng 8 của tôi (v2)","SELECT SUM(b.total_amount) AS total_revenue, COUNT(b.id) AS total_paid_bills, b.month, b.year FROM bills b JOIN contracts c ON b.contract_id = c.id JOIN rooms r ON c.room_id = r.id JOIN properties p ON r.property_id = p.id WHERE p.landlord_id = USER_ID_PLACEHOLDER AND b.status = 'PAID' AND b.month = 8 AND b.year = EXTRACT(YEAR FROM CURRENT_DATE)::int GROUP BY b.month, b.year","SQL","","1"
"Danh sách khách nợ tiền tháng 8 (v2)","SELECT u.full_name AS tenant_name, u.phone_number, r.name AS room_name, p.name AS property_name, b.total_amount, b.status AS bill_status, b.deadline FROM bills b JOIN contracts c ON b.contract_id = c.id JOIN rooms r ON c.room_id = r.id JOIN properties p ON r.property_id = p.id JOIN users u ON c.tenant_id = u.id WHERE p.landlord_id = USER_ID_PLACEHOLDER AND c.status = 'ACTIVE' AND b.month = 8 AND b.year = EXTRACT(YEAR FROM CURRENT_DATE)::int AND b.status IN ('UNPAID','LATE') ORDER BY b.deadline ASC LIMIT 100","SQL","","1"
"Hợp đồng active sắp hết hạn trong 46 ngày","SELECT c.id AS contract_id, c.end_date, (c.end_date::date - CURRENT_DATE) AS days_remaining, u.full_name AS tenant_name, r.name AS room_name, p.name AS property_name FROM contracts c JOIN rooms r ON c.room_id = r.id JOIN properties p ON r.property_id = p.id JOIN users u ON c.tenant_id = u.id WHERE p.landlord_id = USER_ID_PLACEHOLDER AND c.status = 'ACTIVE' AND c.end_date BETWEEN CURRENT_DATE AND (CURRENT_DATE + INTERVAL '46 day') ORDER BY c.end_date ASC LIMIT 100","SQL","","1"
"Tìm phòng ở Hóc Môn từ 3500000 đến 5500000","SELECT r.id AS room_id, r.name, r.price, r.area, r.type, r.images, p.name AS property_name, p.address, p.district FROM rooms r JOIN properties p ON r.property_id = p.id WHERE r.status = 'AVAILABLE' AND p.status = 'APPROVED' AND p.district LIKE '%Hóc%Môn%' AND r.price BETWEEN 3500000 AND 5500000 ORDER BY r.price ASC LIMIT 10","SQL","","1"
"Tìm phòng loại ONE_BEDROOM ở Hóc Môn","SELECT r.id AS room_id, r.name, r.price, r.area, r.type, r.images, p.name AS property_name, p.address, p.district FROM rooms r JOIN properties p ON r.property_id = p.id WHERE r.status = 'AVAILABLE' AND p.status = 'APPROVED' AND p.district LIKE '%Hóc%Môn%' AND r.type = 'ONE_BEDROOM' ORDER BY r.price ASC LIMIT 10","SQL","","1"
"Tìm phòng gác lửng tại Hóc Môn","SELECT r.id AS room_id, r.name, r.price, r.area, r.type, r.images, p.name AS property_name, p.address, p.district FROM rooms r JOIN properties p ON r.property_id = p.id WHERE r.status = 'AVAILABLE' AND p.status = 'APPROVED' AND p.district LIKE '%Hóc%Môn%' AND LOWER(COALESCE(r.amenities,'')) LIKE '%gác lửng%' ORDER BY r.price ASC LIMIT 10","SQL","","1"
"Giao dịch blockchain tháng 8 của tôi (v2)","SELECT b.id AS bill_id, b.month, b.year, b.total_amount, b.status, b.payment_tx_hash, r.name AS room_name FROM bills b JOIN contracts c ON b.contract_id = c.id JOIN rooms r ON c.room_id = r.id WHERE c.tenant_id = USER_ID_PLACEHOLDER AND b.month = 8 AND b.payment_tx_hash IS NOT NULL ORDER BY b.year DESC, b.month DESC LIMIT 30","SQL","","1"
"Hóa đơn tháng 9 của tôi (v2)","SELECT b.id AS bill_id, b.month, b.year, b.total_amount, b.status, b.deadline, r.name AS room_name FROM bills b JOIN contracts c ON b.contract_id = c.id JOIN rooms r ON c.room_id = r.id WHERE c.tenant_id = USER_ID_PLACEHOLDER AND b.month = 9 AND b.year = EXTRACT(YEAR FROM CURRENT_DATE)::int ORDER BY b.deadline ASC LIMIT 20","SQL","","1"
"Tôi còn nợ hóa đơn tháng 9 không (v2)","SELECT b.id AS bill_id, b.month, b.year, b.total_amount, b.status, b.deadline, r.name AS room_name FROM bills b JOIN contracts c ON b.contract_id = c.id JOIN rooms r ON c.room_id = r.id WHERE c.tenant_id = USER_ID_PLACEHOLDER AND b.month = 9 AND b.year = EXTRACT(YEAR FROM CURRENT_DATE)::int AND b.status IN ('UNPAID','LATE') ORDER BY b.deadline ASC LIMIT 20","SQL","","1"
"Lịch sử hóa đơn đã thanh toán tháng 9 của tôi (v2)","SELECT b.id AS bill_id, b.month, b.year, b.total_amount, b.status, b.paid_at, r.name AS room_name FROM bills b JOIN contracts c ON b.contract_id = c.id JOIN rooms r ON c.room_id = r.id WHERE c.tenant_id = USER_ID_PLACEHOLDER AND b.month = 9 AND b.year = EXTRACT(YEAR FROM CURRENT_DATE)::int AND b.status = 'PAID' ORDER BY b.paid_at DESC LIMIT 20","SQL","","1"
"Doanh thu đã thu tháng 9 của tôi (v2)","SELECT SUM(b.total_amount) AS total_revenue, COUNT(b.id) AS total_paid_bills, b.month, b.year FROM bills b JOIN contracts c ON b.contract_id = c.id JOIN rooms r ON c.room_id = r.id JOIN properties p ON r.property_id = p.id WHERE p.landlord_id = USER_ID_PLACEHOLDER AND b.status = 'PAID' AND b.month = 9 AND b.year = EXTRACT(YEAR FROM CURRENT_DATE)::int GROUP BY b.month, b.year","SQL","","1"
"Danh sách khách nợ tiền tháng 9 (v2)","SELECT u.full_name AS tenant_name, u.phone_number, r.name AS room_name, p.name AS property_name, b.total_amount, b.status AS bill_status, b.deadline FROM bills b JOIN contracts c ON b.contract_id = c.id JOIN rooms r ON c.room_id = r.id JOIN properties p ON r.property_id = p.id JOIN users u ON c.tenant_id = u.id WHERE p.landlord_id = USER_ID_PLACEHOLDER AND c.status = 'ACTIVE' AND b.month = 9 AND b.year = EXTRACT(YEAR FROM CURRENT_DATE)::int AND b.status IN ('UNPAID','LATE') ORDER BY b.deadline ASC LIMIT 100","SQL","","1"
"Hợp đồng active sắp hết hạn trong 47 ngày","SELECT c.id AS contract_id, c.end_date, (c.end_date::date - CURRENT_DATE) AS days_remaining, u.full_name AS tenant_name, r.name AS room_name, p.name AS property_name FROM contracts c JOIN rooms r ON c.room_id = r.id JOIN properties p ON r.property_id = p.id JOIN users u ON c.tenant_id = u.id WHERE p.landlord_id = USER_ID_PLACEHOLDER AND c.status = 'ACTIVE' AND c.end_date BETWEEN CURRENT_DATE AND (CURRENT_DATE + INTERVAL '47 day') ORDER BY c.end_date ASC LIMIT 100","SQL","","1"
"Tìm phòng ở Quận 1 từ 4000000 đến 6000000","SELECT r.id AS room_id, r.name, r.price, r.area, r.type, r.images, p.name AS property_name, p.address, p.district FROM rooms r JOIN properties p ON r.property_id = p.id WHERE r.status = 'AVAILABLE' AND p.status = 'APPROVED' AND p.district LIKE '%1%' AND r.price BETWEEN 4000000 AND 6000000 ORDER BY r.price ASC LIMIT 10","SQL","","1"
"Tìm phòng loại TWO_BEDROOM ở Quận 1","SELECT r.id AS room_id, r.name, r.price, r.area, r.type, r.images, p.name AS property_name, p.address, p.district FROM rooms r JOIN properties p ON r.property_id = p.id WHERE r.status = 'AVAILABLE' AND p.status = 'APPROVED' AND p.district LIKE '%1%' AND r.type = 'TWO_BEDROOM' ORDER BY r.price ASC LIMIT 10","SQL","","1"
"Tìm phòng ban công tại Quận 1","SELECT r.id AS room_id, r.name, r.price, r.area, r.type, r.images, p.name AS property_name, p.address, p.district FROM rooms r JOIN properties p ON r.property_id = p.id WHERE r.status = 'AVAILABLE' AND p.status = 'APPROVED' AND p.district LIKE '%1%' AND LOWER(COALESCE(r.amenities,'')) LIKE '%ban công%' ORDER BY r.price ASC LIMIT 10","SQL","","1"
"Giao dịch blockchain tháng 9 của tôi (v2)","SELECT b.id AS bill_id, b.month, b.year, b.total_amount, b.status, b.payment_tx_hash, r.name AS room_name FROM bills b JOIN contracts c ON b.contract_id = c.id JOIN rooms r ON c.room_id = r.id WHERE c.tenant_id = USER_ID_PLACEHOLDER AND b.month = 9 AND b.payment_tx_hash IS NOT NULL ORDER BY b.year DESC, b.month DESC LIMIT 30","SQL","","1"
"Hóa đơn tháng 10 của tôi (v2)","SELECT b.id AS bill_id, b.month, b.year, b.total_amount, b.status, b.deadline, r.name AS room_name FROM bills b JOIN contracts c ON b.contract_id = c.id JOIN rooms r ON c.room_id = r.id WHERE c.tenant_id = USER_ID_PLACEHOLDER AND b.month = 10 AND b.year = EXTRACT(YEAR FROM CURRENT_DATE)::int ORDER BY b.deadline ASC LIMIT 20","SQL","","1"
"Tôi còn nợ hóa đơn tháng 10 không (v2)","SELECT b.id AS bill_id, b.month, b.year, b.total_amount, b.status, b.deadline, r.name AS room_name FROM bills b JOIN contracts c ON b.contract_id = c.id JOIN rooms r ON c.room_id = r.id WHERE c.tenant_id = USER_ID_PLACEHOLDER AND b.month = 10 AND b.year = EXTRACT(YEAR FROM CURRENT_DATE)::int AND b.status IN ('UNPAID','LATE') ORDER BY b.deadline ASC LIMIT 20","SQL","","1"
"Lịch sử hóa đơn đã thanh toán tháng 10 của tôi (v2)","SELECT b.id AS bill_id, b.month, b.year, b.total_amount, b.status, b.paid_at, r.name AS room_name FROM bills b JOIN contracts c ON b.contract_id = c.id JOIN rooms r ON c.room_id = r.id WHERE c.tenant_id = USER_ID_PLACEHOLDER AND b.month = 10 AND b.year = EXTRACT(YEAR FROM CURRENT_DATE)::int AND b.status = 'PAID' ORDER BY b.paid_at DESC LIMIT 20","SQL","","1"
"Doanh thu đã thu tháng 10 của tôi (v2)","SELECT SUM(b.total_amount) AS total_revenue, COUNT(b.id) AS total_paid_bills, b.month, b.year FROM bills b JOIN contracts c ON b.contract_id = c.id JOIN rooms r ON c.room_id = r.id JOIN properties p ON r.property_id = p.id WHERE p.landlord_id = USER_ID_PLACEHOLDER AND b.status = 'PAID' AND b.month = 10 AND b.year = EXTRACT(YEAR FROM CURRENT_DATE)::int GROUP BY b.month, b.year","SQL","","1"
"Danh sách khách nợ tiền tháng 10 (v2)","SELECT u.full_name AS tenant_name, u.phone_number, r.name AS room_name, p.name AS property_name, b.total_amount, b.status AS bill_status, b.deadline FROM bills b JOIN contracts c ON b.contract_id = c.id JOIN rooms r ON c.room_id = r.id JOIN properties p ON r.property_id = p.id JOIN users u ON c.tenant_id = u.id WHERE p.landlord_id = USER_ID_PLACEHOLDER AND c.status = 'ACTIVE' AND b.month = 10 AND b.year = EXTRACT(YEAR FROM CURRENT_DATE)::int AND b.status IN ('UNPAID','LATE') ORDER BY b.deadline ASC LIMIT 100","SQL","","1"
"Hợp đồng active sắp hết hạn trong 48 ngày","SELECT c.id AS contract_id, c.end_date, (c.end_date::date - CURRENT_DATE) AS days_remaining, u.full_name AS tenant_name, r.name AS room_name, p.name AS property_name FROM contracts c JOIN rooms r ON c.room_id = r.id JOIN properties p ON r.property_id = p.id JOIN users u ON c.tenant_id = u.id WHERE p.landlord_id = USER_ID_PLACEHOLDER AND c.status = 'ACTIVE' AND c.end_date BETWEEN CURRENT_DATE AND (CURRENT_DATE + INTERVAL '48 day') ORDER BY c.end_date ASC LIMIT 100","SQL","","1"
"Tìm phòng ở Quận 3 từ 4500000 đến 6500000","SELECT r.id AS room_id, r.name, r.price, r.area, r.type, r.images, p.name AS property_name, p.address, p.district FROM rooms r JOIN properties p ON r.property_id = p.id WHERE r.status = 'AVAILABLE' AND p.status = 'APPROVED' AND p.district LIKE '%3%' AND r.price BETWEEN 4500000 AND 6500000 ORDER BY r.price ASC LIMIT 10","SQL","","1"
"Tìm phòng loại SINGLE_ROOM ở Quận 3","SELECT r.id AS room_id, r.name, r.price, r.area, r.type, r.images, p.name AS property_name, p.address, p.district FROM rooms r JOIN properties p ON r.property_id = p.id WHERE r.status = 'AVAILABLE' AND p.status = 'APPROVED' AND p.district LIKE '%3%' AND r.type = 'SINGLE_ROOM' ORDER BY r.price ASC LIMIT 10","SQL","","1"
"Tìm phòng nội thất tại Quận 3","SELECT r.id AS room_id, r.name, r.price, r.area, r.type, r.images, p.name AS property_name, p.address, p.district FROM rooms r JOIN properties p ON r.property_id = p.id WHERE r.status = 'AVAILABLE' AND p.status = 'APPROVED' AND p.district LIKE '%3%' AND LOWER(COALESCE(r.amenities,'')) LIKE '%nội thất%' ORDER BY r.price ASC LIMIT 10","SQL","","1"
"Giao dịch blockchain tháng 10 của tôi (v2)","SELECT b.id AS bill_id, b.month, b.year, b.total_amount, b.status, b.payment_tx_hash, r.name AS room_name FROM bills b JOIN contracts c ON b.contract_id = c.id JOIN rooms r ON c.room_id = r.id WHERE c.tenant_id = USER_ID_PLACEHOLDER AND b.month = 10 AND b.payment_tx_hash IS NOT NULL ORDER BY b.year DESC, b.month DESC LIMIT 30","SQL","","1"
"Hóa đơn tháng 11 của tôi (v2)","SELECT b.id AS bill_id, b.month, b.year, b.total_amount, b.status, b.deadline, r.name AS room_name FROM bills b JOIN contracts c ON b.contract_id = c.id JOIN rooms r ON c.room_id = r.id WHERE c.tenant_id = USER_ID_PLACEHOLDER AND b.month = 11 AND b.year = EXTRACT(YEAR FROM CURRENT_DATE)::int ORDER BY b.deadline ASC LIMIT 20","SQL","","1"
"Tôi còn nợ hóa đơn tháng 11 không (v2)","SELECT b.id AS bill_id, b.month, b.year, b.total_amount, b.status, b.deadline, r.name AS room_name FROM bills b JOIN contracts c ON b.contract_id = c.id JOIN rooms r ON c.room_id = r.id WHERE c.tenant_id = USER_ID_PLACEHOLDER AND b.month = 11 AND b.year = EXTRACT(YEAR FROM CURRENT_DATE)::int AND b.status IN ('UNPAID','LATE') ORDER BY b.deadline ASC LIMIT 20","SQL","","1"
"Lịch sử hóa đơn đã thanh toán tháng 11 của tôi (v2)","SELECT b.id AS bill_id, b.month, b.year, b.total_amount, b.status, b.paid_at, r.name AS room_name FROM bills b JOIN contracts c ON b.contract_id = c.id JOIN rooms r ON c.room_id = r.id WHERE c.tenant_id = USER_ID_PLACEHOLDER AND b.month = 11 AND b.year = EXTRACT(YEAR FROM CURRENT_DATE)::int AND b.status = 'PAID' ORDER BY b.paid_at DESC LIMIT 20","SQL","","1"
"Doanh thu đã thu tháng 11 của tôi (v2)","SELECT SUM(b.total_amount) AS total_revenue, COUNT(b.id) AS total_paid_bills, b.month, b.year FROM bills b JOIN contracts c ON b.contract_id = c.id JOIN rooms r ON c.room_id = r.id JOIN properties p ON r.property_id = p.id WHERE p.landlord_id = USER_ID_PLACEHOLDER AND b.status = 'PAID' AND b.month = 11 AND b.year = EXTRACT(YEAR FROM CURRENT_DATE)::int GROUP BY b.month, b.year","SQL","","1"
"Danh sách khách nợ tiền tháng 11 (v2)","SELECT u.full_name AS tenant_name, u.phone_number, r.name AS room_name, p.name AS property_name, b.total_amount, b.status AS bill_status, b.deadline FROM bills b JOIN contracts c ON b.contract_id = c.id JOIN rooms r ON c.room_id = r.id JOIN properties p ON r.property_id = p.id JOIN users u ON c.tenant_id = u.id WHERE p.landlord_id = USER_ID_PLACEHOLDER AND c.status = 'ACTIVE' AND b.month = 11 AND b.year = EXTRACT(YEAR FROM CURRENT_DATE)::int AND b.status IN ('UNPAID','LATE') ORDER BY b.deadline ASC LIMIT 100","SQL","","1"
"Hợp đồng active sắp hết hạn trong 49 ngày","SELECT c.id AS contract_id, c.end_date, (c.end_date::date - CURRENT_DATE) AS days_remaining, u.full_name AS tenant_name, r.name AS room_name, p.name AS property_name FROM contracts c JOIN rooms r ON c.room_id = r.id JOIN properties p ON r.property_id = p.id JOIN users u ON c.tenant_id = u.id WHERE p.landlord_id = USER_ID_PLACEHOLDER AND c.status = 'ACTIVE' AND c.end_date BETWEEN CURRENT_DATE AND (CURRENT_DATE + INTERVAL '49 day') ORDER BY c.end_date ASC LIMIT 100","SQL","","1"
"Tìm phòng ở Quận 4 từ 5000000 đến 7000000","SELECT r.id AS room_id, r.name, r.price, r.area, r.type, r.images, p.name AS property_name, p.address, p.district FROM rooms r JOIN properties p ON r.property_id = p.id WHERE r.status = 'AVAILABLE' AND p.status = 'APPROVED' AND p.district LIKE '%4%' AND r.price BETWEEN 5000000 AND 7000000 ORDER BY r.price ASC LIMIT 10","SQL","","1"
"Tìm phòng loại SHARED_ROOM ở Quận 4","SELECT r.id AS room_id, r.name, r.price, r.area, r.type, r.images, p.name AS property_name, p.address, p.district FROM rooms r JOIN properties p ON r.property_id = p.id WHERE r.status = 'AVAILABLE' AND p.status = 'APPROVED' AND p.district LIKE '%4%' AND r.type = 'SHARED_ROOM' ORDER BY r.price ASC LIMIT 10","SQL","","1"
"Tìm phòng wifi tại Quận 4","SELECT r.id AS room_id, r.name, r.price, r.area, r.type, r.images, p.name AS property_name, p.address, p.district FROM rooms r JOIN properties p ON r.property_id = p.id WHERE r.status = 'AVAILABLE' AND p.status = 'APPROVED' AND p.district LIKE '%4%' AND LOWER(COALESCE(r.amenities,'')) LIKE '%wifi%' ORDER BY r.price ASC LIMIT 10","SQL","","1"
"Giao dịch blockchain tháng 11 của tôi (v2)","SELECT b.id AS bill_id, b.month, b.year, b.total_amount, b.status, b.payment_tx_hash, r.name AS room_name FROM bills b JOIN contracts c ON b.contract_id = c.id JOIN rooms r ON c.room_id = r.id WHERE c.tenant_id = USER_ID_PLACEHOLDER AND b.month = 11 AND b.payment_tx_hash IS NOT NULL ORDER BY b.year DESC, b.month DESC LIMIT 30","SQL","","1"
"Hóa đơn tháng 12 của tôi (v2)","SELECT b.id AS bill_id, b.month, b.year, b.total_amount, b.status, b.deadline, r.name AS room_name FROM bills b JOIN contracts c ON b.contract_id = c.id JOIN rooms r ON c.room_id = r.id WHERE c.tenant_id = USER_ID_PLACEHOLDER AND b.month = 12 AND b.year = EXTRACT(YEAR FROM CURRENT_DATE)::int ORDER BY b.deadline ASC LIMIT 20","SQL","","1"
"Tôi còn nợ hóa đơn tháng 12 không (v2)","SELECT b.id AS bill_id, b.month, b.year, b.total_amount, b.status, b.deadline, r.name AS room_name FROM bills b JOIN contracts c ON b.contract_id = c.id JOIN rooms r ON c.room_id = r.id WHERE c.tenant_id = USER_ID_PLACEHOLDER AND b.month = 12 AND b.year = EXTRACT(YEAR FROM CURRENT_DATE)::int AND b.status IN ('UNPAID','LATE') ORDER BY b.deadline ASC LIMIT 20","SQL","","1"
"Lịch sử hóa đơn đã thanh toán tháng 12 của tôi (v2)","SELECT b.id AS bill_id, b.month, b.year, b.total_amount, b.status, b.paid_at, r.name AS room_name FROM bills b JOIN contracts c ON b.contract_id = c.id JOIN rooms r ON c.room_id = r.id WHERE c.tenant_id = USER_ID_PLACEHOLDER AND b.month = 12 AND b.year = EXTRACT(YEAR FROM CURRENT_DATE)::int AND b.status = 'PAID' ORDER BY b.paid_at DESC LIMIT 20","SQL","","1"
"Doanh thu đã thu tháng 12 của tôi (v2)","SELECT SUM(b.total_amount) AS total_revenue, COUNT(b.id) AS total_paid_bills, b.month, b.year FROM bills b JOIN contracts c ON b.contract_id = c.id JOIN rooms r ON c.room_id = r.id JOIN properties p ON r.property_id = p.id WHERE p.landlord_id = USER_ID_PLACEHOLDER AND b.status = 'PAID' AND b.month = 12 AND b.year = EXTRACT(YEAR FROM CURRENT_DATE)::int GROUP BY b.month, b.year","SQL","","1"
"Danh sách khách nợ tiền tháng 12 (v2)","SELECT u.full_name AS tenant_name, u.phone_number, r.name AS room_name, p.name AS property_name, b.total_amount, b.status AS bill_status, b.deadline FROM bills b JOIN contracts c ON b.contract_id = c.id JOIN rooms r ON c.room_id = r.id JOIN properties p ON r.property_id = p.id JOIN users u ON c.tenant_id = u.id WHERE p.landlord_id = USER_ID_PLACEHOLDER AND c.status = 'ACTIVE' AND b.month = 12 AND b.year = EXTRACT(YEAR FROM CURRENT_DATE)::int AND b.status IN ('UNPAID','LATE') ORDER BY b.deadline ASC LIMIT 100","SQL","","1"
"Hợp đồng active sắp hết hạn trong 50 ngày","SELECT c.id AS contract_id, c.end_date, (c.end_date::date - CURRENT_DATE) AS days_remaining, u.full_name AS tenant_name, r.name AS room_name, p.name AS property_name FROM contracts c JOIN rooms r ON c.room_id = r.id JOIN properties p ON r.property_id = p.id JOIN users u ON c.tenant_id = u.id WHERE p.landlord_id = USER_ID_PLACEHOLDER AND c.status = 'ACTIVE' AND c.end_date BETWEEN CURRENT_DATE AND (CURRENT_DATE + INTERVAL '50 day') ORDER BY c.end_date ASC LIMIT 100","SQL","","1"
"Tìm phòng ở Quận 5 từ 2000000 đến 4000000","SELECT r.id AS room_id, r.name, r.price, r.area, r.type, r.images, p.name AS property_name, p.address, p.district FROM rooms r JOIN properties p ON r.property_id = p.id WHERE r.status = 'AVAILABLE' AND p.status = 'APPROVED' AND p.district LIKE '%5%' AND r.price BETWEEN 2000000 AND 4000000 ORDER BY r.price ASC LIMIT 10","SQL","","1"
"Tìm phòng loại MEZZANINE_ROOM ở Quận 5","SELECT r.id AS room_id, r.name, r.price, r.area, r.type, r.images, p.name AS property_name, p.address, p.district FROM rooms r JOIN properties p ON r.property_id = p.id WHERE r.status = 'AVAILABLE' AND p.status = 'APPROVED' AND p.district LIKE '%5%' AND r.type = 'MEZZANINE_ROOM' ORDER BY r.price ASC LIMIT 10","SQL","","1"
"Tìm phòng máy lạnh tại Quận 5","SELECT r.id AS room_id, r.name, r.price, r.area, r.type, r.images, p.name AS property_name, p.address, p.district FROM rooms r JOIN properties p ON r.property_id = p.id WHERE r.status = 'AVAILABLE' AND p.status = 'APPROVED' AND p.district LIKE '%5%' AND LOWER(COALESCE(r.amenities,'')) LIKE '%máy lạnh%' ORDER BY r.price ASC LIMIT 10","SQL","","1"
"Giao dịch blockchain tháng 12 của tôi (v2)","SELECT b.id AS bill_id, b.month, b.year, b.total_amount, b.status, b.payment_tx_hash, r.name AS room_name FROM bills b JOIN contracts c ON b.contract_id = c.id JOIN rooms r ON c.room_id = r.id WHERE c.tenant_id = USER_ID_PLACEHOLDER AND b.month = 12 AND b.payment_tx_hash IS NOT NULL ORDER BY b.year DESC, b.month DESC LIMIT 30","SQL","","1"
"Hóa đơn tháng 1 của tôi (v3)","SELECT b.id AS bill_id, b.month, b.year, b.total_amount, b.status, b.deadline, r.name AS room_name FROM bills b JOIN contracts c ON b.contract_id = c.id JOIN rooms r ON c.room_id = r.id WHERE c.tenant_id = USER_ID_PLACEHOLDER AND b.month = 1 AND b.year = EXTRACT(YEAR FROM CURRENT_DATE)::int ORDER BY b.deadline ASC LIMIT 20","SQL","","1"
"Tôi còn nợ hóa đơn tháng 1 không (v3)","SELECT b.id AS bill_id, b.month, b.year, b.total_amount, b.status, b.deadline, r.name AS room_name FROM bills b JOIN contracts c ON b.contract_id = c.id JOIN rooms r ON c.room_id = r.id WHERE c.tenant_id = USER_ID_PLACEHOLDER AND b.month = 1 AND b.year = EXTRACT(YEAR FROM CURRENT_DATE)::int AND b.status IN ('UNPAID','LATE') ORDER BY b.deadline ASC LIMIT 20","SQL","","1"
"Lịch sử hóa đơn đã thanh toán tháng 1 của tôi (v3)","SELECT b.id AS bill_id, b.month, b.year, b.total_amount, b.status, b.paid_at, r.name AS room_name FROM bills b JOIN contracts c ON b.contract_id = c.id JOIN rooms r ON c.room_id = r.id WHERE c.tenant_id = USER_ID_PLACEHOLDER AND b.month = 1 AND b.year = EXTRACT(YEAR FROM CURRENT_DATE)::int AND b.status = 'PAID' ORDER BY b.paid_at DESC LIMIT 20","SQL","","1"
"Doanh thu đã thu tháng 1 của tôi (v3)","SELECT SUM(b.total_amount) AS total_revenue, COUNT(b.id) AS total_paid_bills, b.month, b.year FROM bills b JOIN contracts c ON b.contract_id = c.id JOIN rooms r ON c.room_id = r.id JOIN properties p ON r.property_id = p.id WHERE p.landlord_id = USER_ID_PLACEHOLDER AND b.status = 'PAID' AND b.month = 1 AND b.year = EXTRACT(YEAR FROM CURRENT_DATE)::int GROUP BY b.month, b.year","SQL","","1"
"Danh sách khách nợ tiền tháng 1 (v3)","SELECT u.full_name AS tenant_name, u.phone_number, r.name AS room_name, p.name AS property_name, b.total_amount, b.status AS bill_status, b.deadline FROM bills b JOIN contracts c ON b.contract_id = c.id JOIN rooms r ON c.room_id = r.id JOIN properties p ON r.property_id = p.id JOIN users u ON c.tenant_id = u.id WHERE p.landlord_id = USER_ID_PLACEHOLDER AND c.status = 'ACTIVE' AND b.month = 1 AND b.year = EXTRACT(YEAR FROM CURRENT_DATE)::int AND b.status IN ('UNPAID','LATE') ORDER BY b.deadline ASC LIMIT 100","SQL","","1"
"Hợp đồng active sắp hết hạn trong 51 ngày","SELECT c.id AS contract_id, c.end_date, (c.end_date::date - CURRENT_DATE) AS days_remaining, u.full_name AS tenant_name, r.name AS room_name, p.name AS property_name FROM contracts c JOIN rooms r ON c.room_id = r.id JOIN properties p ON r.property_id = p.id JOIN users u ON c.tenant_id = u.id WHERE p.landlord_id = USER_ID_PLACEHOLDER AND c.status = 'ACTIVE' AND c.end_date BETWEEN CURRENT_DATE AND (CURRENT_DATE + INTERVAL '51 day') ORDER BY c.end_date ASC LIMIT 100","SQL","","1"
"Tìm phòng ở Quận 7 từ 2500000 đến 4500000","SELECT r.id AS room_id, r.name, r.price, r.area, r.type, r.images, p.name AS property_name, p.address, p.district FROM rooms r JOIN properties p ON r.property_id = p.id WHERE r.status = 'AVAILABLE' AND p.status = 'APPROVED' AND p.district LIKE '%7%' AND r.price BETWEEN 2500000 AND 4500000 ORDER BY r.price ASC LIMIT 10","SQL","","1"
"Tìm phòng loại STUDIO ở Quận 7","SELECT r.id AS room_id, r.name, r.price, r.area, r.type, r.images, p.name AS property_name, p.address, p.district FROM rooms r JOIN properties p ON r.property_id = p.id WHERE r.status = 'AVAILABLE' AND p.status = 'APPROVED' AND p.district LIKE '%7%' AND r.type = 'STUDIO' ORDER BY r.price ASC LIMIT 10","SQL","","1"
"Tìm phòng gác lửng tại Quận 7","SELECT r.id AS room_id, r.name, r.price, r.area, r.type, r.images, p.name AS property_name, p.address, p.district FROM rooms r JOIN properties p ON r.property_id = p.id WHERE r.status = 'AVAILABLE' AND p.status = 'APPROVED' AND p.district LIKE '%7%' AND LOWER(COALESCE(r.amenities,'')) LIKE '%gác lửng%' ORDER BY r.price ASC LIMIT 10","SQL","","1"
"Giao dịch blockchain tháng 1 của tôi (v3)","SELECT b.id AS bill_id, b.month, b.year, b.total_amount, b.status, b.payment_tx_hash, r.name AS room_name FROM bills b JOIN contracts c ON b.contract_id = c.id JOIN rooms r ON c.room_id = r.id WHERE c.tenant_id = USER_ID_PLACEHOLDER AND b.month = 1 AND b.payment_tx_hash IS NOT NULL ORDER BY b.year DESC, b.month DESC LIMIT 30","SQL","","1"
"Hóa đơn tháng 2 của tôi (v3)","SELECT b.id AS bill_id, b.month, b.year, b.total_amount, b.status, b.deadline, r.name AS room_name FROM bills b JOIN contracts c ON b.contract_id = c.id JOIN rooms r ON c.room_id = r.id WHERE c.tenant_id = USER_ID_PLACEHOLDER AND b.month = 2 AND b.year = EXTRACT(YEAR FROM CURRENT_DATE)::int ORDER BY b.deadline ASC LIMIT 20","SQL","","1"
"Tôi còn nợ hóa đơn tháng 2 không (v3)","SELECT b.id AS bill_id, b.month, b.year, b.total_amount, b.status, b.deadline, r.name AS room_name FROM bills b JOIN contracts c ON b.contract_id = c.id JOIN rooms r ON c.room_id = r.id WHERE c.tenant_id = USER_ID_PLACEHOLDER AND b.month = 2 AND b.year = EXTRACT(YEAR FROM CURRENT_DATE)::int AND b.status IN ('UNPAID','LATE') ORDER BY b.deadline ASC LIMIT 20","SQL","","1"
"Lịch sử hóa đơn đã thanh toán tháng 2 của tôi (v3)","SELECT b.id AS bill_id, b.month, b.year, b.total_amount, b.status, b.paid_at, r.name AS room_name FROM bills b JOIN contracts c ON b.contract_id = c.id JOIN rooms r ON c.room_id = r.id WHERE c.tenant_id = USER_ID_PLACEHOLDER AND b.month = 2 AND b.year = EXTRACT(YEAR FROM CURRENT_DATE)::int AND b.status = 'PAID' ORDER BY b.paid_at DESC LIMIT 20","SQL","","1"
"Doanh thu đã thu tháng 2 của tôi (v3)","SELECT SUM(b.total_amount) AS total_revenue, COUNT(b.id) AS total_paid_bills, b.month, b.year FROM bills b JOIN contracts c ON b.contract_id = c.id JOIN rooms r ON c.room_id = r.id JOIN properties p ON r.property_id = p.id WHERE p.landlord_id = USER_ID_PLACEHOLDER AND b.status = 'PAID' AND b.month = 2 AND b.year = EXTRACT(YEAR FROM CURRENT_DATE)::int GROUP BY b.month, b.year","SQL","","1"
"Danh sách khách nợ tiền tháng 2 (v3)","SELECT u.full_name AS tenant_name, u.phone_number, r.name AS room_name, p.name AS property_name, b.total_amount, b.status AS bill_status, b.deadline FROM bills b JOIN contracts c ON b.contract_id = c.id JOIN rooms r ON c.room_id = r.id JOIN properties p ON r.property_id = p.id JOIN users u ON c.tenant_id = u.id WHERE p.landlord_id = USER_ID_PLACEHOLDER AND c.status = 'ACTIVE' AND b.month = 2 AND b.year = EXTRACT(YEAR FROM CURRENT_DATE)::int AND b.status IN ('UNPAID','LATE') ORDER BY b.deadline ASC LIMIT 100","SQL","","1"
"Hợp đồng active sắp hết hạn trong 52 ngày","SELECT c.id AS contract_id, c.end_date, (c.end_date::date - CURRENT_DATE) AS days_remaining, u.full_name AS tenant_name, r.name AS room_name, p.name AS property_name FROM contracts c JOIN rooms r ON c.room_id = r.id JOIN properties p ON r.property_id = p.id JOIN users u ON c.tenant_id = u.id WHERE p.landlord_id = USER_ID_PLACEHOLDER AND c.status = 'ACTIVE' AND c.end_date BETWEEN CURRENT_DATE AND (CURRENT_DATE + INTERVAL '52 day') ORDER BY c.end_date ASC LIMIT 100","SQL","","1"
"Tìm phòng ở Quận 10 từ 3000000 đến 5000000","SELECT r.id AS room_id, r.name, r.price, r.area, r.type, r.images, p.name AS property_name, p.address, p.district FROM rooms r JOIN properties p ON r.property_id = p.id WHERE r.status = 'AVAILABLE' AND p.status = 'APPROVED' AND p.district LIKE '%10%' AND r.price BETWEEN 3000000 AND 5000000 ORDER BY r.price ASC LIMIT 10","SQL","","1"
"Tìm phòng loại ONE_BEDROOM ở Quận 10","SELECT r.id AS room_id, r.name, r.price, r.area, r.type, r.images, p.name AS property_name, p.address, p.district FROM rooms r JOIN properties p ON r.property_id = p.id WHERE r.status = 'AVAILABLE' AND p.status = 'APPROVED' AND p.district LIKE '%10%' AND r.type = 'ONE_BEDROOM' ORDER BY r.price ASC LIMIT 10","SQL","","1"
"Tìm phòng ban công tại Quận 10","SELECT r.id AS room_id, r.name, r.price, r.area, r.type, r.images, p.name AS property_name, p.address, p.district FROM rooms r JOIN properties p ON r.property_id = p.id WHERE r.status = 'AVAILABLE' AND p.status = 'APPROVED' AND p.district LIKE '%10%' AND LOWER(COALESCE(r.amenities,'')) LIKE '%ban công%' ORDER BY r.price ASC LIMIT 10","SQL","","1"
"Giao dịch blockchain tháng 2 của tôi (v3)","SELECT b.id AS bill_id, b.month, b.year, b.total_amount, b.status, b.payment_tx_hash, r.name AS room_name FROM bills b JOIN contracts c ON b.contract_id = c.id JOIN rooms r ON c.room_id = r.id WHERE c.tenant_id = USER_ID_PLACEHOLDER AND b.month = 2 AND b.payment_tx_hash IS NOT NULL ORDER BY b.year DESC, b.month DESC LIMIT 30","SQL","","1"
"Hóa đơn tháng 3 của tôi (v3)","SELECT b.id AS bill_id, b.month, b.year, b.total_amount, b.status, b.deadline, r.name AS room_name FROM bills b JOIN contracts c ON b.contract_id = c.id JOIN rooms r ON c.room_id = r.id WHERE c.tenant_id = USER_ID_PLACEHOLDER AND b.month = 3 AND b.year = EXTRACT(YEAR FROM CURRENT_DATE)::int ORDER BY b.deadline ASC LIMIT 20","SQL","","1"
"Tôi còn nợ hóa đơn tháng 3 không (v3)","SELECT b.id AS bill_id, b.month, b.year, b.total_amount, b.status, b.deadline, r.name AS room_name FROM bills b JOIN contracts c ON b.contract_id = c.id JOIN rooms r ON c.room_id = r.id WHERE c.tenant_id = USER_ID_PLACEHOLDER AND b.month = 3 AND b.year = EXTRACT(YEAR FROM CURRENT_DATE)::int AND b.status IN ('UNPAID','LATE') ORDER BY b.deadline ASC LIMIT 20","SQL","","1"
"Lịch sử hóa đơn đã thanh toán tháng 3 của tôi (v3)","SELECT b.id AS bill_id, b.month, b.year, b.total_amount, b.status, b.paid_at, r.name AS room_name FROM bills b JOIN contracts c ON b.contract_id = c.id JOIN rooms r ON c.room_id = r.id WHERE c.tenant_id = USER_ID_PLACEHOLDER AND b.month = 3 AND b.year = EXTRACT(YEAR FROM CURRENT_DATE)::int AND b.status = 'PAID' ORDER BY b.paid_at DESC LIMIT 20","SQL","","1"
"Doanh thu đã thu tháng 3 của tôi (v3)","SELECT SUM(b.total_amount) AS total_revenue, COUNT(b.id) AS total_paid_bills, b.month, b.year FROM bills b JOIN contracts c ON b.contract_id = c.id JOIN rooms r ON c.room_id = r.id JOIN properties p ON r.property_id = p.id WHERE p.landlord_id = USER_ID_PLACEHOLDER AND b.status = 'PAID' AND b.month = 3 AND b.year = EXTRACT(YEAR FROM CURRENT_DATE)::int GROUP BY b.month, b.year","SQL","","1"
"Danh sách khách nợ tiền tháng 3 (v3)","SELECT u.full_name AS tenant_name, u.phone_number, r.name AS room_name, p.name AS property_name, b.total_amount, b.status AS bill_status, b.deadline FROM bills b JOIN contracts c ON b.contract_id = c.id JOIN rooms r ON c.room_id = r.id JOIN properties p ON r.property_id = p.id JOIN users u ON c.tenant_id = u.id WHERE p.landlord_id = USER_ID_PLACEHOLDER AND c.status = 'ACTIVE' AND b.month = 3 AND b.year = EXTRACT(YEAR FROM CURRENT_DATE)::int AND b.status IN ('UNPAID','LATE') ORDER BY b.deadline ASC LIMIT 100","SQL","","1"
"Hợp đồng active sắp hết hạn trong 53 ngày","SELECT c.id AS contract_id, c.end_date, (c.end_date::date - CURRENT_DATE) AS days_remaining, u.full_name AS tenant_name, r.name AS room_name, p.name AS property_name FROM contracts c JOIN rooms r ON c.room_id = r.id JOIN properties p ON r.property_id = p.id JOIN users u ON c.tenant_id = u.id WHERE p.landlord_id = USER_ID_PLACEHOLDER AND c.status = 'ACTIVE' AND c.end_date BETWEEN CURRENT_DATE AND (CURRENT_DATE + INTERVAL '53 day') ORDER BY c.end_date ASC LIMIT 100","SQL","","1"
"Tìm phòng ở Quận 12 từ 3500000 đến 5500000","SELECT r.id AS room_id, r.name, r.price, r.area, r.type, r.images, p.name AS property_name, p.address, p.district FROM rooms r JOIN properties p ON r.property_id = p.id WHERE r.status = 'AVAILABLE' AND p.status = 'APPROVED' AND p.district LIKE '%12%' AND r.price BETWEEN 3500000 AND 5500000 ORDER BY r.price ASC LIMIT 10","SQL","","1"
"Tìm phòng loại TWO_BEDROOM ở Quận 12","SELECT r.id AS room_id, r.name, r.price, r.area, r.type, r.images, p.name AS property_name, p.address, p.district FROM rooms r JOIN properties p ON r.property_id = p.id WHERE r.status = 'AVAILABLE' AND p.status = 'APPROVED' AND p.district LIKE '%12%' AND r.type = 'TWO_BEDROOM' ORDER BY r.price ASC LIMIT 10","SQL","","1"
"Tìm phòng nội thất tại Quận 12","SELECT r.id AS room_id, r.name, r.price, r.area, r.type, r.images, p.name AS property_name, p.address, p.district FROM rooms r JOIN properties p ON r.property_id = p.id WHERE r.status = 'AVAILABLE' AND p.status = 'APPROVED' AND p.district LIKE '%12%' AND LOWER(COALESCE(r.amenities,'')) LIKE '%nội thất%' ORDER BY r.price ASC LIMIT 10","SQL","","1"
"Giao dịch blockchain tháng 3 của tôi (v3)","SELECT b.id AS bill_id, b.month, b.year, b.total_amount, b.status, b.payment_tx_hash, r.name AS room_name FROM bills b JOIN contracts c ON b.contract_id = c.id JOIN rooms r ON c.room_id = r.id WHERE c.tenant_id = USER_ID_PLACEHOLDER AND b.month = 3 AND b.payment_tx_hash IS NOT NULL ORDER BY b.year DESC, b.month DESC LIMIT 30","SQL","","1"
"Hóa đơn tháng 4 của tôi (v3)","SELECT b.id AS bill_id, b.month, b.year, b.total_amount, b.status, b.deadline, r.name AS room_name FROM bills b JOIN contracts c ON b.contract_id = c.id JOIN rooms r ON c.room_id = r.id WHERE c.tenant_id = USER_ID_PLACEHOLDER AND b.month = 4 AND b.year = EXTRACT(YEAR FROM CURRENT_DATE)::int ORDER BY b.deadline ASC LIMIT 20","SQL","","1"
"Tôi còn nợ hóa đơn tháng 4 không (v3)","SELECT b.id AS bill_id, b.month, b.year, b.total_amount, b.status, b.deadline, r.name AS room_name FROM bills b JOIN contracts c ON b.contract_id = c.id JOIN rooms r ON c.room_id = r.id WHERE c.tenant_id = USER_ID_PLACEHOLDER AND b.month = 4 AND b.year = EXTRACT(YEAR FROM CURRENT_DATE)::int AND b.status IN ('UNPAID','LATE') ORDER BY b.deadline ASC LIMIT 20","SQL","","1"
"Lịch sử hóa đơn đã thanh toán tháng 4 của tôi (v3)","SELECT b.id AS bill_id, b.month, b.year, b.total_amount, b.status, b.paid_at, r.name AS room_name FROM bills b JOIN contracts c ON b.contract_id = c.id JOIN rooms r ON c.room_id = r.id WHERE c.tenant_id = USER_ID_PLACEHOLDER AND b.month = 4 AND b.year = EXTRACT(YEAR FROM CURRENT_DATE)::int AND b.status = 'PAID' ORDER BY b.paid_at DESC LIMIT 20","SQL","","1"
"Doanh thu đã thu tháng 4 của tôi (v3)","SELECT SUM(b.total_amount) AS total_revenue, COUNT(b.id) AS total_paid_bills, b.month, b.year FROM bills b JOIN contracts c ON b.contract_id = c.id JOIN rooms r ON c.room_id = r.id JOIN properties p ON r.property_id = p.id WHERE p.landlord_id = USER_ID_PLACEHOLDER AND b.status = 'PAID' AND b.month = 4 AND b.year = EXTRACT(YEAR FROM CURRENT_DATE)::int GROUP BY b.month, b.year","SQL","","1"
"Danh sách khách nợ tiền tháng 4 (v3)","SELECT u.full_name AS tenant_name, u.phone_number, r.name AS room_name, p.name AS property_name, b.total_amount, b.status AS bill_status, b.deadline FROM bills b JOIN contracts c ON b.contract_id = c.id JOIN rooms r ON c.room_id = r.id JOIN properties p ON r.property_id = p.id JOIN users u ON c.tenant_id = u.id WHERE p.landlord_id = USER_ID_PLACEHOLDER AND c.status = 'ACTIVE' AND b.month = 4 AND b.year = EXTRACT(YEAR FROM CURRENT_DATE)::int AND b.status IN ('UNPAID','LATE') ORDER BY b.deadline ASC LIMIT 100","SQL","","1"
"Hợp đồng active sắp hết hạn trong 54 ngày","SELECT c.id AS contract_id, c.end_date, (c.end_date::date - CURRENT_DATE) AS days_remaining, u.full_name AS tenant_name, r.name AS room_name, p.name AS property_name FROM contracts c JOIN rooms r ON c.room_id = r.id JOIN properties p ON r.property_id = p.id JOIN users u ON c.tenant_id = u.id WHERE p.landlord_id = USER_ID_PLACEHOLDER AND c.status = 'ACTIVE' AND c.end_date BETWEEN CURRENT_DATE AND (CURRENT_DATE + INTERVAL '54 day') ORDER BY c.end_date ASC LIMIT 100","SQL","","1"
"Tìm phòng ở Gò Vấp từ 4000000 đến 6000000","SELECT r.id AS room_id, r.name, r.price, r.area, r.type, r.images, p.name AS property_name, p.address, p.district FROM rooms r JOIN properties p ON r.property_id = p.id WHERE r.status = 'AVAILABLE' AND p.status = 'APPROVED' AND p.district LIKE '%Gò%Vấp%' AND r.price BETWEEN 4000000 AND 6000000 ORDER BY r.price ASC LIMIT 10","SQL","","1"
"Tìm phòng loại SINGLE_ROOM ở Gò Vấp","SELECT r.id AS room_id, r.name, r.price, r.area, r.type, r.images, p.name AS property_name, p.address, p.district FROM rooms r JOIN properties p ON r.property_id = p.id WHERE r.status = 'AVAILABLE' AND p.status = 'APPROVED' AND p.district LIKE '%Gò%Vấp%' AND r.type = 'SINGLE_ROOM' ORDER BY r.price ASC LIMIT 10","SQL","","1"
"Tìm phòng wifi tại Gò Vấp","SELECT r.id AS room_id, r.name, r.price, r.area, r.type, r.images, p.name AS property_name, p.address, p.district FROM rooms r JOIN properties p ON r.property_id = p.id WHERE r.status = 'AVAILABLE' AND p.status = 'APPROVED' AND p.district LIKE '%Gò%Vấp%' AND LOWER(COALESCE(r.amenities,'')) LIKE '%wifi%' ORDER BY r.price ASC LIMIT 10","SQL","","1"
"Giao dịch blockchain tháng 4 của tôi (v3)","SELECT b.id AS bill_id, b.month, b.year, b.total_amount, b.status, b.payment_tx_hash, r.name AS room_name FROM bills b JOIN contracts c ON b.contract_id = c.id JOIN rooms r ON c.room_id = r.id WHERE c.tenant_id = USER_ID_PLACEHOLDER AND b.month = 4 AND b.payment_tx_hash IS NOT NULL ORDER BY b.year DESC, b.month DESC LIMIT 30","SQL","","1"
"Hóa đơn tháng 5 của tôi (v3)","SELECT b.id AS bill_id, b.month, b.year, b.total_amount, b.status, b.deadline, r.name AS room_name FROM bills b JOIN contracts c ON b.contract_id = c.id JOIN rooms r ON c.room_id = r.id WHERE c.tenant_id = USER_ID_PLACEHOLDER AND b.month = 5 AND b.year = EXTRACT(YEAR FROM CURRENT_DATE)::int ORDER BY b.deadline ASC LIMIT 20","SQL","","1"
"Tôi còn nợ hóa đơn tháng 5 không (v3)","SELECT b.id AS bill_id, b.month, b.year, b.total_amount, b.status, b.deadline, r.name AS room_name FROM bills b JOIN contracts c ON b.contract_id = c.id JOIN rooms r ON c.room_id = r.id WHERE c.tenant_id = USER_ID_PLACEHOLDER AND b.month = 5 AND b.year = EXTRACT(YEAR FROM CURRENT_DATE)::int AND b.status IN ('UNPAID','LATE') ORDER BY b.deadline ASC LIMIT 20","SQL","","1"
"Lịch sử hóa đơn đã thanh toán tháng 5 của tôi (v3)","SELECT b.id AS bill_id, b.month, b.year, b.total_amount, b.status, b.paid_at, r.name AS room_name FROM bills b JOIN contracts c ON b.contract_id = c.id JOIN rooms r ON c.room_id = r.id WHERE c.tenant_id = USER_ID_PLACEHOLDER AND b.month = 5 AND b.year = EXTRACT(YEAR FROM CURRENT_DATE)::int AND b.status = 'PAID' ORDER BY b.paid_at DESC LIMIT 20","SQL","","1"
"Doanh thu đã thu tháng 5 của tôi (v3)","SELECT SUM(b.total_amount) AS total_revenue, COUNT(b.id) AS total_paid_bills, b.month, b.year FROM bills b JOIN contracts c ON b.contract_id = c.id JOIN rooms r ON c.room_id = r.id JOIN properties p ON r.property_id = p.id WHERE p.landlord_id = USER_ID_PLACEHOLDER AND b.status = 'PAID' AND b.month = 5 AND b.year = EXTRACT(YEAR FROM CURRENT_DATE)::int GROUP BY b.month, b.year","SQL","","1"
"Danh sách khách nợ tiền tháng 5 (v3)","SELECT u.full_name AS tenant_name, u.phone_number, r.name AS room_name, p.name AS property_name, b.total_amount, b.status AS bill_status, b.deadline FROM bills b JOIN contracts c ON b.contract_id = c.id JOIN rooms r ON c.room_id = r.id JOIN properties p ON r.property_id = p.id JOIN users u ON c.tenant_id = u.id WHERE p.landlord_id = USER_ID_PLACEHOLDER AND c.status = 'ACTIVE' AND b.month = 5 AND b.year = EXTRACT(YEAR FROM CURRENT_DATE)::int AND b.status IN ('UNPAID','LATE') ORDER BY b.deadline ASC LIMIT 100","SQL","","1"
"Hợp đồng active sắp hết hạn trong 55 ngày","SELECT c.id AS contract_id, c.end_date, (c.end_date::date - CURRENT_DATE) AS days_remaining, u.full_name AS tenant_name, r.name AS room_name, p.name AS property_name FROM contracts c JOIN rooms r ON c.room_id = r.id JOIN properties p ON r.property_id = p.id JOIN users u ON c.tenant_id = u.id WHERE p.landlord_id = USER_ID_PLACEHOLDER AND c.status = 'ACTIVE' AND c.end_date BETWEEN CURRENT_DATE AND (CURRENT_DATE + INTERVAL '55 day') ORDER BY c.end_date ASC LIMIT 100","SQL","","1"
"Tìm phòng ở Bình Thạnh từ 4500000 đến 6500000","SELECT r.id AS room_id, r.name, r.price, r.area, r.type, r.images, p.name AS property_name, p.address, p.district FROM rooms r JOIN properties p ON r.property_id = p.id WHERE r.status = 'AVAILABLE' AND p.status = 'APPROVED' AND p.district LIKE '%Bình%Thạnh%' AND r.price BETWEEN 4500000 AND 6500000 ORDER BY r.price ASC LIMIT 10","SQL","","1"
"Tìm phòng loại SHARED_ROOM ở Bình Thạnh","SELECT r.id AS room_id, r.name, r.price, r.area, r.type, r.images, p.name AS property_name, p.address, p.district FROM rooms r JOIN properties p ON r.property_id = p.id WHERE r.status = 'AVAILABLE' AND p.status = 'APPROVED' AND p.district LIKE '%Bình%Thạnh%' AND r.type = 'SHARED_ROOM' ORDER BY r.price ASC LIMIT 10","SQL","","1"
"Tìm phòng máy lạnh tại Bình Thạnh","SELECT r.id AS room_id, r.name, r.price, r.area, r.type, r.images, p.name AS property_name, p.address, p.district FROM rooms r JOIN properties p ON r.property_id = p.id WHERE r.status = 'AVAILABLE' AND p.status = 'APPROVED' AND p.district LIKE '%Bình%Thạnh%' AND LOWER(COALESCE(r.amenities,'')) LIKE '%máy lạnh%' ORDER BY r.price ASC LIMIT 10","SQL","","1"
"Giao dịch blockchain tháng 5 của tôi (v3)","SELECT b.id AS bill_id, b.month, b.year, b.total_amount, b.status, b.payment_tx_hash, r.name AS room_name FROM bills b JOIN contracts c ON b.contract_id = c.id JOIN rooms r ON c.room_id = r.id WHERE c.tenant_id = USER_ID_PLACEHOLDER AND b.month = 5 AND b.payment_tx_hash IS NOT NULL ORDER BY b.year DESC, b.month DESC LIMIT 30","SQL","","1"
"Hóa đơn tháng 6 của tôi (v3)","SELECT b.id AS bill_id, b.month, b.year, b.total_amount, b.status, b.deadline, r.name AS room_name FROM bills b JOIN contracts c ON b.contract_id = c.id JOIN rooms r ON c.room_id = r.id WHERE c.tenant_id = USER_ID_PLACEHOLDER AND b.month = 6 AND b.year = EXTRACT(YEAR FROM CURRENT_DATE)::int ORDER BY b.deadline ASC LIMIT 20","SQL","","1"
"Tôi còn nợ hóa đơn tháng 6 không (v3)","SELECT b.id AS bill_id, b.month, b.year, b.total_amount, b.status, b.deadline, r.name AS room_name FROM bills b JOIN contracts c ON b.contract_id = c.id JOIN rooms r ON c.room_id = r.id WHERE c.tenant_id = USER_ID_PLACEHOLDER AND b.month = 6 AND b.year = EXTRACT(YEAR FROM CURRENT_DATE)::int AND b.status IN ('UNPAID','LATE') ORDER BY b.deadline ASC LIMIT 20","SQL","","1"
"Lịch sử hóa đơn đã thanh toán tháng 6 của tôi (v3)","SELECT b.id AS bill_id, b.month, b.year, b.total_amount, b.status, b.paid_at, r.name AS room_name FROM bills b JOIN contracts c ON b.contract_id = c.id JOIN rooms r ON c.room_id = r.id WHERE c.tenant_id = USER_ID_PLACEHOLDER AND b.month = 6 AND b.year = EXTRACT(YEAR FROM CURRENT_DATE)::int AND b.status = 'PAID' ORDER BY b.paid_at DESC LIMIT 20","SQL","","1"
"Doanh thu đã thu tháng 6 của tôi (v3)","SELECT SUM(b.total_amount) AS total_revenue, COUNT(b.id) AS total_paid_bills, b.month, b.year FROM bills b JOIN contracts c ON b.contract_id = c.id JOIN rooms r ON c.room_id = r.id JOIN properties p ON r.property_id = p.id WHERE p.landlord_id = USER_ID_PLACEHOLDER AND b.status = 'PAID' AND b.month = 6 AND b.year = EXTRACT(YEAR FROM CURRENT_DATE)::int GROUP BY b.month, b.year","SQL","","1"
"Danh sách khách nợ tiền tháng 6 (v3)","SELECT u.full_name AS tenant_name, u.phone_number, r.name AS room_name, p.name AS property_name, b.total_amount, b.status AS bill_status, b.deadline FROM bills b JOIN contracts c ON b.contract_id = c.id JOIN rooms r ON c.room_id = r.id JOIN properties p ON r.property_id = p.id JOIN users u ON c.tenant_id = u.id WHERE p.landlord_id = USER_ID_PLACEHOLDER AND c.status = 'ACTIVE' AND b.month = 6 AND b.year = EXTRACT(YEAR FROM CURRENT_DATE)::int AND b.status IN ('UNPAID','LATE') ORDER BY b.deadline ASC LIMIT 100","SQL","","1"
"Hợp đồng active sắp hết hạn trong 56 ngày","SELECT c.id AS contract_id, c.end_date, (c.end_date::date - CURRENT_DATE) AS days_remaining, u.full_name AS tenant_name, r.name AS room_name, p.name AS property_name FROM contracts c JOIN rooms r ON c.room_id = r.id JOIN properties p ON r.property_id = p.id JOIN users u ON c.tenant_id = u.id WHERE p.landlord_id = USER_ID_PLACEHOLDER AND c.status = 'ACTIVE' AND c.end_date BETWEEN CURRENT_DATE AND (CURRENT_DATE + INTERVAL '56 day') ORDER BY c.end_date ASC LIMIT 100","SQL","","1"
"Tìm phòng ở Tân Bình từ 5000000 đến 7000000","SELECT r.id AS room_id, r.name, r.price, r.area, r.type, r.images, p.name AS property_name, p.address, p.district FROM rooms r JOIN properties p ON r.property_id = p.id WHERE r.status = 'AVAILABLE' AND p.status = 'APPROVED' AND p.district LIKE '%Tân%Bình%' AND r.price BETWEEN 5000000 AND 7000000 ORDER BY r.price ASC LIMIT 10","SQL","","1"
"Tìm phòng loại MEZZANINE_ROOM ở Tân Bình","SELECT r.id AS room_id, r.name, r.price, r.area, r.type, r.images, p.name AS property_name, p.address, p.district FROM rooms r JOIN properties p ON r.property_id = p.id WHERE r.status = 'AVAILABLE' AND p.status = 'APPROVED' AND p.district LIKE '%Tân%Bình%' AND r.type = 'MEZZANINE_ROOM' ORDER BY r.price ASC LIMIT 10","SQL","","1"
"Tìm phòng gác lửng tại Tân Bình","SELECT r.id AS room_id, r.name, r.price, r.area, r.type, r.images, p.name AS property_name, p.address, p.district FROM rooms r JOIN properties p ON r.property_id = p.id WHERE r.status = 'AVAILABLE' AND p.status = 'APPROVED' AND p.district LIKE '%Tân%Bình%' AND LOWER(COALESCE(r.amenities,'')) LIKE '%gác lửng%' ORDER BY r.price ASC LIMIT 10","SQL","","1"
"Giao dịch blockchain tháng 6 của tôi (v3)","SELECT b.id AS bill_id, b.month, b.year, b.total_amount, b.status, b.payment_tx_hash, r.name AS room_name FROM bills b JOIN contracts c ON b.contract_id = c.id JOIN rooms r ON c.room_id = r.id WHERE c.tenant_id = USER_ID_PLACEHOLDER AND b.month = 6 AND b.payment_tx_hash IS NOT NULL ORDER BY b.year DESC, b.month DESC LIMIT 30","SQL","","1"
"Hóa đơn tháng 7 của tôi (v3)","SELECT b.id AS bill_id, b.month, b.year, b.total_amount, b.status, b.deadline, r.name AS room_name FROM bills b JOIN contracts c ON b.contract_id = c.id JOIN rooms r ON c.room_id = r.id WHERE c.tenant_id = USER_ID_PLACEHOLDER AND b.month = 7 AND b.year = EXTRACT(YEAR FROM CURRENT_DATE)::int ORDER BY b.deadline ASC LIMIT 20","SQL","","1"
"Tôi còn nợ hóa đơn tháng 7 không (v3)","SELECT b.id AS bill_id, b.month, b.year, b.total_amount, b.status, b.deadline, r.name AS room_name FROM bills b JOIN contracts c ON b.contract_id = c.id JOIN rooms r ON c.room_id = r.id WHERE c.tenant_id = USER_ID_PLACEHOLDER AND b.month = 7 AND b.year = EXTRACT(YEAR FROM CURRENT_DATE)::int AND b.status IN ('UNPAID','LATE') ORDER BY b.deadline ASC LIMIT 20","SQL","","1"
"Lịch sử hóa đơn đã thanh toán tháng 7 của tôi (v3)","SELECT b.id AS bill_id, b.month, b.year, b.total_amount, b.status, b.paid_at, r.name AS room_name FROM bills b JOIN contracts c ON b.contract_id = c.id JOIN rooms r ON c.room_id = r.id WHERE c.tenant_id = USER_ID_PLACEHOLDER AND b.month = 7 AND b.year = EXTRACT(YEAR FROM CURRENT_DATE)::int AND b.status = 'PAID' ORDER BY b.paid_at DESC LIMIT 20","SQL","","1"
"Doanh thu đã thu tháng 7 của tôi (v3)","SELECT SUM(b.total_amount) AS total_revenue, COUNT(b.id) AS total_paid_bills, b.month, b.year FROM bills b JOIN contracts c ON b.contract_id = c.id JOIN rooms r ON c.room_id = r.id JOIN properties p ON r.property_id = p.id WHERE p.landlord_id = USER_ID_PLACEHOLDER AND b.status = 'PAID' AND b.month = 7 AND b.year = EXTRACT(YEAR FROM CURRENT_DATE)::int GROUP BY b.month, b.year","SQL","","1"
"Danh sách khách nợ tiền tháng 7 (v3)","SELECT u.full_name AS tenant_name, u.phone_number, r.name AS room_name, p.name AS property_name, b.total_amount, b.status AS bill_status, b.deadline FROM bills b JOIN contracts c ON b.contract_id = c.id JOIN rooms r ON c.room_id = r.id JOIN properties p ON r.property_id = p.id JOIN users u ON c.tenant_id = u.id WHERE p.landlord_id = USER_ID_PLACEHOLDER AND c.status = 'ACTIVE' AND b.month = 7 AND b.year = EXTRACT(YEAR FROM CURRENT_DATE)::int AND b.status IN ('UNPAID','LATE') ORDER BY b.deadline ASC LIMIT 100","SQL","","1"
"Hợp đồng active sắp hết hạn trong 57 ngày","SELECT c.id AS contract_id, c.end_date, (c.end_date::date - CURRENT_DATE) AS days_remaining, u.full_name AS tenant_name, r.name AS room_name, p.name AS property_name FROM contracts c JOIN rooms r ON c.room_id = r.id JOIN properties p ON r.property_id = p.id JOIN users u ON c.tenant_id = u.id WHERE p.landlord_id = USER_ID_PLACEHOLDER AND c.status = 'ACTIVE' AND c.end_date BETWEEN CURRENT_DATE AND (CURRENT_DATE + INTERVAL '57 day') ORDER BY c.end_date ASC LIMIT 100","SQL","","1"
"Tìm phòng ở Thủ Đức từ 2000000 đến 4000000","SELECT r.id AS room_id, r.name, r.price, r.area, r.type, r.images, p.name AS property_name, p.address, p.district FROM rooms r JOIN properties p ON r.property_id = p.id WHERE r.status = 'AVAILABLE' AND p.status = 'APPROVED' AND p.district LIKE '%Thủ%Đức%' AND r.price BETWEEN 2000000 AND 4000000 ORDER BY r.price ASC LIMIT 10","SQL","","1"
"Tìm phòng loại STUDIO ở Thủ Đức","SELECT r.id AS room_id, r.name, r.price, r.area, r.type, r.images, p.name AS property_name, p.address, p.district FROM rooms r JOIN properties p ON r.property_id = p.id WHERE r.status = 'AVAILABLE' AND p.status = 'APPROVED' AND p.district LIKE '%Thủ%Đức%' AND r.type = 'STUDIO' ORDER BY r.price ASC LIMIT 10","SQL","","1"
"Tìm phòng ban công tại Thủ Đức","SELECT r.id AS room_id, r.name, r.price, r.area, r.type, r.images, p.name AS property_name, p.address, p.district FROM rooms r JOIN properties p ON r.property_id = p.id WHERE r.status = 'AVAILABLE' AND p.status = 'APPROVED' AND p.district LIKE '%Thủ%Đức%' AND LOWER(COALESCE(r.amenities,'')) LIKE '%ban công%' ORDER BY r.price ASC LIMIT 10","SQL","","1"
"Giao dịch blockchain tháng 7 của tôi (v3)","SELECT b.id AS bill_id, b.month, b.year, b.total_amount, b.status, b.payment_tx_hash, r.name AS room_name FROM bills b JOIN contracts c ON b.contract_id = c.id JOIN rooms r ON c.room_id = r.id WHERE c.tenant_id = USER_ID_PLACEHOLDER AND b.month = 7 AND b.payment_tx_hash IS NOT NULL ORDER BY b.year DESC, b.month DESC LIMIT 30","SQL","","1"
"Hóa đơn tháng 8 của tôi (v3)","SELECT b.id AS bill_id, b.month, b.year, b.total_amount, b.status, b.deadline, r.name AS room_name FROM bills b JOIN contracts c ON b.contract_id = c.id JOIN rooms r ON c.room_id = r.id WHERE c.tenant_id = USER_ID_PLACEHOLDER AND b.month = 8 AND b.year = EXTRACT(YEAR FROM CURRENT_DATE)::int ORDER BY b.deadline ASC LIMIT 20","SQL","","1"
"Tôi còn nợ hóa đơn tháng 8 không (v3)","SELECT b.id AS bill_id, b.month, b.year, b.total_amount, b.status, b.deadline, r.name AS room_name FROM bills b JOIN contracts c ON b.contract_id = c.id JOIN rooms r ON c.room_id = r.id WHERE c.tenant_id = USER_ID_PLACEHOLDER AND b.month = 8 AND b.year = EXTRACT(YEAR FROM CURRENT_DATE)::int AND b.status IN ('UNPAID','LATE') ORDER BY b.deadline ASC LIMIT 20","SQL","","1"
"Lịch sử hóa đơn đã thanh toán tháng 8 của tôi (v3)","SELECT b.id AS bill_id, b.month, b.year, b.total_amount, b.status, b.paid_at, r.name AS room_name FROM bills b JOIN contracts c ON b.contract_id = c.id JOIN rooms r ON c.room_id = r.id WHERE c.tenant_id = USER_ID_PLACEHOLDER AND b.month = 8 AND b.year = EXTRACT(YEAR FROM CURRENT_DATE)::int AND b.status = 'PAID' ORDER BY b.paid_at DESC LIMIT 20","SQL","","1"
"Doanh thu đã thu tháng 8 của tôi (v3)","SELECT SUM(b.total_amount) AS total_revenue, COUNT(b.id) AS total_paid_bills, b.month, b.year FROM bills b JOIN contracts c ON b.contract_id = c.id JOIN rooms r ON c.room_id = r.id JOIN properties p ON r.property_id = p.id WHERE p.landlord_id = USER_ID_PLACEHOLDER AND b.status = 'PAID' AND b.month = 8 AND b.year = EXTRACT(YEAR FROM CURRENT_DATE)::int GROUP BY b.month, b.year","SQL","","1"
"Danh sách khách nợ tiền tháng 8 (v3)","SELECT u.full_name AS tenant_name, u.phone_number, r.name AS room_name, p.name AS property_name, b.total_amount, b.status AS bill_status, b.deadline FROM bills b JOIN contracts c ON b.contract_id = c.id JOIN rooms r ON c.room_id = r.id JOIN properties p ON r.property_id = p.id JOIN users u ON c.tenant_id = u.id WHERE p.landlord_id = USER_ID_PLACEHOLDER AND c.status = 'ACTIVE' AND b.month = 8 AND b.year = EXTRACT(YEAR FROM CURRENT_DATE)::int AND b.status IN ('UNPAID','LATE') ORDER BY b.deadline ASC LIMIT 100","SQL","","1"
"Hợp đồng active sắp hết hạn trong 58 ngày","SELECT c.id AS contract_id, c.end_date, (c.end_date::date - CURRENT_DATE) AS days_remaining, u.full_name AS tenant_name, r.name AS room_name, p.name AS property_name FROM contracts c JOIN rooms r ON c.room_id = r.id JOIN properties p ON r.property_id = p.id JOIN users u ON c.tenant_id = u.id WHERE p.landlord_id = USER_ID_PLACEHOLDER AND c.status = 'ACTIVE' AND c.end_date BETWEEN CURRENT_DATE AND (CURRENT_DATE + INTERVAL '58 day') ORDER BY c.end_date ASC LIMIT 100","SQL","","1"
"Tìm phòng ở Phú Nhuận từ 2500000 đến 4500000","SELECT r.id AS room_id, r.name, r.price, r.area, r.type, r.images, p.name AS property_name, p.address, p.district FROM rooms r JOIN properties p ON r.property_id = p.id WHERE r.status = 'AVAILABLE' AND p.status = 'APPROVED' AND p.district LIKE '%Phú%Nhuận%' AND r.price BETWEEN 2500000 AND 4500000 ORDER BY r.price ASC LIMIT 10","SQL","","1"
"Tìm phòng loại ONE_BEDROOM ở Phú Nhuận","SELECT r.id AS room_id, r.name, r.price, r.area, r.type, r.images, p.name AS property_name, p.address, p.district FROM rooms r JOIN properties p ON r.property_id = p.id WHERE r.status = 'AVAILABLE' AND p.status = 'APPROVED' AND p.district LIKE '%Phú%Nhuận%' AND r.type = 'ONE_BEDROOM' ORDER BY r.price ASC LIMIT 10","SQL","","1"
"Tìm phòng nội thất tại Phú Nhuận","SELECT r.id AS room_id, r.name, r.price, r.area, r.type, r.images, p.name AS property_name, p.address, p.district FROM rooms r JOIN properties p ON r.property_id = p.id WHERE r.status = 'AVAILABLE' AND p.status = 'APPROVED' AND p.district LIKE '%Phú%Nhuận%' AND LOWER(COALESCE(r.amenities,'')) LIKE '%nội thất%' ORDER BY r.price ASC LIMIT 10","SQL","","1"
"Giao dịch blockchain tháng 8 của tôi (v3)","SELECT b.id AS bill_id, b.month, b.year, b.total_amount, b.status, b.payment_tx_hash, r.name AS room_name FROM bills b JOIN contracts c ON b.contract_id = c.id JOIN rooms r ON c.room_id = r.id WHERE c.tenant_id = USER_ID_PLACEHOLDER AND b.month = 8 AND b.payment_tx_hash IS NOT NULL ORDER BY b.year DESC, b.month DESC LIMIT 30","SQL","","1"
"Hóa đơn tháng 9 của tôi (v3)","SELECT b.id AS bill_id, b.month, b.year, b.total_amount, b.status, b.deadline, r.name AS room_name FROM bills b JOIN contracts c ON b.contract_id = c.id JOIN rooms r ON c.room_id = r.id WHERE c.tenant_id = USER_ID_PLACEHOLDER AND b.month = 9 AND b.year = EXTRACT(YEAR FROM CURRENT_DATE)::int ORDER BY b.deadline ASC LIMIT 20","SQL","","1"
"Tôi còn nợ hóa đơn tháng 9 không (v3)","SELECT b.id AS bill_id, b.month, b.year, b.total_amount, b.status, b.deadline, r.name AS room_name FROM bills b JOIN contracts c ON b.contract_id = c.id JOIN rooms r ON c.room_id = r.id WHERE c.tenant_id = USER_ID_PLACEHOLDER AND b.month = 9 AND b.year = EXTRACT(YEAR FROM CURRENT_DATE)::int AND b.status IN ('UNPAID','LATE') ORDER BY b.deadline ASC LIMIT 20","SQL","","1"
"Lịch sử hóa đơn đã thanh toán tháng 9 của tôi (v3)","SELECT b.id AS bill_id, b.month, b.year, b.total_amount, b.status, b.paid_at, r.name AS room_name FROM bills b JOIN contracts c ON b.contract_id = c.id JOIN rooms r ON c.room_id = r.id WHERE c.tenant_id = USER_ID_PLACEHOLDER AND b.month = 9 AND b.year = EXTRACT(YEAR FROM CURRENT_DATE)::int AND b.status = 'PAID' ORDER BY b.paid_at DESC LIMIT 20","SQL","","1"
"Doanh thu đã thu tháng 9 của tôi (v3)","SELECT SUM(b.total_amount) AS total_revenue, COUNT(b.id) AS total_paid_bills, b.month, b.year FROM bills b JOIN contracts c ON b.contract_id = c.id JOIN rooms r ON c.room_id = r.id JOIN properties p ON r.property_id = p.id WHERE p.landlord_id = USER_ID_PLACEHOLDER AND b.status = 'PAID' AND b.month = 9 AND b.year = EXTRACT(YEAR FROM CURRENT_DATE)::int GROUP BY b.month, b.year","SQL","","1"
"Danh sách khách nợ tiền tháng 9 (v3)","SELECT u.full_name AS tenant_name, u.phone_number, r.name AS room_name, p.name AS property_name, b.total_amount, b.status AS bill_status, b.deadline FROM bills b JOIN contracts c ON b.contract_id = c.id JOIN rooms r ON c.room_id = r.id JOIN properties p ON r.property_id = p.id JOIN users u ON c.tenant_id = u.id WHERE p.landlord_id = USER_ID_PLACEHOLDER AND c.status = 'ACTIVE' AND b.month = 9 AND b.year = EXTRACT(YEAR FROM CURRENT_DATE)::int AND b.status IN ('UNPAID','LATE') ORDER BY b.deadline ASC LIMIT 100","SQL","","1"
"Hợp đồng active sắp hết hạn trong 59 ngày","SELECT c.id AS contract_id, c.end_date, (c.end_date::date - CURRENT_DATE) AS days_remaining, u.full_name AS tenant_name, r.name AS room_name, p.name AS property_name FROM contracts c JOIN rooms r ON c.room_id = r.id JOIN properties p ON r.property_id = p.id JOIN users u ON c.tenant_id = u.id WHERE p.landlord_id = USER_ID_PLACEHOLDER AND c.status = 'ACTIVE' AND c.end_date BETWEEN CURRENT_DATE AND (CURRENT_DATE + INTERVAL '59 day') ORDER BY c.end_date ASC LIMIT 100","SQL","","1"
"Tìm phòng ở Bình Tân từ 3000000 đến 5000000","SELECT r.id AS room_id, r.name, r.price, r.area, r.type, r.images, p.name AS property_name, p.address, p.district FROM rooms r JOIN properties p ON r.property_id = p.id WHERE r.status = 'AVAILABLE' AND p.status = 'APPROVED' AND p.district LIKE '%Bình%Tân%' AND r.price BETWEEN 3000000 AND 5000000 ORDER BY r.price ASC LIMIT 10","SQL","","1"
"Tìm phòng loại TWO_BEDROOM ở Bình Tân","SELECT r.id AS room_id, r.name, r.price, r.area, r.type, r.images, p.name AS property_name, p.address, p.district FROM rooms r JOIN properties p ON r.property_id = p.id WHERE r.status = 'AVAILABLE' AND p.status = 'APPROVED' AND p.district LIKE '%Bình%Tân%' AND r.type = 'TWO_BEDROOM' ORDER BY r.price ASC LIMIT 10","SQL","","1"
"Tìm phòng wifi tại Bình Tân","SELECT r.id AS room_id, r.name, r.price, r.area, r.type, r.images, p.name AS property_name, p.address, p.district FROM rooms r JOIN properties p ON r.property_id = p.id WHERE r.status = 'AVAILABLE' AND p.status = 'APPROVED' AND p.district LIKE '%Bình%Tân%' AND LOWER(COALESCE(r.amenities,'')) LIKE '%wifi%' ORDER BY r.price ASC LIMIT 10","SQL","","1"
"Giao dịch blockchain tháng 9 của tôi (v3)","SELECT b.id AS bill_id, b.month, b.year, b.total_amount, b.status, b.payment_tx_hash, r.name AS room_name FROM bills b JOIN contracts c ON b.contract_id = c.id JOIN rooms r ON c.room_id = r.id WHERE c.tenant_id = USER_ID_PLACEHOLDER AND b.month = 9 AND b.payment_tx_hash IS NOT NULL ORDER BY b.year DESC, b.month DESC LIMIT 30","SQL","","1"
"Hóa đơn tháng 10 của tôi (v3)","SELECT b.id AS bill_id, b.month, b.year, b.total_amount, b.status, b.deadline, r.name AS room_name FROM bills b JOIN contracts c ON b.contract_id = c.id JOIN rooms r ON c.room_id = r.id WHERE c.tenant_id = USER_ID_PLACEHOLDER AND b.month = 10 AND b.year = EXTRACT(YEAR FROM CURRENT_DATE)::int ORDER BY b.deadline ASC LIMIT 20","SQL","","1"
"Tôi còn nợ hóa đơn tháng 10 không (v3)","SELECT b.id AS bill_id, b.month, b.year, b.total_amount, b.status, b.deadline, r.name AS room_name FROM bills b JOIN contracts c ON b.contract_id = c.id JOIN rooms r ON c.room_id = r.id WHERE c.tenant_id = USER_ID_PLACEHOLDER AND b.month = 10 AND b.year = EXTRACT(YEAR FROM CURRENT_DATE)::int AND b.status IN ('UNPAID','LATE') ORDER BY b.deadline ASC LIMIT 20","SQL","","1"
"Lịch sử hóa đơn đã thanh toán tháng 10 của tôi (v3)","SELECT b.id AS bill_id, b.month, b.year, b.total_amount, b.status, b.paid_at, r.name AS room_name FROM bills b JOIN contracts c ON b.contract_id = c.id JOIN rooms r ON c.room_id = r.id WHERE c.tenant_id = USER_ID_PLACEHOLDER AND b.month = 10 AND b.year = EXTRACT(YEAR FROM CURRENT_DATE)::int AND b.status = 'PAID' ORDER BY b.paid_at DESC LIMIT 20","SQL","","1"
"Doanh thu đã thu tháng 10 của tôi (v3)","SELECT SUM(b.total_amount) AS total_revenue, COUNT(b.id) AS total_paid_bills, b.month, b.year FROM bills b JOIN contracts c ON b.contract_id = c.id JOIN rooms r ON c.room_id = r.id JOIN properties p ON r.property_id = p.id WHERE p.landlord_id = USER_ID_PLACEHOLDER AND b.status = 'PAID' AND b.month = 10 AND b.year = EXTRACT(YEAR FROM CURRENT_DATE)::int GROUP BY b.month, b.year","SQL","","1"
"Danh sách khách nợ tiền tháng 10 (v3)","SELECT u.full_name AS tenant_name, u.phone_number, r.name AS room_name, p.name AS property_name, b.total_amount, b.status AS bill_status, b.deadline FROM bills b JOIN contracts c ON b.contract_id = c.id JOIN rooms r ON c.room_id = r.id JOIN properties p ON r.property_id = p.id JOIN users u ON c.tenant_id = u.id WHERE p.landlord_id = USER_ID_PLACEHOLDER AND c.status = 'ACTIVE' AND b.month = 10 AND b.year = EXTRACT(YEAR FROM CURRENT_DATE)::int AND b.status IN ('UNPAID','LATE') ORDER BY b.deadline ASC LIMIT 100","SQL","","1"
"Hợp đồng active sắp hết hạn trong 60 ngày","SELECT c.id AS contract_id, c.end_date, (c.end_date::date - CURRENT_DATE) AS days_remaining, u.full_name AS tenant_name, r.name AS room_name, p.name AS property_name FROM contracts c JOIN rooms r ON c.room_id = r.id JOIN properties p ON r.property_id = p.id JOIN users u ON c.tenant_id = u.id WHERE p.landlord_id = USER_ID_PLACEHOLDER AND c.status = 'ACTIVE' AND c.end_date BETWEEN CURRENT_DATE AND (CURRENT_DATE + INTERVAL '60 day') ORDER BY c.end_date ASC LIMIT 100","SQL","","1"
"Tìm phòng ở Bình Chánh từ 3500000 đến 5500000","SELECT r.id AS room_id, r.name, r.price, r.area, r.type, r.images, p.name AS property_name, p.address, p.district FROM rooms r JOIN properties p ON r.property_id = p.id WHERE r.status = 'AVAILABLE' AND p.status = 'APPROVED' AND p.district LIKE '%Bình%Chánh%' AND r.price BETWEEN 3500000 AND 5500000 ORDER BY r.price ASC LIMIT 10","SQL","","1"
"Tìm phòng loại SINGLE_ROOM ở Bình Chánh","SELECT r.id AS room_id, r.name, r.price, r.area, r.type, r.images, p.name AS property_name, p.address, p.district FROM rooms r JOIN properties p ON r.property_id = p.id WHERE r.status = 'AVAILABLE' AND p.status = 'APPROVED' AND p.district LIKE '%Bình%Chánh%' AND r.type = 'SINGLE_ROOM' ORDER BY r.price ASC LIMIT 10","SQL","","1"
"Tìm phòng máy lạnh tại Bình Chánh","SELECT r.id AS room_id, r.name, r.price, r.area, r.type, r.images, p.name AS property_name, p.address, p.district FROM rooms r JOIN properties p ON r.property_id = p.id WHERE r.status = 'AVAILABLE' AND p.status = 'APPROVED' AND p.district LIKE '%Bình%Chánh%' AND LOWER(COALESCE(r.amenities,'')) LIKE '%máy lạnh%' ORDER BY r.price ASC LIMIT 10","SQL","","1"
"Giao dịch blockchain tháng 10 của tôi (v3)","SELECT b.id AS bill_id, b.month, b.year, b.total_amount, b.status, b.payment_tx_hash, r.name AS room_name FROM bills b JOIN contracts c ON b.contract_id = c.id JOIN rooms r ON c.room_id = r.id WHERE c.tenant_id = USER_ID_PLACEHOLDER AND b.month = 10 AND b.payment_tx_hash IS NOT NULL ORDER BY b.year DESC, b.month DESC LIMIT 30","SQL","","1"
"Hóa đơn tháng 11 của tôi (v3)","SELECT b.id AS bill_id, b.month, b.year, b.total_amount, b.status, b.deadline, r.name AS room_name FROM bills b JOIN contracts c ON b.contract_id = c.id JOIN rooms r ON c.room_id = r.id WHERE c.tenant_id = USER_ID_PLACEHOLDER AND b.month = 11 AND b.year = EXTRACT(YEAR FROM CURRENT_DATE)::int ORDER BY b.deadline ASC LIMIT 20","SQL","","1"
"Tôi còn nợ hóa đơn tháng 11 không (v3)","SELECT b.id AS bill_id, b.month, b.year, b.total_amount, b.status, b.deadline, r.name AS room_name FROM bills b JOIN contracts c ON b.contract_id = c.id JOIN rooms r ON c.room_id = r.id WHERE c.tenant_id = USER_ID_PLACEHOLDER AND b.month = 11 AND b.year = EXTRACT(YEAR FROM CURRENT_DATE)::int AND b.status IN ('UNPAID','LATE') ORDER BY b.deadline ASC LIMIT 20","SQL","","1"
"Lịch sử hóa đơn đã thanh toán tháng 11 của tôi (v3)","SELECT b.id AS bill_id, b.month, b.year, b.total_amount, b.status, b.paid_at, r.name AS room_name FROM bills b JOIN contracts c ON b.contract_id = c.id JOIN rooms r ON c.room_id = r.id WHERE c.tenant_id = USER_ID_PLACEHOLDER AND b.month = 11 AND b.year = EXTRACT(YEAR FROM CURRENT_DATE)::int AND b.status = 'PAID' ORDER BY b.paid_at DESC LIMIT 20","SQL","","1"
"Doanh thu đã thu tháng 11 của tôi (v3)","SELECT SUM(b.total_amount) AS total_revenue, COUNT(b.id) AS total_paid_bills, b.month, b.year FROM bills b JOIN contracts c ON b.contract_id = c.id JOIN rooms r ON c.room_id = r.id JOIN properties p ON r.property_id = p.id WHERE p.landlord_id = USER_ID_PLACEHOLDER AND b.status = 'PAID' AND b.month = 11 AND b.year = EXTRACT(YEAR FROM CURRENT_DATE)::int GROUP BY b.month, b.year","SQL","","1"
"Danh sách khách nợ tiền tháng 11 (v3)","SELECT u.full_name AS tenant_name, u.phone_number, r.name AS room_name, p.name AS property_name, b.total_amount, b.status AS bill_status, b.deadline FROM bills b JOIN contracts c ON b.contract_id = c.id JOIN rooms r ON c.room_id = r.id JOIN properties p ON r.property_id = p.id JOIN users u ON c.tenant_id = u.id WHERE p.landlord_id = USER_ID_PLACEHOLDER AND c.status = 'ACTIVE' AND b.month = 11 AND b.year = EXTRACT(YEAR FROM CURRENT_DATE)::int AND b.status IN ('UNPAID','LATE') ORDER BY b.deadline ASC LIMIT 100","SQL","","1"
"Hợp đồng active sắp hết hạn trong 61 ngày","SELECT c.id AS contract_id, c.end_date, (c.end_date::date - CURRENT_DATE) AS days_remaining, u.full_name AS tenant_name, r.name AS room_name, p.name AS property_name FROM contracts c JOIN rooms r ON c.room_id = r.id JOIN properties p ON r.property_id = p.id JOIN users u ON c.tenant_id = u.id WHERE p.landlord_id = USER_ID_PLACEHOLDER AND c.status = 'ACTIVE' AND c.end_date BETWEEN CURRENT_DATE AND (CURRENT_DATE + INTERVAL '61 day') ORDER BY c.end_date ASC LIMIT 100","SQL","","1"
"Tìm phòng ở Nhà Bè từ 4000000 đến 6000000","SELECT r.id AS room_id, r.name, r.price, r.area, r.type, r.images, p.name AS property_name, p.address, p.district FROM rooms r JOIN properties p ON r.property_id = p.id WHERE r.status = 'AVAILABLE' AND p.status = 'APPROVED' AND p.district LIKE '%Nhà%Bè%' AND r.price BETWEEN 4000000 AND 6000000 ORDER BY r.price ASC LIMIT 10","SQL","","1"
"Tìm phòng loại SHARED_ROOM ở Nhà Bè","SELECT r.id AS room_id, r.name, r.price, r.area, r.type, r.images, p.name AS property_name, p.address, p.district FROM rooms r JOIN properties p ON r.property_id = p.id WHERE r.status = 'AVAILABLE' AND p.status = 'APPROVED' AND p.district LIKE '%Nhà%Bè%' AND r.type = 'SHARED_ROOM' ORDER BY r.price ASC LIMIT 10","SQL","","1"
"Tìm phòng gác lửng tại Nhà Bè","SELECT r.id AS room_id, r.name, r.price, r.area, r.type, r.images, p.name AS property_name, p.address, p.district FROM rooms r JOIN properties p ON r.property_id = p.id WHERE r.status = 'AVAILABLE' AND p.status = 'APPROVED' AND p.district LIKE '%Nhà%Bè%' AND LOWER(COALESCE(r.amenities,'')) LIKE '%gác lửng%' ORDER BY r.price ASC LIMIT 10","SQL","","1"
"Giao dịch blockchain tháng 11 của tôi (v3)","SELECT b.id AS bill_id, b.month, b.year, b.total_amount, b.status, b.payment_tx_hash, r.name AS room_name FROM bills b JOIN contracts c ON b.contract_id = c.id JOIN rooms r ON c.room_id = r.id WHERE c.tenant_id = USER_ID_PLACEHOLDER AND b.month = 11 AND b.payment_tx_hash IS NOT NULL ORDER BY b.year DESC, b.month DESC LIMIT 30","SQL","","1"
"Hóa đơn tháng 12 của tôi (v3)","SELECT b.id AS bill_id, b.month, b.year, b.total_amount, b.status, b.deadline, r.name AS room_name FROM bills b JOIN contracts c ON b.contract_id = c.id JOIN rooms r ON c.room_id = r.id WHERE c.tenant_id = USER_ID_PLACEHOLDER AND b.month = 12 AND b.year = EXTRACT(YEAR FROM CURRENT_DATE)::int ORDER BY b.deadline ASC LIMIT 20","SQL","","1"
"Tôi còn nợ hóa đơn tháng 12 không (v3)","SELECT b.id AS bill_id, b.month, b.year, b.total_amount, b.status, b.deadline, r.name AS room_name FROM bills b JOIN contracts c ON b.contract_id = c.id JOIN rooms r ON c.room_id = r.id WHERE c.tenant_id = USER_ID_PLACEHOLDER AND b.month = 12 AND b.year = EXTRACT(YEAR FROM CURRENT_DATE)::int AND b.status IN ('UNPAID','LATE') ORDER BY b.deadline ASC LIMIT 20","SQL","","1"
"Lịch sử hóa đơn đã thanh toán tháng 12 của tôi (v3)","SELECT b.id AS bill_id, b.month, b.year, b.total_amount, b.status, b.paid_at, r.name AS room_name FROM bills b JOIN contracts c ON b.contract_id = c.id JOIN rooms r ON c.room_id = r.id WHERE c.tenant_id = USER_ID_PLACEHOLDER AND b.month = 12 AND b.year = EXTRACT(YEAR FROM CURRENT_DATE)::int AND b.status = 'PAID' ORDER BY b.paid_at DESC LIMIT 20","SQL","","1"
"Doanh thu đã thu tháng 12 của tôi (v3)","SELECT SUM(b.total_amount) AS total_revenue, COUNT(b.id) AS total_paid_bills, b.month, b.year FROM bills b JOIN contracts c ON b.contract_id = c.id JOIN rooms r ON c.room_id = r.id JOIN properties p ON r.property_id = p.id WHERE p.landlord_id = USER_ID_PLACEHOLDER AND b.status = 'PAID' AND b.month = 12 AND b.year = EXTRACT(YEAR FROM CURRENT_DATE)::int GROUP BY b.month, b.year","SQL","","1"
"Danh sách khách nợ tiền tháng 12 (v3)","SELECT u.full_name AS tenant_name, u.phone_number, r.name AS room_name, p.name AS property_name, b.total_amount, b.status AS bill_status, b.deadline FROM bills b JOIN contracts c ON b.contract_id = c.id JOIN rooms r ON c.room_id = r.id JOIN properties p ON r.property_id = p.id JOIN users u ON c.tenant_id = u.id WHERE p.landlord_id = USER_ID_PLACEHOLDER AND c.status = 'ACTIVE' AND b.month = 12 AND b.year = EXTRACT(YEAR FROM CURRENT_DATE)::int AND b.status IN ('UNPAID','LATE') ORDER BY b.deadline ASC LIMIT 100","SQL","","1"
"Hợp đồng active sắp hết hạn trong 62 ngày","SELECT c.id AS contract_id, c.end_date, (c.end_date::date - CURRENT_DATE) AS days_remaining, u.full_name AS tenant_name, r.name AS room_name, p.name AS property_name FROM contracts c JOIN rooms r ON c.room_id = r.id JOIN properties p ON r.property_id = p.id JOIN users u ON c.tenant_id = u.id WHERE p.landlord_id = USER_ID_PLACEHOLDER AND c.status = 'ACTIVE' AND c.end_date BETWEEN CURRENT_DATE AND (CURRENT_DATE + INTERVAL '62 day') ORDER BY c.end_date ASC LIMIT 100","SQL","","1"
"Tìm phòng ở Hóc Môn từ 4500000 đến 6500000","SELECT r.id AS room_id, r.name, r.price, r.area, r.type, r.images, p.name AS property_name, p.address, p.district FROM rooms r JOIN properties p ON r.property_id = p.id WHERE r.status = 'AVAILABLE' AND p.status = 'APPROVED' AND p.district LIKE '%Hóc%Môn%' AND r.price BETWEEN 4500000 AND 6500000 ORDER BY r.price ASC LIMIT 10","SQL","","1"
"Tìm phòng loại MEZZANINE_ROOM ở Hóc Môn","SELECT r.id AS room_id, r.name, r.price, r.area, r.type, r.images, p.name AS property_name, p.address, p.district FROM rooms r JOIN properties p ON r.property_id = p.id WHERE r.status = 'AVAILABLE' AND p.status = 'APPROVED' AND p.district LIKE '%Hóc%Môn%' AND r.type = 'MEZZANINE_ROOM' ORDER BY r.price ASC LIMIT 10","SQL","","1"
"Tìm phòng ban công tại Hóc Môn","SELECT r.id AS room_id, r.name, r.price, r.area, r.type, r.images, p.name AS property_name, p.address, p.district FROM rooms r JOIN properties p ON r.property_id = p.id WHERE r.status = 'AVAILABLE' AND p.status = 'APPROVED' AND p.district LIKE '%Hóc%Môn%' AND LOWER(COALESCE(r.amenities,'')) LIKE '%ban công%' ORDER BY r.price ASC LIMIT 10","SQL","","1"
"Giao dịch blockchain tháng 12 của tôi (v3)","SELECT b.id AS bill_id, b.month, b.year, b.total_amount, b.status, b.payment_tx_hash, r.name AS room_name FROM bills b JOIN contracts c ON b.contract_id = c.id JOIN rooms r ON c.room_id = r.id WHERE c.tenant_id = USER_ID_PLACEHOLDER AND b.month = 12 AND b.payment_tx_hash IS NOT NULL ORDER BY b.year DESC, b.month DESC LIMIT 30","SQL","","1"
"Hóa đơn tháng 1 của tôi (v4)","SELECT b.id AS bill_id, b.month, b.year, b.total_amount, b.status, b.deadline, r.name AS room_name FROM bills b JOIN contracts c ON b.contract_id = c.id JOIN rooms r ON c.room_id = r.id WHERE c.tenant_id = USER_ID_PLACEHOLDER AND b.month = 1 AND b.year = EXTRACT(YEAR FROM CURRENT_DATE)::int ORDER BY b.deadline ASC LIMIT 20","SQL","","1"
"Tôi còn nợ hóa đơn tháng 1 không (v4)","SELECT b.id AS bill_id, b.month, b.year, b.total_amount, b.status, b.deadline, r.name AS room_name FROM bills b JOIN contracts c ON b.contract_id = c.id JOIN rooms r ON c.room_id = r.id WHERE c.tenant_id = USER_ID_PLACEHOLDER AND b.month = 1 AND b.year = EXTRACT(YEAR FROM CURRENT_DATE)::int AND b.status IN ('UNPAID','LATE') ORDER BY b.deadline ASC LIMIT 20","SQL","","1"
"Lịch sử hóa đơn đã thanh toán tháng 1 của tôi (v4)","SELECT b.id AS bill_id, b.month, b.year, b.total_amount, b.status, b.paid_at, r.name AS room_name FROM bills b JOIN contracts c ON b.contract_id = c.id JOIN rooms r ON c.room_id = r.id WHERE c.tenant_id = USER_ID_PLACEHOLDER AND b.month = 1 AND b.year = EXTRACT(YEAR FROM CURRENT_DATE)::int AND b.status = 'PAID' ORDER BY b.paid_at DESC LIMIT 20","SQL","","1"
"Doanh thu đã thu tháng 1 của tôi (v4)","SELECT SUM(b.total_amount) AS total_revenue, COUNT(b.id) AS total_paid_bills, b.month, b.year FROM bills b JOIN contracts c ON b.contract_id = c.id JOIN rooms r ON c.room_id = r.id JOIN properties p ON r.property_id = p.id WHERE p.landlord_id = USER_ID_PLACEHOLDER AND b.status = 'PAID' AND b.month = 1 AND b.year = EXTRACT(YEAR FROM CURRENT_DATE)::int GROUP BY b.month, b.year","SQL","","1"
"Danh sách khách nợ tiền tháng 1 (v4)","SELECT u.full_name AS tenant_name, u.phone_number, r.name AS room_name, p.name AS property_name, b.total_amount, b.status AS bill_status, b.deadline FROM bills b JOIN contracts c ON b.contract_id = c.id JOIN rooms r ON c.room_id = r.id JOIN properties p ON r.property_id = p.id JOIN users u ON c.tenant_id = u.id WHERE p.landlord_id = USER_ID_PLACEHOLDER AND c.status = 'ACTIVE' AND b.month = 1 AND b.year = EXTRACT(YEAR FROM CURRENT_DATE)::int AND b.status IN ('UNPAID','LATE') ORDER BY b.deadline ASC LIMIT 100","SQL","","1"
"Hợp đồng active sắp hết hạn trong 63 ngày","SELECT c.id AS contract_id, c.end_date, (c.end_date::date - CURRENT_DATE) AS days_remaining, u.full_name AS tenant_name, r.name AS room_name, p.name AS property_name FROM contracts c JOIN rooms r ON c.room_id = r.id JOIN properties p ON r.property_id = p.id JOIN users u ON c.tenant_id = u.id WHERE p.landlord_id = USER_ID_PLACEHOLDER AND c.status = 'ACTIVE' AND c.end_date BETWEEN CURRENT_DATE AND (CURRENT_DATE + INTERVAL '63 day') ORDER BY c.end_date ASC LIMIT 100","SQL","","1"
"Tìm phòng ở Quận 1 từ 5000000 đến 7000000","SELECT r.id AS room_id, r.name, r.price, r.area, r.type, r.images, p.name AS property_name, p.address, p.district FROM rooms r JOIN properties p ON r.property_id = p.id WHERE r.status = 'AVAILABLE' AND p.status = 'APPROVED' AND p.district LIKE '%1%' AND r.price BETWEEN 5000000 AND 7000000 ORDER BY r.price ASC LIMIT 10","SQL","","1"
"Tìm phòng loại STUDIO ở Quận 1 (v1)","SELECT r.id AS room_id, r.name, r.price, r.area, r.type, r.images, p.name AS property_name, p.address, p.district FROM rooms r JOIN properties p ON r.property_id = p.id WHERE r.status = 'AVAILABLE' AND p.status = 'APPROVED' AND p.district LIKE '%1%' AND r.type = 'STUDIO' ORDER BY r.price ASC LIMIT 10","SQL","","1"
"Tìm phòng nội thất tại Quận 1","SELECT r.id AS room_id, r.name, r.price, r.area, r.type, r.images, p.name AS property_name, p.address, p.district FROM rooms r JOIN properties p ON r.property_id = p.id WHERE r.status = 'AVAILABLE' AND p.status = 'APPROVED' AND p.district LIKE '%1%' AND LOWER(COALESCE(r.amenities,'')) LIKE '%nội thất%' ORDER BY r.price ASC LIMIT 10","SQL","","1"
"Giao dịch blockchain tháng 1 của tôi (v4)","SELECT b.id AS bill_id, b.month, b.year, b.total_amount, b.status, b.payment_tx_hash, r.name AS room_name FROM bills b JOIN contracts c ON b.contract_id = c.id JOIN rooms r ON c.room_id = r.id WHERE c.tenant_id = USER_ID_PLACEHOLDER AND b.month = 1 AND b.payment_tx_hash IS NOT NULL ORDER BY b.year DESC, b.month DESC LIMIT 30","SQL","","1"
"Hóa đơn tháng 2 của tôi (v4)","SELECT b.id AS bill_id, b.month, b.year, b.total_amount, b.status, b.deadline, r.name AS room_name FROM bills b JOIN contracts c ON b.contract_id = c.id JOIN rooms r ON c.room_id = r.id WHERE c.tenant_id = USER_ID_PLACEHOLDER AND b.month = 2 AND b.year = EXTRACT(YEAR FROM CURRENT_DATE)::int ORDER BY b.deadline ASC LIMIT 20","SQL","","1"
"Tôi còn nợ hóa đơn tháng 2 không (v4)","SELECT b.id AS bill_id, b.month, b.year, b.total_amount, b.status, b.deadline, r.name AS room_name FROM bills b JOIN contracts c ON b.contract_id = c.id JOIN rooms r ON c.room_id = r.id WHERE c.tenant_id = USER_ID_PLACEHOLDER AND b.month = 2 AND b.year = EXTRACT(YEAR FROM CURRENT_DATE)::int AND b.status IN ('UNPAID','LATE') ORDER BY b.deadline ASC LIMIT 20","SQL","","1"
"Lịch sử hóa đơn đã thanh toán tháng 2 của tôi (v4)","SELECT b.id AS bill_id, b.month, b.year, b.total_amount, b.status, b.paid_at, r.name AS room_name FROM bills b JOIN contracts c ON b.contract_id = c.id JOIN rooms r ON c.room_id = r.id WHERE c.tenant_id = USER_ID_PLACEHOLDER AND b.month = 2 AND b.year = EXTRACT(YEAR FROM CURRENT_DATE)::int AND b.status = 'PAID' ORDER BY b.paid_at DESC LIMIT 20","SQL","","1"
"Doanh thu đã thu tháng 2 của tôi (v4)","SELECT SUM(b.total_amount) AS total_revenue, COUNT(b.id) AS total_paid_bills, b.month, b.year FROM bills b JOIN contracts c ON b.contract_id = c.id JOIN rooms r ON c.room_id = r.id JOIN properties p ON r.property_id = p.id WHERE p.landlord_id = USER_ID_PLACEHOLDER AND b.status = 'PAID' AND b.month = 2 AND b.year = EXTRACT(YEAR FROM CURRENT_DATE)::int GROUP BY b.month, b.year","SQL","","1"
"Danh sách khách nợ tiền tháng 2 (v4)","SELECT u.full_name AS tenant_name, u.phone_number, r.name AS room_name, p.name AS property_name, b.total_amount, b.status AS bill_status, b.deadline FROM bills b JOIN contracts c ON b.contract_id = c.id JOIN rooms r ON c.room_id = r.id JOIN properties p ON r.property_id = p.id JOIN users u ON c.tenant_id = u.id WHERE p.landlord_id = USER_ID_PLACEHOLDER AND c.status = 'ACTIVE' AND b.month = 2 AND b.year = EXTRACT(YEAR FROM CURRENT_DATE)::int AND b.status IN ('UNPAID','LATE') ORDER BY b.deadline ASC LIMIT 100","SQL","","1"
"Hợp đồng active sắp hết hạn trong 64 ngày","SELECT c.id AS contract_id, c.end_date, (c.end_date::date - CURRENT_DATE) AS days_remaining, u.full_name AS tenant_name, r.name AS room_name, p.name AS property_name FROM contracts c JOIN rooms r ON c.room_id = r.id JOIN properties p ON r.property_id = p.id JOIN users u ON c.tenant_id = u.id WHERE p.landlord_id = USER_ID_PLACEHOLDER AND c.status = 'ACTIVE' AND c.end_date BETWEEN CURRENT_DATE AND (CURRENT_DATE + INTERVAL '64 day') ORDER BY c.end_date ASC LIMIT 100","SQL","","1"
"Tìm phòng ở Quận 3 từ 2000000 đến 4000000","SELECT r.id AS room_id, r.name, r.price, r.area, r.type, r.images, p.name AS property_name, p.address, p.district FROM rooms r JOIN properties p ON r.property_id = p.id WHERE r.status = 'AVAILABLE' AND p.status = 'APPROVED' AND p.district LIKE '%3%' AND r.price BETWEEN 2000000 AND 4000000 ORDER BY r.price ASC LIMIT 10","SQL","","1"
"Tìm phòng loại ONE_BEDROOM ở Quận 3 (v1)","SELECT r.id AS room_id, r.name, r.price, r.area, r.type, r.images, p.name AS property_name, p.address, p.district FROM rooms r JOIN properties p ON r.property_id = p.id WHERE r.status = 'AVAILABLE' AND p.status = 'APPROVED' AND p.district LIKE '%3%' AND r.type = 'ONE_BEDROOM' ORDER BY r.price ASC LIMIT 10","SQL","","1"
"Tìm phòng wifi tại Quận 3","SELECT r.id AS room_id, r.name, r.price, r.area, r.type, r.images, p.name AS property_name, p.address, p.district FROM rooms r JOIN properties p ON r.property_id = p.id WHERE r.status = 'AVAILABLE' AND p.status = 'APPROVED' AND p.district LIKE '%3%' AND LOWER(COALESCE(r.amenities,'')) LIKE '%wifi%' ORDER BY r.price ASC LIMIT 10","SQL","","1"
"Giao dịch blockchain tháng 2 của tôi (v4)","SELECT b.id AS bill_id, b.month, b.year, b.total_amount, b.status, b.payment_tx_hash, r.name AS room_name FROM bills b JOIN contracts c ON b.contract_id = c.id JOIN rooms r ON c.room_id = r.id WHERE c.tenant_id = USER_ID_PLACEHOLDER AND b.month = 2 AND b.payment_tx_hash IS NOT NULL ORDER BY b.year DESC, b.month DESC LIMIT 30","SQL","","1"
"Hóa đơn tháng 3 của tôi (v4)","SELECT b.id AS bill_id, b.month, b.year, b.total_amount, b.status, b.deadline, r.name AS room_name FROM bills b JOIN contracts c ON b.contract_id = c.id JOIN rooms r ON c.room_id = r.id WHERE c.tenant_id = USER_ID_PLACEHOLDER AND b.month = 3 AND b.year = EXTRACT(YEAR FROM CURRENT_DATE)::int ORDER BY b.deadline ASC LIMIT 20","SQL","","1"
"Tôi còn nợ hóa đơn tháng 3 không (v4)","SELECT b.id AS bill_id, b.month, b.year, b.total_amount, b.status, b.deadline, r.name AS room_name FROM bills b JOIN contracts c ON b.contract_id = c.id JOIN rooms r ON c.room_id = r.id WHERE c.tenant_id = USER_ID_PLACEHOLDER AND b.month = 3 AND b.year = EXTRACT(YEAR FROM CURRENT_DATE)::int AND b.status IN ('UNPAID','LATE') ORDER BY b.deadline ASC LIMIT 20","SQL","","1"
"Lịch sử hóa đơn đã thanh toán tháng 3 của tôi (v4)","SELECT b.id AS bill_id, b.month, b.year, b.total_amount, b.status, b.paid_at, r.name AS room_name FROM bills b JOIN contracts c ON b.contract_id = c.id JOIN rooms r ON c.room_id = r.id WHERE c.tenant_id = USER_ID_PLACEHOLDER AND b.month = 3 AND b.year = EXTRACT(YEAR FROM CURRENT_DATE)::int AND b.status = 'PAID' ORDER BY b.paid_at DESC LIMIT 20","SQL","","1"
"Doanh thu đã thu tháng 3 của tôi (v4)","SELECT SUM(b.total_amount) AS total_revenue, COUNT(b.id) AS total_paid_bills, b.month, b.year FROM bills b JOIN contracts c ON b.contract_id = c.id JOIN rooms r ON c.room_id = r.id JOIN properties p ON r.property_id = p.id WHERE p.landlord_id = USER_ID_PLACEHOLDER AND b.status = 'PAID' AND b.month = 3 AND b.year = EXTRACT(YEAR FROM CURRENT_DATE)::int GROUP BY b.month, b.year","SQL","","1"
"Danh sách khách nợ tiền tháng 3 (v4)","SELECT u.full_name AS tenant_name, u.phone_number, r.name AS room_name, p.name AS property_name, b.total_amount, b.status AS bill_status, b.deadline FROM bills b JOIN contracts c ON b.contract_id = c.id JOIN rooms r ON c.room_id = r.id JOIN properties p ON r.property_id = p.id JOIN users u ON c.tenant_id = u.id WHERE p.landlord_id = USER_ID_PLACEHOLDER AND c.status = 'ACTIVE' AND b.month = 3 AND b.year = EXTRACT(YEAR FROM CURRENT_DATE)::int AND b.status IN ('UNPAID','LATE') ORDER BY b.deadline ASC LIMIT 100","SQL","","1"
"Hợp đồng active sắp hết hạn trong 65 ngày","SELECT c.id AS contract_id, c.end_date, (c.end_date::date - CURRENT_DATE) AS days_remaining, u.full_name AS tenant_name, r.name AS room_name, p.name AS property_name FROM contracts c JOIN rooms r ON c.room_id = r.id JOIN properties p ON r.property_id = p.id JOIN users u ON c.tenant_id = u.id WHERE p.landlord_id = USER_ID_PLACEHOLDER AND c.status = 'ACTIVE' AND c.end_date BETWEEN CURRENT_DATE AND (CURRENT_DATE + INTERVAL '65 day') ORDER BY c.end_date ASC LIMIT 100","SQL","","1"
"Tìm phòng ở Quận 4 từ 2500000 đến 4500000","SELECT r.id AS room_id, r.name, r.price, r.area, r.type, r.images, p.name AS property_name, p.address, p.district FROM rooms r JOIN properties p ON r.property_id = p.id WHERE r.status = 'AVAILABLE' AND p.status = 'APPROVED' AND p.district LIKE '%4%' AND r.price BETWEEN 2500000 AND 4500000 ORDER BY r.price ASC LIMIT 10","SQL","","1"
"Tìm phòng loại TWO_BEDROOM ở Quận 4 (v1)","SELECT r.id AS room_id, r.name, r.price, r.area, r.type, r.images, p.name AS property_name, p.address, p.district FROM rooms r JOIN properties p ON r.property_id = p.id WHERE r.status = 'AVAILABLE' AND p.status = 'APPROVED' AND p.district LIKE '%4%' AND r.type = 'TWO_BEDROOM' ORDER BY r.price ASC LIMIT 10","SQL","","1"
"Tìm phòng máy lạnh tại Quận 4","SELECT r.id AS room_id, r.name, r.price, r.area, r.type, r.images, p.name AS property_name, p.address, p.district FROM rooms r JOIN properties p ON r.property_id = p.id WHERE r.status = 'AVAILABLE' AND p.status = 'APPROVED' AND p.district LIKE '%4%' AND LOWER(COALESCE(r.amenities,'')) LIKE '%máy lạnh%' ORDER BY r.price ASC LIMIT 10","SQL","","1"
"Giao dịch blockchain tháng 3 của tôi (v4)","SELECT b.id AS bill_id, b.month, b.year, b.total_amount, b.status, b.payment_tx_hash, r.name AS room_name FROM bills b JOIN contracts c ON b.contract_id = c.id JOIN rooms r ON c.room_id = r.id WHERE c.tenant_id = USER_ID_PLACEHOLDER AND b.month = 3 AND b.payment_tx_hash IS NOT NULL ORDER BY b.year DESC, b.month DESC LIMIT 30","SQL","","1"
"Hóa đơn tháng 4 của tôi (v4)","SELECT b.id AS bill_id, b.month, b.year, b.total_amount, b.status, b.deadline, r.name AS room_name FROM bills b JOIN contracts c ON b.contract_id = c.id JOIN rooms r ON c.room_id = r.id WHERE c.tenant_id = USER_ID_PLACEHOLDER AND b.month = 4 AND b.year = EXTRACT(YEAR FROM CURRENT_DATE)::int ORDER BY b.deadline ASC LIMIT 20","SQL","","1"
"Tôi còn nợ hóa đơn tháng 4 không (v4)","SELECT b.id AS bill_id, b.month, b.year, b.total_amount, b.status, b.deadline, r.name AS room_name FROM bills b JOIN contracts c ON b.contract_id = c.id JOIN rooms r ON c.room_id = r.id WHERE c.tenant_id = USER_ID_PLACEHOLDER AND b.month = 4 AND b.year = EXTRACT(YEAR FROM CURRENT_DATE)::int AND b.status IN ('UNPAID','LATE') ORDER BY b.deadline ASC LIMIT 20","SQL","","1"
"Lịch sử hóa đơn đã thanh toán tháng 4 của tôi (v4)","SELECT b.id AS bill_id, b.month, b.year, b.total_amount, b.status, b.paid_at, r.name AS room_name FROM bills b JOIN contracts c ON b.contract_id = c.id JOIN rooms r ON c.room_id = r.id WHERE c.tenant_id = USER_ID_PLACEHOLDER AND b.month = 4 AND b.year = EXTRACT(YEAR FROM CURRENT_DATE)::int AND b.status = 'PAID' ORDER BY b.paid_at DESC LIMIT 20","SQL","","1"
"Doanh thu đã thu tháng 4 của tôi (v4)","SELECT SUM(b.total_amount) AS total_revenue, COUNT(b.id) AS total_paid_bills, b.month, b.year FROM bills b JOIN contracts c ON b.contract_id = c.id JOIN rooms r ON c.room_id = r.id JOIN properties p ON r.property_id = p.id WHERE p.landlord_id = USER_ID_PLACEHOLDER AND b.status = 'PAID' AND b.month = 4 AND b.year = EXTRACT(YEAR FROM CURRENT_DATE)::int GROUP BY b.month, b.year","SQL","","1"
"Danh sách khách nợ tiền tháng 4 (v4)","SELECT u.full_name AS tenant_name, u.phone_number, r.name AS room_name, p.name AS property_name, b.total_amount, b.status AS bill_status, b.deadline FROM bills b JOIN contracts c ON b.contract_id = c.id JOIN rooms r ON c.room_id = r.id JOIN properties p ON r.property_id = p.id JOIN users u ON c.tenant_id = u.id WHERE p.landlord_id = USER_ID_PLACEHOLDER AND c.status = 'ACTIVE' AND b.month = 4 AND b.year = EXTRACT(YEAR FROM CURRENT_DATE)::int AND b.status IN ('UNPAID','LATE') ORDER BY b.deadline ASC LIMIT 100","SQL","","1"
"Hợp đồng active sắp hết hạn trong 66 ngày","SELECT c.id AS contract_id, c.end_date, (c.end_date::date - CURRENT_DATE) AS days_remaining, u.full_name AS tenant_name, r.name AS room_name, p.name AS property_name FROM contracts c JOIN rooms r ON c.room_id = r.id JOIN properties p ON r.property_id = p.id JOIN users u ON c.tenant_id = u.id WHERE p.landlord_id = USER_ID_PLACEHOLDER AND c.status = 'ACTIVE' AND c.end_date BETWEEN CURRENT_DATE AND (CURRENT_DATE + INTERVAL '66 day') ORDER BY c.end_date ASC LIMIT 100","SQL","","1"
"Tìm phòng ở Quận 5 từ 3000000 đến 5000000","SELECT r.id AS room_id, r.name, r.price, r.area, r.type, r.images, p.name AS property_name, p.address, p.district FROM rooms r JOIN properties p ON r.property_id = p.id WHERE r.status = 'AVAILABLE' AND p.status = 'APPROVED' AND p.district LIKE '%5%' AND r.price BETWEEN 3000000 AND 5000000 ORDER BY r.price ASC LIMIT 10","SQL","","1"
"Tìm phòng loại SINGLE_ROOM ở Quận 5 (v1)","SELECT r.id AS room_id, r.name, r.price, r.area, r.type, r.images, p.name AS property_name, p.address, p.district FROM rooms r JOIN properties p ON r.property_id = p.id WHERE r.status = 'AVAILABLE' AND p.status = 'APPROVED' AND p.district LIKE '%5%' AND r.type = 'SINGLE_ROOM' ORDER BY r.price ASC LIMIT 10","SQL","","1"
"Tìm phòng gác lửng tại Quận 5","SELECT r.id AS room_id, r.name, r.price, r.area, r.type, r.images, p.name AS property_name, p.address, p.district FROM rooms r JOIN properties p ON r.property_id = p.id WHERE r.status = 'AVAILABLE' AND p.status = 'APPROVED' AND p.district LIKE '%5%' AND LOWER(COALESCE(r.amenities,'')) LIKE '%gác lửng%' ORDER BY r.price ASC LIMIT 10","SQL","","1"
"Giao dịch blockchain tháng 4 của tôi (v4)","SELECT b.id AS bill_id, b.month, b.year, b.total_amount, b.status, b.payment_tx_hash, r.name AS room_name FROM bills b JOIN contracts c ON b.contract_id = c.id JOIN rooms r ON c.room_id = r.id WHERE c.tenant_id = USER_ID_PLACEHOLDER AND b.month = 4 AND b.payment_tx_hash IS NOT NULL ORDER BY b.year DESC, b.month DESC LIMIT 30","SQL","","1"
"Hóa đơn tháng 5 của tôi (v4)","SELECT b.id AS bill_id, b.month, b.year, b.total_amount, b.status, b.deadline, r.name AS room_name FROM bills b JOIN contracts c ON b.contract_id = c.id JOIN rooms r ON c.room_id = r.id WHERE c.tenant_id = USER_ID_PLACEHOLDER AND b.month = 5 AND b.year = EXTRACT(YEAR FROM CURRENT_DATE)::int ORDER BY b.deadline ASC LIMIT 20","SQL","","1"
"Tôi còn nợ hóa đơn tháng 5 không (v4)","SELECT b.id AS bill_id, b.month, b.year, b.total_amount, b.status, b.deadline, r.name AS room_name FROM bills b JOIN contracts c ON b.contract_id = c.id JOIN rooms r ON c.room_id = r.id WHERE c.tenant_id = USER_ID_PLACEHOLDER AND b.month = 5 AND b.year = EXTRACT(YEAR FROM CURRENT_DATE)::int AND b.status IN ('UNPAID','LATE') ORDER BY b.deadline ASC LIMIT 20","SQL","","1"
"Lịch sử hóa đơn đã thanh toán tháng 5 của tôi (v4)","SELECT b.id AS bill_id, b.month, b.year, b.total_amount, b.status, b.paid_at, r.name AS room_name FROM bills b JOIN contracts c ON b.contract_id = c.id JOIN rooms r ON c.room_id = r.id WHERE c.tenant_id = USER_ID_PLACEHOLDER AND b.month = 5 AND b.year = EXTRACT(YEAR FROM CURRENT_DATE)::int AND b.status = 'PAID' ORDER BY b.paid_at DESC LIMIT 20","SQL","","1"
"Doanh thu đã thu tháng 5 của tôi (v4)","SELECT SUM(b.total_amount) AS total_revenue, COUNT(b.id) AS total_paid_bills, b.month, b.year FROM bills b JOIN contracts c ON b.contract_id = c.id JOIN rooms r ON c.room_id = r.id JOIN properties p ON r.property_id = p.id WHERE p.landlord_id = USER_ID_PLACEHOLDER AND b.status = 'PAID' AND b.month = 5 AND b.year = EXTRACT(YEAR FROM CURRENT_DATE)::int GROUP BY b.month, b.year","SQL","","1"
"Danh sách khách nợ tiền tháng 5 (v4)","SELECT u.full_name AS tenant_name, u.phone_number, r.name AS room_name, p.name AS property_name, b.total_amount, b.status AS bill_status, b.deadline FROM bills b JOIN contracts c ON b.contract_id = c.id JOIN rooms r ON c.room_id = r.id JOIN properties p ON r.property_id = p.id JOIN users u ON c.tenant_id = u.id WHERE p.landlord_id = USER_ID_PLACEHOLDER AND c.status = 'ACTIVE' AND b.month = 5 AND b.year = EXTRACT(YEAR FROM CURRENT_DATE)::int AND b.status IN ('UNPAID','LATE') ORDER BY b.deadline ASC LIMIT 100","SQL","","1"
"Hợp đồng active sắp hết hạn trong 67 ngày","SELECT c.id AS contract_id, c.end_date, (c.end_date::date - CURRENT_DATE) AS days_remaining, u.full_name AS tenant_name, r.name AS room_name, p.name AS property_name FROM contracts c JOIN rooms r ON c.room_id = r.id JOIN properties p ON r.property_id = p.id JOIN users u ON c.tenant_id = u.id WHERE p.landlord_id = USER_ID_PLACEHOLDER AND c.status = 'ACTIVE' AND c.end_date BETWEEN CURRENT_DATE AND (CURRENT_DATE + INTERVAL '67 day') ORDER BY c.end_date ASC LIMIT 100","SQL","","1"
"Tìm phòng ở Quận 7 từ 3500000 đến 5500000","SELECT r.id AS room_id, r.name, r.price, r.area, r.type, r.images, p.name AS property_name, p.address, p.district FROM rooms r JOIN properties p ON r.property_id = p.id WHERE r.status = 'AVAILABLE' AND p.status = 'APPROVED' AND p.district LIKE '%7%' AND r.price BETWEEN 3500000 AND 5500000 ORDER BY r.price ASC LIMIT 10","SQL","","1"
"Tìm phòng loại SHARED_ROOM ở Quận 7 (v1)","SELECT r.id AS room_id, r.name, r.price, r.area, r.type, r.images, p.name AS property_name, p.address, p.district FROM rooms r JOIN properties p ON r.property_id = p.id WHERE r.status = 'AVAILABLE' AND p.status = 'APPROVED' AND p.district LIKE '%7%' AND r.type = 'SHARED_ROOM' ORDER BY r.price ASC LIMIT 10","SQL","","1"
"Tìm phòng ban công tại Quận 7","SELECT r.id AS room_id, r.name, r.price, r.area, r.type, r.images, p.name AS property_name, p.address, p.district FROM rooms r JOIN properties p ON r.property_id = p.id WHERE r.status = 'AVAILABLE' AND p.status = 'APPROVED' AND p.district LIKE '%7%' AND LOWER(COALESCE(r.amenities,'')) LIKE '%ban công%' ORDER BY r.price ASC LIMIT 10","SQL","","1"
"Giao dịch blockchain tháng 5 của tôi (v4)","SELECT b.id AS bill_id, b.month, b.year, b.total_amount, b.status, b.payment_tx_hash, r.name AS room_name FROM bills b JOIN contracts c ON b.contract_id = c.id JOIN rooms r ON c.room_id = r.id WHERE c.tenant_id = USER_ID_PLACEHOLDER AND b.month = 5 AND b.payment_tx_hash IS NOT NULL ORDER BY b.year DESC, b.month DESC LIMIT 30","SQL","","1"
"Hóa đơn tháng 6 của tôi (v4)","SELECT b.id AS bill_id, b.month, b.year, b.total_amount, b.status, b.deadline, r.name AS room_name FROM bills b JOIN contracts c ON b.contract_id = c.id JOIN rooms r ON c.room_id = r.id WHERE c.tenant_id = USER_ID_PLACEHOLDER AND b.month = 6 AND b.year = EXTRACT(YEAR FROM CURRENT_DATE)::int ORDER BY b.deadline ASC LIMIT 20","SQL","","1"
"Tôi còn nợ hóa đơn tháng 6 không (v4)","SELECT b.id AS bill_id, b.month, b.year, b.total_amount, b.status, b.deadline, r.name AS room_name FROM bills b JOIN contracts c ON b.contract_id = c.id JOIN rooms r ON c.room_id = r.id WHERE c.tenant_id = USER_ID_PLACEHOLDER AND b.month = 6 AND b.year = EXTRACT(YEAR FROM CURRENT_DATE)::int AND b.status IN ('UNPAID','LATE') ORDER BY b.deadline ASC LIMIT 20","SQL","","1"
"Lịch sử hóa đơn đã thanh toán tháng 6 của tôi (v4)","SELECT b.id AS bill_id, b.month, b.year, b.total_amount, b.status, b.paid_at, r.name AS room_name FROM bills b JOIN contracts c ON b.contract_id = c.id JOIN rooms r ON c.room_id = r.id WHERE c.tenant_id = USER_ID_PLACEHOLDER AND b.month = 6 AND b.year = EXTRACT(YEAR FROM CURRENT_DATE)::int AND b.status = 'PAID' ORDER BY b.paid_at DESC LIMIT 20","SQL","","1"
"Doanh thu đã thu tháng 6 của tôi (v4)","SELECT SUM(b.total_amount) AS total_revenue, COUNT(b.id) AS total_paid_bills, b.month, b.year FROM bills b JOIN contracts c ON b.contract_id = c.id JOIN rooms r ON c.room_id = r.id JOIN properties p ON r.property_id = p.id WHERE p.landlord_id = USER_ID_PLACEHOLDER AND b.status = 'PAID' AND b.month = 6 AND b.year = EXTRACT(YEAR FROM CURRENT_DATE)::int GROUP BY b.month, b.year","SQL","","1"
"Danh sách khách nợ tiền tháng 6 (v4)","SELECT u.full_name AS tenant_name, u.phone_number, r.name AS room_name, p.name AS property_name, b.total_amount, b.status AS bill_status, b.deadline FROM bills b JOIN contracts c ON b.contract_id = c.id JOIN rooms r ON c.room_id = r.id JOIN properties p ON r.property_id = p.id JOIN users u ON c.tenant_id = u.id WHERE p.landlord_id = USER_ID_PLACEHOLDER AND c.status = 'ACTIVE' AND b.month = 6 AND b.year = EXTRACT(YEAR FROM CURRENT_DATE)::int AND b.status IN ('UNPAID','LATE') ORDER BY b.deadline ASC LIMIT 100","SQL","","1"
"Hợp đồng active sắp hết hạn trong 68 ngày","SELECT c.id AS contract_id, c.end_date, (c.end_date::date - CURRENT_DATE) AS days_remaining, u.full_name AS tenant_name, r.name AS room_name, p.name AS property_name FROM contracts c JOIN rooms r ON c.room_id = r.id JOIN properties p ON r.property_id = p.id JOIN users u ON c.tenant_id = u.id WHERE p.landlord_id = USER_ID_PLACEHOLDER AND c.status = 'ACTIVE' AND c.end_date BETWEEN CURRENT_DATE AND (CURRENT_DATE + INTERVAL '68 day') ORDER BY c.end_date ASC LIMIT 100","SQL","","1"
"Tìm phòng ở Quận 10 từ 4000000 đến 6000000","SELECT r.id AS room_id, r.name, r.price, r.area, r.type, r.images, p.name AS property_name, p.address, p.district FROM rooms r JOIN properties p ON r.property_id = p.id WHERE r.status = 'AVAILABLE' AND p.status = 'APPROVED' AND p.district LIKE '%10%' AND r.price BETWEEN 4000000 AND 6000000 ORDER BY r.price ASC LIMIT 10","SQL","","1"
"Tìm phòng loại MEZZANINE_ROOM ở Quận 10 (v1)","SELECT r.id AS room_id, r.name, r.price, r.area, r.type, r.images, p.name AS property_name, p.address, p.district FROM rooms r JOIN properties p ON r.property_id = p.id WHERE r.status = 'AVAILABLE' AND p.status = 'APPROVED' AND p.district LIKE '%10%' AND r.type = 'MEZZANINE_ROOM' ORDER BY r.price ASC LIMIT 10","SQL","","1"
"Tìm phòng nội thất tại Quận 10","SELECT r.id AS room_id, r.name, r.price, r.area, r.type, r.images, p.name AS property_name, p.address, p.district FROM rooms r JOIN properties p ON r.property_id = p.id WHERE r.status = 'AVAILABLE' AND p.status = 'APPROVED' AND p.district LIKE '%10%' AND LOWER(COALESCE(r.amenities,'')) LIKE '%nội thất%' ORDER BY r.price ASC LIMIT 10","SQL","","1"
"Giao dịch blockchain tháng 6 của tôi (v4)","SELECT b.id AS bill_id, b.month, b.year, b.total_amount, b.status, b.payment_tx_hash, r.name AS room_name FROM bills b JOIN contracts c ON b.contract_id = c.id JOIN rooms r ON c.room_id = r.id WHERE c.tenant_id = USER_ID_PLACEHOLDER AND b.month = 6 AND b.payment_tx_hash IS NOT NULL ORDER BY b.year DESC, b.month DESC LIMIT 30","SQL","","1"
"Hóa đơn tháng 7 của tôi (v4)","SELECT b.id AS bill_id, b.month, b.year, b.total_amount, b.status, b.deadline, r.name AS room_name FROM bills b JOIN contracts c ON b.contract_id = c.id JOIN rooms r ON c.room_id = r.id WHERE c.tenant_id = USER_ID_PLACEHOLDER AND b.month = 7 AND b.year = EXTRACT(YEAR FROM CURRENT_DATE)::int ORDER BY b.deadline ASC LIMIT 20","SQL","","1"
"Tôi còn nợ hóa đơn tháng 7 không (v4)","SELECT b.id AS bill_id, b.month, b.year, b.total_amount, b.status, b.deadline, r.name AS room_name FROM bills b JOIN contracts c ON b.contract_id = c.id JOIN rooms r ON c.room_id = r.id WHERE c.tenant_id = USER_ID_PLACEHOLDER AND b.month = 7 AND b.year = EXTRACT(YEAR FROM CURRENT_DATE)::int AND b.status IN ('UNPAID','LATE') ORDER BY b.deadline ASC LIMIT 20","SQL","","1"
"Lịch sử hóa đơn đã thanh toán tháng 7 của tôi (v4)","SELECT b.id AS bill_id, b.month, b.year, b.total_amount, b.status, b.paid_at, r.name AS room_name FROM bills b JOIN contracts c ON b.contract_id = c.id JOIN rooms r ON c.room_id = r.id WHERE c.tenant_id = USER_ID_PLACEHOLDER AND b.month = 7 AND b.year = EXTRACT(YEAR FROM CURRENT_DATE)::int AND b.status = 'PAID' ORDER BY b.paid_at DESC LIMIT 20","SQL","","1"
"Doanh thu đã thu tháng 7 của tôi (v4)","SELECT SUM(b.total_amount) AS total_revenue, COUNT(b.id) AS total_paid_bills, b.month, b.year FROM bills b JOIN contracts c ON b.contract_id = c.id JOIN rooms r ON c.room_id = r.id JOIN properties p ON r.property_id = p.id WHERE p.landlord_id = USER_ID_PLACEHOLDER AND b.status = 'PAID' AND b.month = 7 AND b.year = EXTRACT(YEAR FROM CURRENT_DATE)::int GROUP BY b.month, b.year","SQL","","1"
"Danh sách khách nợ tiền tháng 7 (v4)","SELECT u.full_name AS tenant_name, u.phone_number, r.name AS room_name, p.name AS property_name, b.total_amount, b.status AS bill_status, b.deadline FROM bills b JOIN contracts c ON b.contract_id = c.id JOIN rooms r ON c.room_id = r.id JOIN properties p ON r.property_id = p.id JOIN users u ON c.tenant_id = u.id WHERE p.landlord_id = USER_ID_PLACEHOLDER AND c.status = 'ACTIVE' AND b.month = 7 AND b.year = EXTRACT(YEAR FROM CURRENT_DATE)::int AND b.status IN ('UNPAID','LATE') ORDER BY b.deadline ASC LIMIT 100","SQL","","1"
"Hợp đồng active sắp hết hạn trong 69 ngày","SELECT c.id AS contract_id, c.end_date, (c.end_date::date - CURRENT_DATE) AS days_remaining, u.full_name AS tenant_name, r.name AS room_name, p.name AS property_name FROM contracts c JOIN rooms r ON c.room_id = r.id JOIN properties p ON r.property_id = p.id JOIN users u ON c.tenant_id = u.id WHERE p.landlord_id = USER_ID_PLACEHOLDER AND c.status = 'ACTIVE' AND c.end_date BETWEEN CURRENT_DATE AND (CURRENT_DATE + INTERVAL '69 day') ORDER BY c.end_date ASC LIMIT 100","SQL","","1"
"Tìm phòng ở Quận 12 từ 4500000 đến 6500000","SELECT r.id AS room_id, r.name, r.price, r.area, r.type, r.images, p.name AS property_name, p.address, p.district FROM rooms r JOIN properties p ON r.property_id = p.id WHERE r.status = 'AVAILABLE' AND p.status = 'APPROVED' AND p.district LIKE '%12%' AND r.price BETWEEN 4500000 AND 6500000 ORDER BY r.price ASC LIMIT 10","SQL","","1"
"Tìm phòng loại STUDIO ở Quận 12 (v1)","SELECT r.id AS room_id, r.name, r.price, r.area, r.type, r.images, p.name AS property_name, p.address, p.district FROM rooms r JOIN properties p ON r.property_id = p.id WHERE r.status = 'AVAILABLE' AND p.status = 'APPROVED' AND p.district LIKE '%12%' AND r.type = 'STUDIO' ORDER BY r.price ASC LIMIT 10","SQL","","1"
"Tìm phòng wifi tại Quận 12","SELECT r.id AS room_id, r.name, r.price, r.area, r.type, r.images, p.name AS property_name, p.address, p.district FROM rooms r JOIN properties p ON r.property_id = p.id WHERE r.status = 'AVAILABLE' AND p.status = 'APPROVED' AND p.district LIKE '%12%' AND LOWER(COALESCE(r.amenities,'')) LIKE '%wifi%' ORDER BY r.price ASC LIMIT 10","SQL","","1"
"Giao dịch blockchain tháng 7 của tôi (v4)","SELECT b.id AS bill_id, b.month, b.year, b.total_amount, b.status, b.payment_tx_hash, r.name AS room_name FROM bills b JOIN contracts c ON b.contract_id = c.id JOIN rooms r ON c.room_id = r.id WHERE c.tenant_id = USER_ID_PLACEHOLDER AND b.month = 7 AND b.payment_tx_hash IS NOT NULL ORDER BY b.year DESC, b.month DESC LIMIT 30","SQL","","1"
"Hóa đơn tháng 8 của tôi (v4)","SELECT b.id AS bill_id, b.month, b.year, b.total_amount, b.status, b.deadline, r.name AS room_name FROM bills b JOIN contracts c ON b.contract_id = c.id JOIN rooms r ON c.room_id = r.id WHERE c.tenant_id = USER_ID_PLACEHOLDER AND b.month = 8 AND b.year = EXTRACT(YEAR FROM CURRENT_DATE)::int ORDER BY b.deadline ASC LIMIT 20","SQL","","1"
"Tôi còn nợ hóa đơn tháng 8 không (v4)","SELECT b.id AS bill_id, b.month, b.year, b.total_amount, b.status, b.deadline, r.name AS room_name FROM bills b JOIN contracts c ON b.contract_id = c.id JOIN rooms r ON c.room_id = r.id WHERE c.tenant_id = USER_ID_PLACEHOLDER AND b.month = 8 AND b.year = EXTRACT(YEAR FROM CURRENT_DATE)::int AND b.status IN ('UNPAID','LATE') ORDER BY b.deadline ASC LIMIT 20","SQL","","1"
"Lịch sử hóa đơn đã thanh toán tháng 8 của tôi (v4)","SELECT b.id AS bill_id, b.month, b.year, b.total_amount, b.status, b.paid_at, r.name AS room_name FROM bills b JOIN contracts c ON b.contract_id = c.id JOIN rooms r ON c.room_id = r.id WHERE c.tenant_id = USER_ID_PLACEHOLDER AND b.month = 8 AND b.year = EXTRACT(YEAR FROM CURRENT_DATE)::int AND b.status = 'PAID' ORDER BY b.paid_at DESC LIMIT 20","SQL","","1"
"Doanh thu đã thu tháng 8 của tôi (v4)","SELECT SUM(b.total_amount) AS total_revenue, COUNT(b.id) AS total_paid_bills, b.month, b.year FROM bills b JOIN contracts c ON b.contract_id = c.id JOIN rooms r ON c.room_id = r.id JOIN properties p ON r.property_id = p.id WHERE p.landlord_id = USER_ID_PLACEHOLDER AND b.status = 'PAID' AND b.month = 8 AND b.year = EXTRACT(YEAR FROM CURRENT_DATE)::int GROUP BY b.month, b.year","SQL","","1"
"Danh sách khách nợ tiền tháng 8 (v4)","SELECT u.full_name AS tenant_name, u.phone_number, r.name AS room_name, p.name AS property_name, b.total_amount, b.status AS bill_status, b.deadline FROM bills b JOIN contracts c ON b.contract_id = c.id JOIN rooms r ON c.room_id = r.id JOIN properties p ON r.property_id = p.id JOIN users u ON c.tenant_id = u.id WHERE p.landlord_id = USER_ID_PLACEHOLDER AND c.status = 'ACTIVE' AND b.month = 8 AND b.year = EXTRACT(YEAR FROM CURRENT_DATE)::int AND b.status IN ('UNPAID','LATE') ORDER BY b.deadline ASC LIMIT 100","SQL","","1"
"Hợp đồng active sắp hết hạn trong 70 ngày","SELECT c.id AS contract_id, c.end_date, (c.end_date::date - CURRENT_DATE) AS days_remaining, u.full_name AS tenant_name, r.name AS room_name, p.name AS property_name FROM contracts c JOIN rooms r ON c.room_id = r.id JOIN properties p ON r.property_id = p.id JOIN users u ON c.tenant_id = u.id WHERE p.landlord_id = USER_ID_PLACEHOLDER AND c.status = 'ACTIVE' AND c.end_date BETWEEN CURRENT_DATE AND (CURRENT_DATE + INTERVAL '70 day') ORDER BY c.end_date ASC LIMIT 100","SQL","","1"
"Tìm phòng ở Gò Vấp từ 5000000 đến 7000000","SELECT r.id AS room_id, r.name, r.price, r.area, r.type, r.images, p.name AS property_name, p.address, p.district FROM rooms r JOIN properties p ON r.property_id = p.id WHERE r.status = 'AVAILABLE' AND p.status = 'APPROVED' AND p.district LIKE '%Gò%Vấp%' AND r.price BETWEEN 5000000 AND 7000000 ORDER BY r.price ASC LIMIT 10","SQL","","1"
"Tìm phòng loại ONE_BEDROOM ở Gò Vấp (v1)","SELECT r.id AS room_id, r.name, r.price, r.area, r.type, r.images, p.name AS property_name, p.address, p.district FROM rooms r JOIN properties p ON r.property_id = p.id WHERE r.status = 'AVAILABLE' AND p.status = 'APPROVED' AND p.district LIKE '%Gò%Vấp%' AND r.type = 'ONE_BEDROOM' ORDER BY r.price ASC LIMIT 10","SQL","","1"
"Tìm phòng máy lạnh tại Gò Vấp","SELECT r.id AS room_id, r.name, r.price, r.area, r.type, r.images, p.name AS property_name, p.address, p.district FROM rooms r JOIN properties p ON r.property_id = p.id WHERE r.status = 'AVAILABLE' AND p.status = 'APPROVED' AND p.district LIKE '%Gò%Vấp%' AND LOWER(COALESCE(r.amenities,'')) LIKE '%máy lạnh%' ORDER BY r.price ASC LIMIT 10","SQL","","1"
"Giao dịch blockchain tháng 8 của tôi (v4)","SELECT b.id AS bill_id, b.month, b.year, b.total_amount, b.status, b.payment_tx_hash, r.name AS room_name FROM bills b JOIN contracts c ON b.contract_id = c.id JOIN rooms r ON c.room_id = r.id WHERE c.tenant_id = USER_ID_PLACEHOLDER AND b.month = 8 AND b.payment_tx_hash IS NOT NULL ORDER BY b.year DESC, b.month DESC LIMIT 30","SQL","","1"
"Hóa đơn tháng 9 của tôi (v4)","SELECT b.id AS bill_id, b.month, b.year, b.total_amount, b.status, b.deadline, r.name AS room_name FROM bills b JOIN contracts c ON b.contract_id = c.id JOIN rooms r ON c.room_id = r.id WHERE c.tenant_id = USER_ID_PLACEHOLDER AND b.month = 9 AND b.year = EXTRACT(YEAR FROM CURRENT_DATE)::int ORDER BY b.deadline ASC LIMIT 20","SQL","","1"
"Tôi còn nợ hóa đơn tháng 9 không (v4)","SELECT b.id AS bill_id, b.month, b.year, b.total_amount, b.status, b.deadline, r.name AS room_name FROM bills b JOIN contracts c ON b.contract_id = c.id JOIN rooms r ON c.room_id = r.id WHERE c.tenant_id = USER_ID_PLACEHOLDER AND b.month = 9 AND b.year = EXTRACT(YEAR FROM CURRENT_DATE)::int AND b.status IN ('UNPAID','LATE') ORDER BY b.deadline ASC LIMIT 20","SQL","","1"
"Lịch sử hóa đơn đã thanh toán tháng 9 của tôi (v4)","SELECT b.id AS bill_id, b.month, b.year, b.total_amount, b.status, b.paid_at, r.name AS room_name FROM bills b JOIN contracts c ON b.contract_id = c.id JOIN rooms r ON c.room_id = r.id WHERE c.tenant_id = USER_ID_PLACEHOLDER AND b.month = 9 AND b.year = EXTRACT(YEAR FROM CURRENT_DATE)::int AND b.status = 'PAID' ORDER BY b.paid_at DESC LIMIT 20","SQL","","1"
"Doanh thu đã thu tháng 9 của tôi (v4)","SELECT SUM(b.total_amount) AS total_revenue, COUNT(b.id) AS total_paid_bills, b.month, b.year FROM bills b JOIN contracts c ON b.contract_id = c.id JOIN rooms r ON c.room_id = r.id JOIN properties p ON r.property_id = p.id WHERE p.landlord_id = USER_ID_PLACEHOLDER AND b.status = 'PAID' AND b.month = 9 AND b.year = EXTRACT(YEAR FROM CURRENT_DATE)::int GROUP BY b.month, b.year","SQL","","1"
"Danh sách khách nợ tiền tháng 9 (v4)","SELECT u.full_name AS tenant_name, u.phone_number, r.name AS room_name, p.name AS property_name, b.total_amount, b.status AS bill_status, b.deadline FROM bills b JOIN contracts c ON b.contract_id = c.id JOIN rooms r ON c.room_id = r.id JOIN properties p ON r.property_id = p.id JOIN users u ON c.tenant_id = u.id WHERE p.landlord_id = USER_ID_PLACEHOLDER AND c.status = 'ACTIVE' AND b.month = 9 AND b.year = EXTRACT(YEAR FROM CURRENT_DATE)::int AND b.status IN ('UNPAID','LATE') ORDER BY b.deadline ASC LIMIT 100","SQL","","1"
"Hợp đồng active sắp hết hạn trong 71 ngày","SELECT c.id AS contract_id, c.end_date, (c.end_date::date - CURRENT_DATE) AS days_remaining, u.full_name AS tenant_name, r.name AS room_name, p.name AS property_name FROM contracts c JOIN rooms r ON c.room_id = r.id JOIN properties p ON r.property_id = p.id JOIN users u ON c.tenant_id = u.id WHERE p.landlord_id = USER_ID_PLACEHOLDER AND c.status = 'ACTIVE' AND c.end_date BETWEEN CURRENT_DATE AND (CURRENT_DATE + INTERVAL '71 day') ORDER BY c.end_date ASC LIMIT 100","SQL","","1"
"Tìm phòng ở Bình Thạnh từ 2000000 đến 4000000","SELECT r.id AS room_id, r.name, r.price, r.area, r.type, r.images, p.name AS property_name, p.address, p.district FROM rooms r JOIN properties p ON r.property_id = p.id WHERE r.status = 'AVAILABLE' AND p.status = 'APPROVED' AND p.district LIKE '%Bình%Thạnh%' AND r.price BETWEEN 2000000 AND 4000000 ORDER BY r.price ASC LIMIT 10","SQL","","1"
"Tìm phòng loại TWO_BEDROOM ở Bình Thạnh (v1)","SELECT r.id AS room_id, r.name, r.price, r.area, r.type, r.images, p.name AS property_name, p.address, p.district FROM rooms r JOIN properties p ON r.property_id = p.id WHERE r.status = 'AVAILABLE' AND p.status = 'APPROVED' AND p.district LIKE '%Bình%Thạnh%' AND r.type = 'TWO_BEDROOM' ORDER BY r.price ASC LIMIT 10","SQL","","1"
"Tìm phòng gác lửng tại Bình Thạnh","SELECT r.id AS room_id, r.name, r.price, r.area, r.type, r.images, p.name AS property_name, p.address, p.district FROM rooms r JOIN properties p ON r.property_id = p.id WHERE r.status = 'AVAILABLE' AND p.status = 'APPROVED' AND p.district LIKE '%Bình%Thạnh%' AND LOWER(COALESCE(r.amenities,'')) LIKE '%gác lửng%' ORDER BY r.price ASC LIMIT 10","SQL","","1"
"Giao dịch blockchain tháng 9 của tôi (v4)","SELECT b.id AS bill_id, b.month, b.year, b.total_amount, b.status, b.payment_tx_hash, r.name AS room_name FROM bills b JOIN contracts c ON b.contract_id = c.id JOIN rooms r ON c.room_id = r.id WHERE c.tenant_id = USER_ID_PLACEHOLDER AND b.month = 9 AND b.payment_tx_hash IS NOT NULL ORDER BY b.year DESC, b.month DESC LIMIT 30","SQL","","1"
"Hóa đơn tháng 10 của tôi (v4)","SELECT b.id AS bill_id, b.month, b.year, b.total_amount, b.status, b.deadline, r.name AS room_name FROM bills b JOIN contracts c ON b.contract_id = c.id JOIN rooms r ON c.room_id = r.id WHERE c.tenant_id = USER_ID_PLACEHOLDER AND b.month = 10 AND b.year = EXTRACT(YEAR FROM CURRENT_DATE)::int ORDER BY b.deadline ASC LIMIT 20","SQL","","1"
"Tôi còn nợ hóa đơn tháng 10 không (v4)","SELECT b.id AS bill_id, b.month, b.year, b.total_amount, b.status, b.deadline, r.name AS room_name FROM bills b JOIN contracts c ON b.contract_id = c.id JOIN rooms r ON c.room_id = r.id WHERE c.tenant_id = USER_ID_PLACEHOLDER AND b.month = 10 AND b.year = EXTRACT(YEAR FROM CURRENT_DATE)::int AND b.status IN ('UNPAID','LATE') ORDER BY b.deadline ASC LIMIT 20","SQL","","1"
"Lịch sử hóa đơn đã thanh toán tháng 10 của tôi (v4)","SELECT b.id AS bill_id, b.month, b.year, b.total_amount, b.status, b.paid_at, r.name AS room_name FROM bills b JOIN contracts c ON b.contract_id = c.id JOIN rooms r ON c.room_id = r.id WHERE c.tenant_id = USER_ID_PLACEHOLDER AND b.month = 10 AND b.year = EXTRACT(YEAR FROM CURRENT_DATE)::int AND b.status = 'PAID' ORDER BY b.paid_at DESC LIMIT 20","SQL","","1"
"Doanh thu đã thu tháng 10 của tôi (v4)","SELECT SUM(b.total_amount) AS total_revenue, COUNT(b.id) AS total_paid_bills, b.month, b.year FROM bills b JOIN contracts c ON b.contract_id = c.id JOIN rooms r ON c.room_id = r.id JOIN properties p ON r.property_id = p.id WHERE p.landlord_id = USER_ID_PLACEHOLDER AND b.status = 'PAID' AND b.month = 10 AND b.year = EXTRACT(YEAR FROM CURRENT_DATE)::int GROUP BY b.month, b.year","SQL","","1"
"Danh sách khách nợ tiền tháng 10 (v4)","SELECT u.full_name AS tenant_name, u.phone_number, r.name AS room_name, p.name AS property_name, b.total_amount, b.status AS bill_status, b.deadline FROM bills b JOIN contracts c ON b.contract_id = c.id JOIN rooms r ON c.room_id = r.id JOIN properties p ON r.property_id = p.id JOIN users u ON c.tenant_id = u.id WHERE p.landlord_id = USER_ID_PLACEHOLDER AND c.status = 'ACTIVE' AND b.month = 10 AND b.year = EXTRACT(YEAR FROM CURRENT_DATE)::int AND b.status IN ('UNPAID','LATE') ORDER BY b.deadline ASC LIMIT 100","SQL","","1"
"Hợp đồng active sắp hết hạn trong 72 ngày","SELECT c.id AS contract_id, c.end_date, (c.end_date::date - CURRENT_DATE) AS days_remaining, u.full_name AS tenant_name, r.name AS room_name, p.name AS property_name FROM contracts c JOIN rooms r ON c.room_id = r.id JOIN properties p ON r.property_id = p.id JOIN users u ON c.tenant_id = u.id WHERE p.landlord_id = USER_ID_PLACEHOLDER AND c.status = 'ACTIVE' AND c.end_date BETWEEN CURRENT_DATE AND (CURRENT_DATE + INTERVAL '72 day') ORDER BY c.end_date ASC LIMIT 100","SQL","","1"
"Tìm phòng ở Tân Bình từ 2500000 đến 4500000","SELECT r.id AS room_id, r.name, r.price, r.area, r.type, r.images, p.name AS property_name, p.address, p.district FROM rooms r JOIN properties p ON r.property_id = p.id WHERE r.status = 'AVAILABLE' AND p.status = 'APPROVED' AND p.district LIKE '%Tân%Bình%' AND r.price BETWEEN 2500000 AND 4500000 ORDER BY r.price ASC LIMIT 10","SQL","","1"
"Tìm phòng loại SINGLE_ROOM ở Tân Bình (v1)","SELECT r.id AS room_id, r.name, r.price, r.area, r.type, r.images, p.name AS property_name, p.address, p.district FROM rooms r JOIN properties p ON r.property_id = p.id WHERE r.status = 'AVAILABLE' AND p.status = 'APPROVED' AND p.district LIKE '%Tân%Bình%' AND r.type = 'SINGLE_ROOM' ORDER BY r.price ASC LIMIT 10","SQL","","1"
"Tìm phòng ban công tại Tân Bình","SELECT r.id AS room_id, r.name, r.price, r.area, r.type, r.images, p.name AS property_name, p.address, p.district FROM rooms r JOIN properties p ON r.property_id = p.id WHERE r.status = 'AVAILABLE' AND p.status = 'APPROVED' AND p.district LIKE '%Tân%Bình%' AND LOWER(COALESCE(r.amenities,'')) LIKE '%ban công%' ORDER BY r.price ASC LIMIT 10","SQL","","1"
"Giao dịch blockchain tháng 10 của tôi (v4)","SELECT b.id AS bill_id, b.month, b.year, b.total_amount, b.status, b.payment_tx_hash, r.name AS room_name FROM bills b JOIN contracts c ON b.contract_id = c.id JOIN rooms r ON c.room_id = r.id WHERE c.tenant_id = USER_ID_PLACEHOLDER AND b.month = 10 AND b.payment_tx_hash IS NOT NULL ORDER BY b.year DESC, b.month DESC LIMIT 30","SQL","","1"
"Hóa đơn tháng 11 của tôi (v4)","SELECT b.id AS bill_id, b.month, b.year, b.total_amount, b.status, b.deadline, r.name AS room_name FROM bills b JOIN contracts c ON b.contract_id = c.id JOIN rooms r ON c.room_id = r.id WHERE c.tenant_id = USER_ID_PLACEHOLDER AND b.month = 11 AND b.year = EXTRACT(YEAR FROM CURRENT_DATE)::int ORDER BY b.deadline ASC LIMIT 20","SQL","","1"
"Tôi còn nợ hóa đơn tháng 11 không (v4)","SELECT b.id AS bill_id, b.month, b.year, b.total_amount, b.status, b.deadline, r.name AS room_name FROM bills b JOIN contracts c ON b.contract_id = c.id JOIN rooms r ON c.room_id = r.id WHERE c.tenant_id = USER_ID_PLACEHOLDER AND b.month = 11 AND b.year = EXTRACT(YEAR FROM CURRENT_DATE)::int AND b.status IN ('UNPAID','LATE') ORDER BY b.deadline ASC LIMIT 20","SQL","","1"
"Lịch sử hóa đơn đã thanh toán tháng 11 của tôi (v4)","SELECT b.id AS bill_id, b.month, b.year, b.total_amount, b.status, b.paid_at, r.name AS room_name FROM bills b JOIN contracts c ON b.contract_id = c.id JOIN rooms r ON c.room_id = r.id WHERE c.tenant_id = USER_ID_PLACEHOLDER AND b.month = 11 AND b.year = EXTRACT(YEAR FROM CURRENT_DATE)::int AND b.status = 'PAID' ORDER BY b.paid_at DESC LIMIT 20","SQL","","1"
"Doanh thu đã thu tháng 11 của tôi (v4)","SELECT SUM(b.total_amount) AS total_revenue, COUNT(b.id) AS total_paid_bills, b.month, b.year FROM bills b JOIN contracts c ON b.contract_id = c.id JOIN rooms r ON c.room_id = r.id JOIN properties p ON r.property_id = p.id WHERE p.landlord_id = USER_ID_PLACEHOLDER AND b.status = 'PAID' AND b.month = 11 AND b.year = EXTRACT(YEAR FROM CURRENT_DATE)::int GROUP BY b.month, b.year","SQL","","1"
"Danh sách khách nợ tiền tháng 11 (v4)","SELECT u.full_name AS tenant_name, u.phone_number, r.name AS room_name, p.name AS property_name, b.total_amount, b.status AS bill_status, b.deadline FROM bills b JOIN contracts c ON b.contract_id = c.id JOIN rooms r ON c.room_id = r.id JOIN properties p ON r.property_id = p.id JOIN users u ON c.tenant_id = u.id WHERE p.landlord_id = USER_ID_PLACEHOLDER AND c.status = 'ACTIVE' AND b.month = 11 AND b.year = EXTRACT(YEAR FROM CURRENT_DATE)::int AND b.status IN ('UNPAID','LATE') ORDER BY b.deadline ASC LIMIT 100","SQL","","1"
"Hợp đồng active sắp hết hạn trong 73 ngày","SELECT c.id AS contract_id, c.end_date, (c.end_date::date - CURRENT_DATE) AS days_remaining, u.full_name AS tenant_name, r.name AS room_name, p.name AS property_name FROM contracts c JOIN rooms r ON c.room_id = r.id JOIN properties p ON r.property_id = p.id JOIN users u ON c.tenant_id = u.id WHERE p.landlord_id = USER_ID_PLACEHOLDER AND c.status = 'ACTIVE' AND c.end_date BETWEEN CURRENT_DATE AND (CURRENT_DATE + INTERVAL '73 day') ORDER BY c.end_date ASC LIMIT 100","SQL","","1"
"Tìm phòng ở Thủ Đức từ 3000000 đến 5000000","SELECT r.id AS room_id, r.name, r.price, r.area, r.type, r.images, p.name AS property_name, p.address, p.district FROM rooms r JOIN properties p ON r.property_id = p.id WHERE r.status = 'AVAILABLE' AND p.status = 'APPROVED' AND p.district LIKE '%Thủ%Đức%' AND r.price BETWEEN 3000000 AND 5000000 ORDER BY r.price ASC LIMIT 10","SQL","","1"
"Tìm phòng loại SHARED_ROOM ở Thủ Đức (v1)","SELECT r.id AS room_id, r.name, r.price, r.area, r.type, r.images, p.name AS property_name, p.address, p.district FROM rooms r JOIN properties p ON r.property_id = p.id WHERE r.status = 'AVAILABLE' AND p.status = 'APPROVED' AND p.district LIKE '%Thủ%Đức%' AND r.type = 'SHARED_ROOM' ORDER BY r.price ASC LIMIT 10","SQL","","1"
"Tìm phòng nội thất tại Thủ Đức","SELECT r.id AS room_id, r.name, r.price, r.area, r.type, r.images, p.name AS property_name, p.address, p.district FROM rooms r JOIN properties p ON r.property_id = p.id WHERE r.status = 'AVAILABLE' AND p.status = 'APPROVED' AND p.district LIKE '%Thủ%Đức%' AND LOWER(COALESCE(r.amenities,'')) LIKE '%nội thất%' ORDER BY r.price ASC LIMIT 10","SQL","","1"
"Giao dịch blockchain tháng 11 của tôi (v4)","SELECT b.id AS bill_id, b.month, b.year, b.total_amount, b.status, b.payment_tx_hash, r.name AS room_name FROM bills b JOIN contracts c ON b.contract_id = c.id JOIN rooms r ON c.room_id = r.id WHERE c.tenant_id = USER_ID_PLACEHOLDER AND b.month = 11 AND b.payment_tx_hash IS NOT NULL ORDER BY b.year DESC, b.month DESC LIMIT 30","SQL","","1"
"Hóa đơn tháng 12 của tôi (v4)","SELECT b.id AS bill_id, b.month, b.year, b.total_amount, b.status, b.deadline, r.name AS room_name FROM bills b JOIN contracts c ON b.contract_id = c.id JOIN rooms r ON c.room_id = r.id WHERE c.tenant_id = USER_ID_PLACEHOLDER AND b.month = 12 AND b.year = EXTRACT(YEAR FROM CURRENT_DATE)::int ORDER BY b.deadline ASC LIMIT 20","SQL","","1"
"Tôi còn nợ hóa đơn tháng 12 không (v4)","SELECT b.id AS bill_id, b.month, b.year, b.total_amount, b.status, b.deadline, r.name AS room_name FROM bills b JOIN contracts c ON b.contract_id = c.id JOIN rooms r ON c.room_id = r.id WHERE c.tenant_id = USER_ID_PLACEHOLDER AND b.month = 12 AND b.year = EXTRACT(YEAR FROM CURRENT_DATE)::int AND b.status IN ('UNPAID','LATE') ORDER BY b.deadline ASC LIMIT 20","SQL","","1"
"Lịch sử hóa đơn đã thanh toán tháng 12 của tôi (v4)","SELECT b.id AS bill_id, b.month, b.year, b.total_amount, b.status, b.paid_at, r.name AS room_name FROM bills b JOIN contracts c ON b.contract_id = c.id JOIN rooms r ON c.room_id = r.id WHERE c.tenant_id = USER_ID_PLACEHOLDER AND b.month = 12 AND b.year = EXTRACT(YEAR FROM CURRENT_DATE)::int AND b.status = 'PAID' ORDER BY b.paid_at DESC LIMIT 20","SQL","","1"
"Doanh thu đã thu tháng 12 của tôi (v4)","SELECT SUM(b.total_amount) AS total_revenue, COUNT(b.id) AS total_paid_bills, b.month, b.year FROM bills b JOIN contracts c ON b.contract_id = c.id JOIN rooms r ON c.room_id = r.id JOIN properties p ON r.property_id = p.id WHERE p.landlord_id = USER_ID_PLACEHOLDER AND b.status = 'PAID' AND b.month = 12 AND b.year = EXTRACT(YEAR FROM CURRENT_DATE)::int GROUP BY b.month, b.year","SQL","","1"
"Danh sách khách nợ tiền tháng 12 (v4)","SELECT u.full_name AS tenant_name, u.phone_number, r.name AS room_name, p.name AS property_name, b.total_amount, b.status AS bill_status, b.deadline FROM bills b JOIN contracts c ON b.contract_id = c.id JOIN rooms r ON c.room_id = r.id JOIN properties p ON r.property_id = p.id JOIN users u ON c.tenant_id = u.id WHERE p.landlord_id = USER_ID_PLACEHOLDER AND c.status = 'ACTIVE' AND b.month = 12 AND b.year = EXTRACT(YEAR FROM CURRENT_DATE)::int AND b.status IN ('UNPAID','LATE') ORDER BY b.deadline ASC LIMIT 100","SQL","","1"
"Hợp đồng active sắp hết hạn trong 74 ngày","SELECT c.id AS contract_id, c.end_date, (c.end_date::date - CURRENT_DATE) AS days_remaining, u.full_name AS tenant_name, r.name AS room_name, p.name AS property_name FROM contracts c JOIN rooms r ON c.room_id = r.id JOIN properties p ON r.property_id = p.id JOIN users u ON c.tenant_id = u.id WHERE p.landlord_id = USER_ID_PLACEHOLDER AND c.status = 'ACTIVE' AND c.end_date BETWEEN CURRENT_DATE AND (CURRENT_DATE + INTERVAL '74 day') ORDER BY c.end_date ASC LIMIT 100","SQL","","1"
"Tìm phòng ở Phú Nhuận từ 3500000 đến 5500000","SELECT r.id AS room_id, r.name, r.price, r.area, r.type, r.images, p.name AS property_name, p.address, p.district FROM rooms r JOIN properties p ON r.property_id = p.id WHERE r.status = 'AVAILABLE' AND p.status = 'APPROVED' AND p.district LIKE '%Phú%Nhuận%' AND r.price BETWEEN 3500000 AND 5500000 ORDER BY r.price ASC LIMIT 10","SQL","","1"
"Tìm phòng loại MEZZANINE_ROOM ở Phú Nhuận (v1)","SELECT r.id AS room_id, r.name, r.price, r.area, r.type, r.images, p.name AS property_name, p.address, p.district FROM rooms r JOIN properties p ON r.property_id = p.id WHERE r.status = 'AVAILABLE' AND p.status = 'APPROVED' AND p.district LIKE '%Phú%Nhuận%' AND r.type = 'MEZZANINE_ROOM' ORDER BY r.price ASC LIMIT 10","SQL","","1"
"Tìm phòng wifi tại Phú Nhuận","SELECT r.id AS room_id, r.name, r.price, r.area, r.type, r.images, p.name AS property_name, p.address, p.district FROM rooms r JOIN properties p ON r.property_id = p.id WHERE r.status = 'AVAILABLE' AND p.status = 'APPROVED' AND p.district LIKE '%Phú%Nhuận%' AND LOWER(COALESCE(r.amenities,'')) LIKE '%wifi%' ORDER BY r.price ASC LIMIT 10","SQL","","1"
"Giao dịch blockchain tháng 12 của tôi (v4)","SELECT b.id AS bill_id, b.month, b.year, b.total_amount, b.status, b.payment_tx_hash, r.name AS room_name FROM bills b JOIN contracts c ON b.contract_id = c.id JOIN rooms r ON c.room_id = r.id WHERE c.tenant_id = USER_ID_PLACEHOLDER AND b.month = 12 AND b.payment_tx_hash IS NOT NULL ORDER BY b.year DESC, b.month DESC LIMIT 30","SQL","","1"
"Hóa đơn tháng 1 của tôi (v5)","SELECT b.id AS bill_id, b.month, b.year, b.total_amount, b.status, b.deadline, r.name AS room_name FROM bills b JOIN contracts c ON b.contract_id = c.id JOIN rooms r ON c.room_id = r.id WHERE c.tenant_id = USER_ID_PLACEHOLDER AND b.month = 1 AND b.year = EXTRACT(YEAR FROM CURRENT_DATE)::int ORDER BY b.deadline ASC LIMIT 20","SQL","","1"
"Tôi còn nợ hóa đơn tháng 1 không (v5)","SELECT b.id AS bill_id, b.month, b.year, b.total_amount, b.status, b.deadline, r.name AS room_name FROM bills b JOIN contracts c ON b.contract_id = c.id JOIN rooms r ON c.room_id = r.id WHERE c.tenant_id = USER_ID_PLACEHOLDER AND b.month = 1 AND b.year = EXTRACT(YEAR FROM CURRENT_DATE)::int AND b.status IN ('UNPAID','LATE') ORDER BY b.deadline ASC LIMIT 20","SQL","","1"
"Lịch sử hóa đơn đã thanh toán tháng 1 của tôi (v5)","SELECT b.id AS bill_id, b.month, b.year, b.total_amount, b.status, b.paid_at, r.name AS room_name FROM bills b JOIN contracts c ON b.contract_id = c.id JOIN rooms r ON c.room_id = r.id WHERE c.tenant_id = USER_ID_PLACEHOLDER AND b.month = 1 AND b.year = EXTRACT(YEAR FROM CURRENT_DATE)::int AND b.status = 'PAID' ORDER BY b.paid_at DESC LIMIT 20","SQL","","1"
"Doanh thu đã thu tháng 1 của tôi (v5)","SELECT SUM(b.total_amount) AS total_revenue, COUNT(b.id) AS total_paid_bills, b.month, b.year FROM bills b JOIN contracts c ON b.contract_id = c.id JOIN rooms r ON c.room_id = r.id JOIN properties p ON r.property_id = p.id WHERE p.landlord_id = USER_ID_PLACEHOLDER AND b.status = 'PAID' AND b.month = 1 AND b.year = EXTRACT(YEAR FROM CURRENT_DATE)::int GROUP BY b.month, b.year","SQL","","1"
"Danh sách khách nợ tiền tháng 1 (v5)","SELECT u.full_name AS tenant_name, u.phone_number, r.name AS room_name, p.name AS property_name, b.total_amount, b.status AS bill_status, b.deadline FROM bills b JOIN contracts c ON b.contract_id = c.id JOIN rooms r ON c.room_id = r.id JOIN properties p ON r.property_id = p.id JOIN users u ON c.tenant_id = u.id WHERE p.landlord_id = USER_ID_PLACEHOLDER AND c.status = 'ACTIVE' AND b.month = 1 AND b.year = EXTRACT(YEAR FROM CURRENT_DATE)::int AND b.status IN ('UNPAID','LATE') ORDER BY b.deadline ASC LIMIT 100","SQL","","1"
"Hợp đồng active sắp hết hạn trong 75 ngày","SELECT c.id AS contract_id, c.end_date, (c.end_date::date - CURRENT_DATE) AS days_remaining, u.full_name AS tenant_name, r.name AS room_name, p.name AS property_name FROM contracts c JOIN rooms r ON c.room_id = r.id JOIN properties p ON r.property_id = p.id JOIN users u ON c.tenant_id = u.id WHERE p.landlord_id = USER_ID_PLACEHOLDER AND c.status = 'ACTIVE' AND c.end_date BETWEEN CURRENT_DATE AND (CURRENT_DATE + INTERVAL '75 day') ORDER BY c.end_date ASC LIMIT 100","SQL","","1"
"Tìm phòng ở Bình Tân từ 4000000 đến 6000000","SELECT r.id AS room_id, r.name, r.price, r.area, r.type, r.images, p.name AS property_name, p.address, p.district FROM rooms r JOIN properties p ON r.property_id = p.id WHERE r.status = 'AVAILABLE' AND p.status = 'APPROVED' AND p.district LIKE '%Bình%Tân%' AND r.price BETWEEN 4000000 AND 6000000 ORDER BY r.price ASC LIMIT 10","SQL","","1"
"Tìm phòng loại STUDIO ở Bình Tân (v1)","SELECT r.id AS room_id, r.name, r.price, r.area, r.type, r.images, p.name AS property_name, p.address, p.district FROM rooms r JOIN properties p ON r.property_id = p.id WHERE r.status = 'AVAILABLE' AND p.status = 'APPROVED' AND p.district LIKE '%Bình%Tân%' AND r.type = 'STUDIO' ORDER BY r.price ASC LIMIT 10","SQL","","1"
"Tìm phòng máy lạnh tại Bình Tân","SELECT r.id AS room_id, r.name, r.price, r.area, r.type, r.images, p.name AS property_name, p.address, p.district FROM rooms r JOIN properties p ON r.property_id = p.id WHERE r.status = 'AVAILABLE' AND p.status = 'APPROVED' AND p.district LIKE '%Bình%Tân%' AND LOWER(COALESCE(r.amenities,'')) LIKE '%máy lạnh%' ORDER BY r.price ASC LIMIT 10","SQL","","1"
"Giao dịch blockchain tháng 1 của tôi (v5)","SELECT b.id AS bill_id, b.month, b.year, b.total_amount, b.status, b.payment_tx_hash, r.name AS room_name FROM bills b JOIN contracts c ON b.contract_id = c.id JOIN rooms r ON c.room_id = r.id WHERE c.tenant_id = USER_ID_PLACEHOLDER AND b.month = 1 AND b.payment_tx_hash IS NOT NULL ORDER BY b.year DESC, b.month DESC LIMIT 30","SQL","","1"
"Hóa đơn tháng 2 của tôi (v5)","SELECT b.id AS bill_id, b.month, b.year, b.total_amount, b.status, b.deadline, r.name AS room_name FROM bills b JOIN contracts c ON b.contract_id = c.id JOIN rooms r ON c.room_id = r.id WHERE c.tenant_id = USER_ID_PLACEHOLDER AND b.month = 2 AND b.year = EXTRACT(YEAR FROM CURRENT_DATE)::int ORDER BY b.deadline ASC LIMIT 20","SQL","","1"
"Tôi còn nợ hóa đơn tháng 2 không (v5)","SELECT b.id AS bill_id, b.month, b.year, b.total_amount, b.status, b.deadline, r.name AS room_name FROM bills b JOIN contracts c ON b.contract_id = c.id JOIN rooms r ON c.room_id = r.id WHERE c.tenant_id = USER_ID_PLACEHOLDER AND b.month = 2 AND b.year = EXTRACT(YEAR FROM CURRENT_DATE)::int AND b.status IN ('UNPAID','LATE') ORDER BY b.deadline ASC LIMIT 20","SQL","","1"
"Lịch sử hóa đơn đã thanh toán tháng 2 của tôi (v5)","SELECT b.id AS bill_id, b.month, b.year, b.total_amount, b.status, b.paid_at, r.name AS room_name FROM bills b JOIN contracts c ON b.contract_id = c.id JOIN rooms r ON c.room_id = r.id WHERE c.tenant_id = USER_ID_PLACEHOLDER AND b.month = 2 AND b.year = EXTRACT(YEAR FROM CURRENT_DATE)::int AND b.status = 'PAID' ORDER BY b.paid_at DESC LIMIT 20","SQL","","1"
"Doanh thu đã thu tháng 2 của tôi (v5)","SELECT SUM(b.total_amount) AS total_revenue, COUNT(b.id) AS total_paid_bills, b.month, b.year FROM bills b JOIN contracts c ON b.contract_id = c.id JOIN rooms r ON c.room_id = r.id JOIN properties p ON r.property_id = p.id WHERE p.landlord_id = USER_ID_PLACEHOLDER AND b.status = 'PAID' AND b.month = 2 AND b.year = EXTRACT(YEAR FROM CURRENT_DATE)::int GROUP BY b.month, b.year","SQL","","1"
"Danh sách khách nợ tiền tháng 2 (v5)","SELECT u.full_name AS tenant_name, u.phone_number, r.name AS room_name, p.name AS property_name, b.total_amount, b.status AS bill_status, b.deadline FROM bills b JOIN contracts c ON b.contract_id = c.id JOIN rooms r ON c.room_id = r.id JOIN properties p ON r.property_id = p.id JOIN users u ON c.tenant_id = u.id WHERE p.landlord_id = USER_ID_PLACEHOLDER AND c.status = 'ACTIVE' AND b.month = 2 AND b.year = EXTRACT(YEAR FROM CURRENT_DATE)::int AND b.status IN ('UNPAID','LATE') ORDER BY b.deadline ASC LIMIT 100","SQL","","1"
"Hợp đồng active sắp hết hạn trong 76 ngày","SELECT c.id AS contract_id, c.end_date, (c.end_date::date - CURRENT_DATE) AS days_remaining, u.full_name AS tenant_name, r.name AS room_name, p.name AS property_name FROM contracts c JOIN rooms r ON c.room_id = r.id JOIN properties p ON r.property_id = p.id JOIN users u ON c.tenant_id = u.id WHERE p.landlord_id = USER_ID_PLACEHOLDER AND c.status = 'ACTIVE' AND c.end_date BETWEEN CURRENT_DATE AND (CURRENT_DATE + INTERVAL '76 day') ORDER BY c.end_date ASC LIMIT 100","SQL","","1"
"Tìm phòng ở Bình Chánh từ 4500000 đến 6500000","SELECT r.id AS room_id, r.name, r.price, r.area, r.type, r.images, p.name AS property_name, p.address, p.district FROM rooms r JOIN properties p ON r.property_id = p.id WHERE r.status = 'AVAILABLE' AND p.status = 'APPROVED' AND p.district LIKE '%Bình%Chánh%' AND r.price BETWEEN 4500000 AND 6500000 ORDER BY r.price ASC LIMIT 10","SQL","","1"
"Tìm phòng loại ONE_BEDROOM ở Bình Chánh (v1)","SELECT r.id AS room_id, r.name, r.price, r.area, r.type, r.images, p.name AS property_name, p.address, p.district FROM rooms r JOIN properties p ON r.property_id = p.id WHERE r.status = 'AVAILABLE' AND p.status = 'APPROVED' AND p.district LIKE '%Bình%Chánh%' AND r.type = 'ONE_BEDROOM' ORDER BY r.price ASC LIMIT 10","SQL","","1"
"Tìm phòng gác lửng tại Bình Chánh","SELECT r.id AS room_id, r.name, r.price, r.area, r.type, r.images, p.name AS property_name, p.address, p.district FROM rooms r JOIN properties p ON r.property_id = p.id WHERE r.status = 'AVAILABLE' AND p.status = 'APPROVED' AND p.district LIKE '%Bình%Chánh%' AND LOWER(COALESCE(r.amenities,'')) LIKE '%gác lửng%' ORDER BY r.price ASC LIMIT 10","SQL","","1"
"Giao dịch blockchain tháng 2 của tôi (v5)","SELECT b.id AS bill_id, b.month, b.year, b.total_amount, b.status, b.payment_tx_hash, r.name AS room_name FROM bills b JOIN contracts c ON b.contract_id = c.id JOIN rooms r ON c.room_id = r.id WHERE c.tenant_id = USER_ID_PLACEHOLDER AND b.month = 2 AND b.payment_tx_hash IS NOT NULL ORDER BY b.year DESC, b.month DESC LIMIT 30","SQL","","1"
"Hóa đơn tháng 3 của tôi (v5)","SELECT b.id AS bill_id, b.month, b.year, b.total_amount, b.status, b.deadline, r.name AS room_name FROM bills b JOIN contracts c ON b.contract_id = c.id JOIN rooms r ON c.room_id = r.id WHERE c.tenant_id = USER_ID_PLACEHOLDER AND b.month = 3 AND b.year = EXTRACT(YEAR FROM CURRENT_DATE)::int ORDER BY b.deadline ASC LIMIT 20","SQL","","1"
"Tôi còn nợ hóa đơn tháng 3 không (v5)","SELECT b.id AS bill_id, b.month, b.year, b.total_amount, b.status, b.deadline, r.name AS room_name FROM bills b JOIN contracts c ON b.contract_id = c.id JOIN rooms r ON c.room_id = r.id WHERE c.tenant_id = USER_ID_PLACEHOLDER AND b.month = 3 AND b.year = EXTRACT(YEAR FROM CURRENT_DATE)::int AND b.status IN ('UNPAID','LATE') ORDER BY b.deadline ASC LIMIT 20","SQL","","1"
"Lịch sử hóa đơn đã thanh toán tháng 3 của tôi (v5)","SELECT b.id AS bill_id, b.month, b.year, b.total_amount, b.status, b.paid_at, r.name AS room_name FROM bills b JOIN contracts c ON b.contract_id = c.id JOIN rooms r ON c.room_id = r.id WHERE c.tenant_id = USER_ID_PLACEHOLDER AND b.month = 3 AND b.year = EXTRACT(YEAR FROM CURRENT_DATE)::int AND b.status = 'PAID' ORDER BY b.paid_at DESC LIMIT 20","SQL","","1"
"Doanh thu đã thu tháng 3 của tôi (v5)","SELECT SUM(b.total_amount) AS total_revenue, COUNT(b.id) AS total_paid_bills, b.month, b.year FROM bills b JOIN contracts c ON b.contract_id = c.id JOIN rooms r ON c.room_id = r.id JOIN properties p ON r.property_id = p.id WHERE p.landlord_id = USER_ID_PLACEHOLDER AND b.status = 'PAID' AND b.month = 3 AND b.year = EXTRACT(YEAR FROM CURRENT_DATE)::int GROUP BY b.month, b.year","SQL","","1"
"Danh sách khách nợ tiền tháng 3 (v5)","SELECT u.full_name AS tenant_name, u.phone_number, r.name AS room_name, p.name AS property_name, b.total_amount, b.status AS bill_status, b.deadline FROM bills b JOIN contracts c ON b.contract_id = c.id JOIN rooms r ON c.room_id = r.id JOIN properties p ON r.property_id = p.id JOIN users u ON c.tenant_id = u.id WHERE p.landlord_id = USER_ID_PLACEHOLDER AND c.status = 'ACTIVE' AND b.month = 3 AND b.year = EXTRACT(YEAR FROM CURRENT_DATE)::int AND b.status IN ('UNPAID','LATE') ORDER BY b.deadline ASC LIMIT 100","SQL","","1"
"Hợp đồng active sắp hết hạn trong 77 ngày","SELECT c.id AS contract_id, c.end_date, (c.end_date::date - CURRENT_DATE) AS days_remaining, u.full_name AS tenant_name, r.name AS room_name, p.name AS property_name FROM contracts c JOIN rooms r ON c.room_id = r.id JOIN properties p ON r.property_id = p.id JOIN users u ON c.tenant_id = u.id WHERE p.landlord_id = USER_ID_PLACEHOLDER AND c.status = 'ACTIVE' AND c.end_date BETWEEN CURRENT_DATE AND (CURRENT_DATE + INTERVAL '77 day') ORDER BY c.end_date ASC LIMIT 100","SQL","","1"
"Tìm phòng ở Nhà Bè từ 5000000 đến 7000000","SELECT r.id AS room_id, r.name, r.price, r.area, r.type, r.images, p.name AS property_name, p.address, p.district FROM rooms r JOIN properties p ON r.property_id = p.id WHERE r.status = 'AVAILABLE' AND p.status = 'APPROVED' AND p.district LIKE '%Nhà%Bè%' AND r.price BETWEEN 5000000 AND 7000000 ORDER BY r.price ASC LIMIT 10","SQL","","1"
"Tìm phòng loại TWO_BEDROOM ở Nhà Bè (v1)","SELECT r.id AS room_id, r.name, r.price, r.area, r.type, r.images, p.name AS property_name, p.address, p.district FROM rooms r JOIN properties p ON r.property_id = p.id WHERE r.status = 'AVAILABLE' AND p.status = 'APPROVED' AND p.district LIKE '%Nhà%Bè%' AND r.type = 'TWO_BEDROOM' ORDER BY r.price ASC LIMIT 10","SQL","","1"
"Tìm phòng ban công tại Nhà Bè","SELECT r.id AS room_id, r.name, r.price, r.area, r.type, r.images, p.name AS property_name, p.address, p.district FROM rooms r JOIN properties p ON r.property_id = p.id WHERE r.status = 'AVAILABLE' AND p.status = 'APPROVED' AND p.district LIKE '%Nhà%Bè%' AND LOWER(COALESCE(r.amenities,'')) LIKE '%ban công%' ORDER BY r.price ASC LIMIT 10","SQL","","1"
"Giao dịch blockchain tháng 3 của tôi (v5)","SELECT b.id AS bill_id, b.month, b.year, b.total_amount, b.status, b.payment_tx_hash, r.name AS room_name FROM bills b JOIN contracts c ON b.contract_id = c.id JOIN rooms r ON c.room_id = r.id WHERE c.tenant_id = USER_ID_PLACEHOLDER AND b.month = 3 AND b.payment_tx_hash IS NOT NULL ORDER BY b.year DESC, b.month DESC LIMIT 30","SQL","","1"
"Hóa đơn tháng 4 của tôi (v5)","SELECT b.id AS bill_id, b.month, b.year, b.total_amount, b.status, b.deadline, r.name AS room_name FROM bills b JOIN contracts c ON b.contract_id = c.id JOIN rooms r ON c.room_id = r.id WHERE c.tenant_id = USER_ID_PLACEHOLDER AND b.month = 4 AND b.year = EXTRACT(YEAR FROM CURRENT_DATE)::int ORDER BY b.deadline ASC LIMIT 20","SQL","","1"
"Tôi còn nợ hóa đơn tháng 4 không (v5)","SELECT b.id AS bill_id, b.month, b.year, b.total_amount, b.status, b.deadline, r.name AS room_name FROM bills b JOIN contracts c ON b.contract_id = c.id JOIN rooms r ON c.room_id = r.id WHERE c.tenant_id = USER_ID_PLACEHOLDER AND b.month = 4 AND b.year = EXTRACT(YEAR FROM CURRENT_DATE)::int AND b.status IN ('UNPAID','LATE') ORDER BY b.deadline ASC LIMIT 20","SQL","","1"
"Lịch sử hóa đơn đã thanh toán tháng 4 của tôi (v5)","SELECT b.id AS bill_id, b.month, b.year, b.total_amount, b.status, b.paid_at, r.name AS room_name FROM bills b JOIN contracts c ON b.contract_id = c.id JOIN rooms r ON c.room_id = r.id WHERE c.tenant_id = USER_ID_PLACEHOLDER AND b.month = 4 AND b.year = EXTRACT(YEAR FROM CURRENT_DATE)::int AND b.status = 'PAID' ORDER BY b.paid_at DESC LIMIT 20","SQL","","1"
"Doanh thu đã thu tháng 4 của tôi (v5)","SELECT SUM(b.total_amount) AS total_revenue, COUNT(b.id) AS total_paid_bills, b.month, b.year FROM bills b JOIN contracts c ON b.contract_id = c.id JOIN rooms r ON c.room_id = r.id JOIN properties p ON r.property_id = p.id WHERE p.landlord_id = USER_ID_PLACEHOLDER AND b.status = 'PAID' AND b.month = 4 AND b.year = EXTRACT(YEAR FROM CURRENT_DATE)::int GROUP BY b.month, b.year","SQL","","1"
"Danh sách khách nợ tiền tháng 4 (v5)","SELECT u.full_name AS tenant_name, u.phone_number, r.name AS room_name, p.name AS property_name, b.total_amount, b.status AS bill_status, b.deadline FROM bills b JOIN contracts c ON b.contract_id = c.id JOIN rooms r ON c.room_id = r.id JOIN properties p ON r.property_id = p.id JOIN users u ON c.tenant_id = u.id WHERE p.landlord_id = USER_ID_PLACEHOLDER AND c.status = 'ACTIVE' AND b.month = 4 AND b.year = EXTRACT(YEAR FROM CURRENT_DATE)::int AND b.status IN ('UNPAID','LATE') ORDER BY b.deadline ASC LIMIT 100","SQL","","1"
"Hợp đồng active sắp hết hạn trong 78 ngày","SELECT c.id AS contract_id, c.end_date, (c.end_date::date - CURRENT_DATE) AS days_remaining, u.full_name AS tenant_name, r.name AS room_name, p.name AS property_name FROM contracts c JOIN rooms r ON c.room_id = r.id JOIN properties p ON r.property_id = p.id JOIN users u ON c.tenant_id = u.id WHERE p.landlord_id = USER_ID_PLACEHOLDER AND c.status = 'ACTIVE' AND c.end_date BETWEEN CURRENT_DATE AND (CURRENT_DATE + INTERVAL '78 day') ORDER BY c.end_date ASC LIMIT 100","SQL","","1"
"Tìm phòng ở Hóc Môn từ 2000000 đến 4000000","SELECT r.id AS room_id, r.name, r.price, r.area, r.type, r.images, p.name AS property_name, p.address, p.district FROM rooms r JOIN properties p ON r.property_id = p.id WHERE r.status = 'AVAILABLE' AND p.status = 'APPROVED' AND p.district LIKE '%Hóc%Môn%' AND r.price BETWEEN 2000000 AND 4000000 ORDER BY r.price ASC LIMIT 10","SQL","","1"
"Tìm phòng loại SINGLE_ROOM ở Hóc Môn (v1)","SELECT r.id AS room_id, r.name, r.price, r.area, r.type, r.images, p.name AS property_name, p.address, p.district FROM rooms r JOIN properties p ON r.property_id = p.id WHERE r.status = 'AVAILABLE' AND p.status = 'APPROVED' AND p.district LIKE '%Hóc%Môn%' AND r.type = 'SINGLE_ROOM' ORDER BY r.price ASC LIMIT 10","SQL","","1"
"Tìm phòng nội thất tại Hóc Môn","SELECT r.id AS room_id, r.name, r.price, r.area, r.type, r.images, p.name AS property_name, p.address, p.district FROM rooms r JOIN properties p ON r.property_id = p.id WHERE r.status = 'AVAILABLE' AND p.status = 'APPROVED' AND p.district LIKE '%Hóc%Môn%' AND LOWER(COALESCE(r.amenities,'')) LIKE '%nội thất%' ORDER BY r.price ASC LIMIT 10","SQL","","1"
"Giao dịch blockchain tháng 4 của tôi (v5)","SELECT b.id AS bill_id, b.month, b.year, b.total_amount, b.status, b.payment_tx_hash, r.name AS room_name FROM bills b JOIN contracts c ON b.contract_id = c.id JOIN rooms r ON c.room_id = r.id WHERE c.tenant_id = USER_ID_PLACEHOLDER AND b.month = 4 AND b.payment_tx_hash IS NOT NULL ORDER BY b.year DESC, b.month DESC LIMIT 30","SQL","","1"
"Hóa đơn tháng 5 của tôi (v5)","SELECT b.id AS bill_id, b.month, b.year, b.total_amount, b.status, b.deadline, r.name AS room_name FROM bills b JOIN contracts c ON b.contract_id = c.id JOIN rooms r ON c.room_id = r.id WHERE c.tenant_id = USER_ID_PLACEHOLDER AND b.month = 5 AND b.year = EXTRACT(YEAR FROM CURRENT_DATE)::int ORDER BY b.deadline ASC LIMIT 20","SQL","","1"
"Tôi còn nợ hóa đơn tháng 5 không (v5)","SELECT b.id AS bill_id, b.month, b.year, b.total_amount, b.status, b.deadline, r.name AS room_name FROM bills b JOIN contracts c ON b.contract_id = c.id JOIN rooms r ON c.room_id = r.id WHERE c.tenant_id = USER_ID_PLACEHOLDER AND b.month = 5 AND b.year = EXTRACT(YEAR FROM CURRENT_DATE)::int AND b.status IN ('UNPAID','LATE') ORDER BY b.deadline ASC LIMIT 20","SQL","","1"
"Lịch sử hóa đơn đã thanh toán tháng 5 của tôi (v5)","SELECT b.id AS bill_id, b.month, b.year, b.total_amount, b.status, b.paid_at, r.name AS room_name FROM bills b JOIN contracts c ON b.contract_id = c.id JOIN rooms r ON c.room_id = r.id WHERE c.tenant_id = USER_ID_PLACEHOLDER AND b.month = 5 AND b.year = EXTRACT(YEAR FROM CURRENT_DATE)::int AND b.status = 'PAID' ORDER BY b.paid_at DESC LIMIT 20","SQL","","1"
"Doanh thu đã thu tháng 5 của tôi (v5)","SELECT SUM(b.total_amount) AS total_revenue, COUNT(b.id) AS total_paid_bills, b.month, b.year FROM bills b JOIN contracts c ON b.contract_id = c.id JOIN rooms r ON c.room_id = r.id JOIN properties p ON r.property_id = p.id WHERE p.landlord_id = USER_ID_PLACEHOLDER AND b.status = 'PAID' AND b.month = 5 AND b.year = EXTRACT(YEAR FROM CURRENT_DATE)::int GROUP BY b.month, b.year","SQL","","1"
"Danh sách khách nợ tiền tháng 5 (v5)","SELECT u.full_name AS tenant_name, u.phone_number, r.name AS room_name, p.name AS property_name, b.total_amount, b.status AS bill_status, b.deadline FROM bills b JOIN contracts c ON b.contract_id = c.id JOIN rooms r ON c.room_id = r.id JOIN properties p ON r.property_id = p.id JOIN users u ON c.tenant_id = u.id WHERE p.landlord_id = USER_ID_PLACEHOLDER AND c.status = 'ACTIVE' AND b.month = 5 AND b.year = EXTRACT(YEAR FROM CURRENT_DATE)::int AND b.status IN ('UNPAID','LATE') ORDER BY b.deadline ASC LIMIT 100","SQL","","1"
"Hợp đồng active sắp hết hạn trong 79 ngày","SELECT c.id AS contract_id, c.end_date, (c.end_date::date - CURRENT_DATE) AS days_remaining, u.full_name AS tenant_name, r.name AS room_name, p.name AS property_name FROM contracts c JOIN rooms r ON c.room_id = r.id JOIN properties p ON r.property_id = p.id JOIN users u ON c.tenant_id = u.id WHERE p.landlord_id = USER_ID_PLACEHOLDER AND c.status = 'ACTIVE' AND c.end_date BETWEEN CURRENT_DATE AND (CURRENT_DATE + INTERVAL '79 day') ORDER BY c.end_date ASC LIMIT 100","SQL","","1"
"Tìm phòng ở Quận 1 từ 2500000 đến 4500000","SELECT r.id AS room_id, r.name, r.price, r.area, r.type, r.images, p.name AS property_name, p.address, p.district FROM rooms r JOIN properties p ON r.property_id = p.id WHERE r.status = 'AVAILABLE' AND p.status = 'APPROVED' AND p.district LIKE '%1%' AND r.price BETWEEN 2500000 AND 4500000 ORDER BY r.price ASC LIMIT 10","SQL","","1"
"Tìm phòng loại SHARED_ROOM ở Quận 1 (v1)","SELECT r.id AS room_id, r.name, r.price, r.area, r.type, r.images, p.name AS property_name, p.address, p.district FROM rooms r JOIN properties p ON r.property_id = p.id WHERE r.status = 'AVAILABLE' AND p.status = 'APPROVED' AND p.district LIKE '%1%' AND r.type = 'SHARED_ROOM' ORDER BY r.price ASC LIMIT 10","SQL","","1"
"Tìm phòng wifi tại Quận 1","SELECT r.id AS room_id, r.name, r.price, r.area, r.type, r.images, p.name AS property_name, p.address, p.district FROM rooms r JOIN properties p ON r.property_id = p.id WHERE r.status = 'AVAILABLE' AND p.status = 'APPROVED' AND p.district LIKE '%1%' AND LOWER(COALESCE(r.amenities,'')) LIKE '%wifi%' ORDER BY r.price ASC LIMIT 10","SQL","","1"
"Giao dịch blockchain tháng 5 của tôi (v5)","SELECT b.id AS bill_id, b.month, b.year, b.total_amount, b.status, b.payment_tx_hash, r.name AS room_name FROM bills b JOIN contracts c ON b.contract_id = c.id JOIN rooms r ON c.room_id = r.id WHERE c.tenant_id = USER_ID_PLACEHOLDER AND b.month = 5 AND b.payment_tx_hash IS NOT NULL ORDER BY b.year DESC, b.month DESC LIMIT 30","SQL","","1"
"Hóa đơn tháng 6 của tôi (v5)","SELECT b.id AS bill_id, b.month, b.year, b.total_amount, b.status, b.deadline, r.name AS room_name FROM bills b JOIN contracts c ON b.contract_id = c.id JOIN rooms r ON c.room_id = r.id WHERE c.tenant_id = USER_ID_PLACEHOLDER AND b.month = 6 AND b.year = EXTRACT(YEAR FROM CURRENT_DATE)::int ORDER BY b.deadline ASC LIMIT 20","SQL","","1"
"Tôi còn nợ hóa đơn tháng 6 không (v5)","SELECT b.id AS bill_id, b.month, b.year, b.total_amount, b.status, b.deadline, r.name AS room_name FROM bills b JOIN contracts c ON b.contract_id = c.id JOIN rooms r ON c.room_id = r.id WHERE c.tenant_id = USER_ID_PLACEHOLDER AND b.month = 6 AND b.year = EXTRACT(YEAR FROM CURRENT_DATE)::int AND b.status IN ('UNPAID','LATE') ORDER BY b.deadline ASC LIMIT 20","SQL","","1"
"Lịch sử hóa đơn đã thanh toán tháng 6 của tôi (v5)","SELECT b.id AS bill_id, b.month, b.year, b.total_amount, b.status, b.paid_at, r.name AS room_name FROM bills b JOIN contracts c ON b.contract_id = c.id JOIN rooms r ON c.room_id = r.id WHERE c.tenant_id = USER_ID_PLACEHOLDER AND b.month = 6 AND b.year = EXTRACT(YEAR FROM CURRENT_DATE)::int AND b.status = 'PAID' ORDER BY b.paid_at DESC LIMIT 20","SQL","","1"
"Doanh thu đã thu tháng 6 của tôi (v5)","SELECT SUM(b.total_amount) AS total_revenue, COUNT(b.id) AS total_paid_bills, b.month, b.year FROM bills b JOIN contracts c ON b.contract_id = c.id JOIN rooms r ON c.room_id = r.id JOIN properties p ON r.property_id = p.id WHERE p.landlord_id = USER_ID_PLACEHOLDER AND b.status = 'PAID' AND b.month = 6 AND b.year = EXTRACT(YEAR FROM CURRENT_DATE)::int GROUP BY b.month, b.year","SQL","","1"
"Danh sách khách nợ tiền tháng 6 (v5)","SELECT u.full_name AS tenant_name, u.phone_number, r.name AS room_name, p.name AS property_name, b.total_amount, b.status AS bill_status, b.deadline FROM bills b JOIN contracts c ON b.contract_id = c.id JOIN rooms r ON c.room_id = r.id JOIN properties p ON r.property_id = p.id JOIN users u ON c.tenant_id = u.id WHERE p.landlord_id = USER_ID_PLACEHOLDER AND c.status = 'ACTIVE' AND b.month = 6 AND b.year = EXTRACT(YEAR FROM CURRENT_DATE)::int AND b.status IN ('UNPAID','LATE') ORDER BY b.deadline ASC LIMIT 100","SQL","","1"
"Hợp đồng active sắp hết hạn trong 80 ngày","SELECT c.id AS contract_id, c.end_date, (c.end_date::date - CURRENT_DATE) AS days_remaining, u.full_name AS tenant_name, r.name AS room_name, p.name AS property_name FROM contracts c JOIN rooms r ON c.room_id = r.id JOIN properties p ON r.property_id = p.id JOIN users u ON c.tenant_id = u.id WHERE p.landlord_id = USER_ID_PLACEHOLDER AND c.status = 'ACTIVE' AND c.end_date BETWEEN CURRENT_DATE AND (CURRENT_DATE + INTERVAL '80 day') ORDER BY c.end_date ASC LIMIT 100","SQL","","1"
"Tìm phòng ở Quận 3 từ 3000000 đến 5000000","SELECT r.id AS room_id, r.name, r.price, r.area, r.type, r.images, p.name AS property_name, p.address, p.district FROM rooms r JOIN properties p ON r.property_id = p.id WHERE r.status = 'AVAILABLE' AND p.status = 'APPROVED' AND p.district LIKE '%3%' AND r.price BETWEEN 3000000 AND 5000000 ORDER BY r.price ASC LIMIT 10","SQL","","1"
"Tìm phòng loại MEZZANINE_ROOM ở Quận 3 (v1)","SELECT r.id AS room_id, r.name, r.price, r.area, r.type, r.images, p.name AS property_name, p.address, p.district FROM rooms r JOIN properties p ON r.property_id = p.id WHERE r.status = 'AVAILABLE' AND p.status = 'APPROVED' AND p.district LIKE '%3%' AND r.type = 'MEZZANINE_ROOM' ORDER BY r.price ASC LIMIT 10","SQL","","1"
"Tìm phòng máy lạnh tại Quận 3","SELECT r.id AS room_id, r.name, r.price, r.area, r.type, r.images, p.name AS property_name, p.address, p.district FROM rooms r JOIN properties p ON r.property_id = p.id WHERE r.status = 'AVAILABLE' AND p.status = 'APPROVED' AND p.district LIKE '%3%' AND LOWER(COALESCE(r.amenities,'')) LIKE '%máy lạnh%' ORDER BY r.price ASC LIMIT 10","SQL","","1"
"Giao dịch blockchain tháng 6 của tôi (v5)","SELECT b.id AS bill_id, b.month, b.year, b.total_amount, b.status, b.payment_tx_hash, r.name AS room_name FROM bills b JOIN contracts c ON b.contract_id = c.id JOIN rooms r ON c.room_id = r.id WHERE c.tenant_id = USER_ID_PLACEHOLDER AND b.month = 6 AND b.payment_tx_hash IS NOT NULL ORDER BY b.year DESC, b.month DESC LIMIT 30","SQL","","1"
"Hóa đơn tháng 7 của tôi (v5)","SELECT b.id AS bill_id, b.month, b.year, b.total_amount, b.status, b.deadline, r.name AS room_name FROM bills b JOIN contracts c ON b.contract_id = c.id JOIN rooms r ON c.room_id = r.id WHERE c.tenant_id = USER_ID_PLACEHOLDER AND b.month = 7 AND b.year = EXTRACT(YEAR FROM CURRENT_DATE)::int ORDER BY b.deadline ASC LIMIT 20","SQL","","1"
"Tôi còn nợ hóa đơn tháng 7 không (v5)","SELECT b.id AS bill_id, b.month, b.year, b.total_amount, b.status, b.deadline, r.name AS room_name FROM bills b JOIN contracts c ON b.contract_id = c.id JOIN rooms r ON c.room_id = r.id WHERE c.tenant_id = USER_ID_PLACEHOLDER AND b.month = 7 AND b.year = EXTRACT(YEAR FROM CURRENT_DATE)::int AND b.status IN ('UNPAID','LATE') ORDER BY b.deadline ASC LIMIT 20","SQL","","1"
"Lịch sử hóa đơn đã thanh toán tháng 7 của tôi (v5)","SELECT b.id AS bill_id, b.month, b.year, b.total_amount, b.status, b.paid_at, r.name AS room_name FROM bills b JOIN contracts c ON b.contract_id = c.id JOIN rooms r ON c.room_id = r.id WHERE c.tenant_id = USER_ID_PLACEHOLDER AND b.month = 7 AND b.year = EXTRACT(YEAR FROM CURRENT_DATE)::int AND b.status = 'PAID' ORDER BY b.paid_at DESC LIMIT 20","SQL","","1"
"Doanh thu đã thu tháng 7 của tôi (v5)","SELECT SUM(b.total_amount) AS total_revenue, COUNT(b.id) AS total_paid_bills, b.month, b.year FROM bills b JOIN contracts c ON b.contract_id = c.id JOIN rooms r ON c.room_id = r.id JOIN properties p ON r.property_id = p.id WHERE p.landlord_id = USER_ID_PLACEHOLDER AND b.status = 'PAID' AND b.month = 7 AND b.year = EXTRACT(YEAR FROM CURRENT_DATE)::int GROUP BY b.month, b.year","SQL","","1"
"Danh sách khách nợ tiền tháng 7 (v5)","SELECT u.full_name AS tenant_name, u.phone_number, r.name AS room_name, p.name AS property_name, b.total_amount, b.status AS bill_status, b.deadline FROM bills b JOIN contracts c ON b.contract_id = c.id JOIN rooms r ON c.room_id = r.id JOIN properties p ON r.property_id = p.id JOIN users u ON c.tenant_id = u.id WHERE p.landlord_id = USER_ID_PLACEHOLDER AND c.status = 'ACTIVE' AND b.month = 7 AND b.year = EXTRACT(YEAR FROM CURRENT_DATE)::int AND b.status IN ('UNPAID','LATE') ORDER BY b.deadline ASC LIMIT 100","SQL","","1"
"Hợp đồng active sắp hết hạn trong 81 ngày","SELECT c.id AS contract_id, c.end_date, (c.end_date::date - CURRENT_DATE) AS days_remaining, u.full_name AS tenant_name, r.name AS room_name, p.name AS property_name FROM contracts c JOIN rooms r ON c.room_id = r.id JOIN properties p ON r.property_id = p.id JOIN users u ON c.tenant_id = u.id WHERE p.landlord_id = USER_ID_PLACEHOLDER AND c.status = 'ACTIVE' AND c.end_date BETWEEN CURRENT_DATE AND (CURRENT_DATE + INTERVAL '81 day') ORDER BY c.end_date ASC LIMIT 100","SQL","","1"
"Tìm phòng ở Quận 4 từ 3500000 đến 5500000","SELECT r.id AS room_id, r.name, r.price, r.area, r.type, r.images, p.name AS property_name, p.address, p.district FROM rooms r JOIN properties p ON r.property_id = p.id WHERE r.status = 'AVAILABLE' AND p.status = 'APPROVED' AND p.district LIKE '%4%' AND r.price BETWEEN 3500000 AND 5500000 ORDER BY r.price ASC LIMIT 10","SQL","","1"
"Tìm phòng loại STUDIO ở Quận 4 (v1)","SELECT r.id AS room_id, r.name, r.price, r.area, r.type, r.images, p.name AS property_name, p.address, p.district FROM rooms r JOIN properties p ON r.property_id = p.id WHERE r.status = 'AVAILABLE' AND p.status = 'APPROVED' AND p.district LIKE '%4%' AND r.type = 'STUDIO' ORDER BY r.price ASC LIMIT 10","SQL","","1"
"Tìm phòng gác lửng tại Quận 4","SELECT r.id AS room_id, r.name, r.price, r.area, r.type, r.images, p.name AS property_name, p.address, p.district FROM rooms r JOIN properties p ON r.property_id = p.id WHERE r.status = 'AVAILABLE' AND p.status = 'APPROVED' AND p.district LIKE '%4%' AND LOWER(COALESCE(r.amenities,'')) LIKE '%gác lửng%' ORDER BY r.price ASC LIMIT 10","SQL","","1"
"Giao dịch blockchain tháng 7 của tôi (v5)","SELECT b.id AS bill_id, b.month, b.year, b.total_amount, b.status, b.payment_tx_hash, r.name AS room_name FROM bills b JOIN contracts c ON b.contract_id = c.id JOIN rooms r ON c.room_id = r.id WHERE c.tenant_id = USER_ID_PLACEHOLDER AND b.month = 7 AND b.payment_tx_hash IS NOT NULL ORDER BY b.year DESC, b.month DESC LIMIT 30","SQL","","1"
"Hóa đơn tháng 8 của tôi (v5)","SELECT b.id AS bill_id, b.month, b.year, b.total_amount, b.status, b.deadline, r.name AS room_name FROM bills b JOIN contracts c ON b.contract_id = c.id JOIN rooms r ON c.room_id = r.id WHERE c.tenant_id = USER_ID_PLACEHOLDER AND b.month = 8 AND b.year = EXTRACT(YEAR FROM CURRENT_DATE)::int ORDER BY b.deadline ASC LIMIT 20","SQL","","1"
"Tôi còn nợ hóa đơn tháng 8 không (v5)","SELECT b.id AS bill_id, b.month, b.year, b.total_amount, b.status, b.deadline, r.name AS room_name FROM bills b JOIN contracts c ON b.contract_id = c.id JOIN rooms r ON c.room_id = r.id WHERE c.tenant_id = USER_ID_PLACEHOLDER AND b.month = 8 AND b.year = EXTRACT(YEAR FROM CURRENT_DATE)::int AND b.status IN ('UNPAID','LATE') ORDER BY b.deadline ASC LIMIT 20","SQL","","1"
"Lịch sử hóa đơn đã thanh toán tháng 8 của tôi (v5)","SELECT b.id AS bill_id, b.month, b.year, b.total_amount, b.status, b.paid_at, r.name AS room_name FROM bills b JOIN contracts c ON b.contract_id = c.id JOIN rooms r ON c.room_id = r.id WHERE c.tenant_id = USER_ID_PLACEHOLDER AND b.month = 8 AND b.year = EXTRACT(YEAR FROM CURRENT_DATE)::int AND b.status = 'PAID' ORDER BY b.paid_at DESC LIMIT 20","SQL","","1"
"Doanh thu đã thu tháng 8 của tôi (v5)","SELECT SUM(b.total_amount) AS total_revenue, COUNT(b.id) AS total_paid_bills, b.month, b.year FROM bills b JOIN contracts c ON b.contract_id = c.id JOIN rooms r ON c.room_id = r.id JOIN properties p ON r.property_id = p.id WHERE p.landlord_id = USER_ID_PLACEHOLDER AND b.status = 'PAID' AND b.month = 8 AND b.year = EXTRACT(YEAR FROM CURRENT_DATE)::int GROUP BY b.month, b.year","SQL","","1"
"Danh sách khách nợ tiền tháng 8 (v5)","SELECT u.full_name AS tenant_name, u.phone_number, r.name AS room_name, p.name AS property_name, b.total_amount, b.status AS bill_status, b.deadline FROM bills b JOIN contracts c ON b.contract_id = c.id JOIN rooms r ON c.room_id = r.id JOIN properties p ON r.property_id = p.id JOIN users u ON c.tenant_id = u.id WHERE p.landlord_id = USER_ID_PLACEHOLDER AND c.status = 'ACTIVE' AND b.month = 8 AND b.year = EXTRACT(YEAR FROM CURRENT_DATE)::int AND b.status IN ('UNPAID','LATE') ORDER BY b.deadline ASC LIMIT 100","SQL","","1"
"Hợp đồng active sắp hết hạn trong 82 ngày","SELECT c.id AS contract_id, c.end_date, (c.end_date::date - CURRENT_DATE) AS days_remaining, u.full_name AS tenant_name, r.name AS room_name, p.name AS property_name FROM contracts c JOIN rooms r ON c.room_id = r.id JOIN properties p ON r.property_id = p.id JOIN users u ON c.tenant_id = u.id WHERE p.landlord_id = USER_ID_PLACEHOLDER AND c.status = 'ACTIVE' AND c.end_date BETWEEN CURRENT_DATE AND (CURRENT_DATE + INTERVAL '82 day') ORDER BY c.end_date ASC LIMIT 100","SQL","","1"
"Tìm phòng ở Quận 5 từ 4000000 đến 6000000","SELECT r.id AS room_id, r.name, r.price, r.area, r.type, r.images, p.name AS property_name, p.address, p.district FROM rooms r JOIN properties p ON r.property_id = p.id WHERE r.status = 'AVAILABLE' AND p.status = 'APPROVED' AND p.district LIKE '%5%' AND r.price BETWEEN 4000000 AND 6000000 ORDER BY r.price ASC LIMIT 10","SQL","","1"
"Tìm phòng loại ONE_BEDROOM ở Quận 5 (v1)","SELECT r.id AS room_id, r.name, r.price, r.area, r.type, r.images, p.name AS property_name, p.address, p.district FROM rooms r JOIN properties p ON r.property_id = p.id WHERE r.status = 'AVAILABLE' AND p.status = 'APPROVED' AND p.district LIKE '%5%' AND r.type = 'ONE_BEDROOM' ORDER BY r.price ASC LIMIT 10","SQL","","1"
"Tìm phòng ban công tại Quận 5","SELECT r.id AS room_id, r.name, r.price, r.area, r.type, r.images, p.name AS property_name, p.address, p.district FROM rooms r JOIN properties p ON r.property_id = p.id WHERE r.status = 'AVAILABLE' AND p.status = 'APPROVED' AND p.district LIKE '%5%' AND LOWER(COALESCE(r.amenities,'')) LIKE '%ban công%' ORDER BY r.price ASC LIMIT 10","SQL","","1"
"Giao dịch blockchain tháng 8 của tôi (v5)","SELECT b.id AS bill_id, b.month, b.year, b.total_amount, b.status, b.payment_tx_hash, r.name AS room_name FROM bills b JOIN contracts c ON b.contract_id = c.id JOIN rooms r ON c.room_id = r.id WHERE c.tenant_id = USER_ID_PLACEHOLDER AND b.month = 8 AND b.payment_tx_hash IS NOT NULL ORDER BY b.year DESC, b.month DESC LIMIT 30","SQL","","1"
"Hóa đơn tháng 9 của tôi (v5)","SELECT b.id AS bill_id, b.month, b.year, b.total_amount, b.status, b.deadline, r.name AS room_name FROM bills b JOIN contracts c ON b.contract_id = c.id JOIN rooms r ON c.room_id = r.id WHERE c.tenant_id = USER_ID_PLACEHOLDER AND b.month = 9 AND b.year = EXTRACT(YEAR FROM CURRENT_DATE)::int ORDER BY b.deadline ASC LIMIT 20","SQL","","1"
"Tôi còn nợ hóa đơn tháng 9 không (v5)","SELECT b.id AS bill_id, b.month, b.year, b.total_amount, b.status, b.deadline, r.name AS room_name FROM bills b JOIN contracts c ON b.contract_id = c.id JOIN rooms r ON c.room_id = r.id WHERE c.tenant_id = USER_ID_PLACEHOLDER AND b.month = 9 AND b.year = EXTRACT(YEAR FROM CURRENT_DATE)::int AND b.status IN ('UNPAID','LATE') ORDER BY b.deadline ASC LIMIT 20","SQL","","1"
"Lịch sử hóa đơn đã thanh toán tháng 9 của tôi (v5)","SELECT b.id AS bill_id, b.month, b.year, b.total_amount, b.status, b.paid_at, r.name AS room_name FROM bills b JOIN contracts c ON b.contract_id = c.id JOIN rooms r ON c.room_id = r.id WHERE c.tenant_id = USER_ID_PLACEHOLDER AND b.month = 9 AND b.year = EXTRACT(YEAR FROM CURRENT_DATE)::int AND b.status = 'PAID' ORDER BY b.paid_at DESC LIMIT 20","SQL","","1"
"Doanh thu đã thu tháng 9 của tôi (v5)","SELECT SUM(b.total_amount) AS total_revenue, COUNT(b.id) AS total_paid_bills, b.month, b.year FROM bills b JOIN contracts c ON b.contract_id = c.id JOIN rooms r ON c.room_id = r.id JOIN properties p ON r.property_id = p.id WHERE p.landlord_id = USER_ID_PLACEHOLDER AND b.status = 'PAID' AND b.month = 9 AND b.year = EXTRACT(YEAR FROM CURRENT_DATE)::int GROUP BY b.month, b.year","SQL","","1"
"Danh sách khách nợ tiền tháng 9 (v5)","SELECT u.full_name AS tenant_name, u.phone_number, r.name AS room_name, p.name AS property_name, b.total_amount, b.status AS bill_status, b.deadline FROM bills b JOIN contracts c ON b.contract_id = c.id JOIN rooms r ON c.room_id = r.id JOIN properties p ON r.property_id = p.id JOIN users u ON c.tenant_id = u.id WHERE p.landlord_id = USER_ID_PLACEHOLDER AND c.status = 'ACTIVE' AND b.month = 9 AND b.year = EXTRACT(YEAR FROM CURRENT_DATE)::int AND b.status IN ('UNPAID','LATE') ORDER BY b.deadline ASC LIMIT 100","SQL","","1"
"Hợp đồng active sắp hết hạn trong 83 ngày","SELECT c.id AS contract_id, c.end_date, (c.end_date::date - CURRENT_DATE) AS days_remaining, u.full_name AS tenant_name, r.name AS room_name, p.name AS property_name FROM contracts c JOIN rooms r ON c.room_id = r.id JOIN properties p ON r.property_id = p.id JOIN users u ON c.tenant_id = u.id WHERE p.landlord_id = USER_ID_PLACEHOLDER AND c.status = 'ACTIVE' AND c.end_date BETWEEN CURRENT_DATE AND (CURRENT_DATE + INTERVAL '83 day') ORDER BY c.end_date ASC LIMIT 100","SQL","","1"
"Tìm phòng ở Quận 7 từ 4500000 đến 6500000","SELECT r.id AS room_id, r.name, r.price, r.area, r.type, r.images, p.name AS property_name, p.address, p.district FROM rooms r JOIN properties p ON r.property_id = p.id WHERE r.status = 'AVAILABLE' AND p.status = 'APPROVED' AND p.district LIKE '%7%' AND r.price BETWEEN 4500000 AND 6500000 ORDER BY r.price ASC LIMIT 10","SQL","","1"
"Tìm phòng loại TWO_BEDROOM ở Quận 7 (v1)","SELECT r.id AS room_id, r.name, r.price, r.area, r.type, r.images, p.name AS property_name, p.address, p.district FROM rooms r JOIN properties p ON r.property_id = p.id WHERE r.status = 'AVAILABLE' AND p.status = 'APPROVED' AND p.district LIKE '%7%' AND r.type = 'TWO_BEDROOM' ORDER BY r.price ASC LIMIT 10","SQL","","1"
"Tìm phòng nội thất tại Quận 7","SELECT r.id AS room_id, r.name, r.price, r.area, r.type, r.images, p.name AS property_name, p.address, p.district FROM rooms r JOIN properties p ON r.property_id = p.id WHERE r.status = 'AVAILABLE' AND p.status = 'APPROVED' AND p.district LIKE '%7%' AND LOWER(COALESCE(r.amenities,'')) LIKE '%nội thất%' ORDER BY r.price ASC LIMIT 10","SQL","","1"
"Giao dịch blockchain tháng 9 của tôi (v5)","SELECT b.id AS bill_id, b.month, b.year, b.total_amount, b.status, b.payment_tx_hash, r.name AS room_name FROM bills b JOIN contracts c ON b.contract_id = c.id JOIN rooms r ON c.room_id = r.id WHERE c.tenant_id = USER_ID_PLACEHOLDER AND b.month = 9 AND b.payment_tx_hash IS NOT NULL ORDER BY b.year DESC, b.month DESC LIMIT 30","SQL","","1"
"Hóa đơn tháng 10 của tôi (v5)","SELECT b.id AS bill_id, b.month, b.year, b.total_amount, b.status, b.deadline, r.name AS room_name FROM bills b JOIN contracts c ON b.contract_id = c.id JOIN rooms r ON c.room_id = r.id WHERE c.tenant_id = USER_ID_PLACEHOLDER AND b.month = 10 AND b.year = EXTRACT(YEAR FROM CURRENT_DATE)::int ORDER BY b.deadline ASC LIMIT 20","SQL","","1"
"Tôi còn nợ hóa đơn tháng 10 không (v5)","SELECT b.id AS bill_id, b.month, b.year, b.total_amount, b.status, b.deadline, r.name AS room_name FROM bills b JOIN contracts c ON b.contract_id = c.id JOIN rooms r ON c.room_id = r.id WHERE c.tenant_id = USER_ID_PLACEHOLDER AND b.month = 10 AND b.year = EXTRACT(YEAR FROM CURRENT_DATE)::int AND b.status IN ('UNPAID','LATE') ORDER BY b.deadline ASC LIMIT 20","SQL","","1"
"Lịch sử hóa đơn đã thanh toán tháng 10 của tôi (v5)","SELECT b.id AS bill_id, b.month, b.year, b.total_amount, b.status, b.paid_at, r.name AS room_name FROM bills b JOIN contracts c ON b.contract_id = c.id JOIN rooms r ON c.room_id = r.id WHERE c.tenant_id = USER_ID_PLACEHOLDER AND b.month = 10 AND b.year = EXTRACT(YEAR FROM CURRENT_DATE)::int AND b.status = 'PAID' ORDER BY b.paid_at DESC LIMIT 20","SQL","","1"
"Doanh thu đã thu tháng 10 của tôi (v5)","SELECT SUM(b.total_amount) AS total_revenue, COUNT(b.id) AS total_paid_bills, b.month, b.year FROM bills b JOIN contracts c ON b.contract_id = c.id JOIN rooms r ON c.room_id = r.id JOIN properties p ON r.property_id = p.id WHERE p.landlord_id = USER_ID_PLACEHOLDER AND b.status = 'PAID' AND b.month = 10 AND b.year = EXTRACT(YEAR FROM CURRENT_DATE)::int GROUP BY b.month, b.year","SQL","","1"
"Danh sách khách nợ tiền tháng 10 (v5)","SELECT u.full_name AS tenant_name, u.phone_number, r.name AS room_name, p.name AS property_name, b.total_amount, b.status AS bill_status, b.deadline FROM bills b JOIN contracts c ON b.contract_id = c.id JOIN rooms r ON c.room_id = r.id JOIN properties p ON r.property_id = p.id JOIN users u ON c.tenant_id = u.id WHERE p.landlord_id = USER_ID_PLACEHOLDER AND c.status = 'ACTIVE' AND b.month = 10 AND b.year = EXTRACT(YEAR FROM CURRENT_DATE)::int AND b.status IN ('UNPAID','LATE') ORDER BY b.deadline ASC LIMIT 100","SQL","","1"
"Hợp đồng active sắp hết hạn trong 84 ngày","SELECT c.id AS contract_id, c.end_date, (c.end_date::date - CURRENT_DATE) AS days_remaining, u.full_name AS tenant_name, r.name AS room_name, p.name AS property_name FROM contracts c JOIN rooms r ON c.room_id = r.id JOIN properties p ON r.property_id = p.id JOIN users u ON c.tenant_id = u.id WHERE p.landlord_id = USER_ID_PLACEHOLDER AND c.status = 'ACTIVE' AND c.end_date BETWEEN CURRENT_DATE AND (CURRENT_DATE + INTERVAL '84 day') ORDER BY c.end_date ASC LIMIT 100","SQL","","1"
"Tìm phòng ở Quận 10 từ 5000000 đến 7000000","SELECT r.id AS room_id, r.name, r.price, r.area, r.type, r.images, p.name AS property_name, p.address, p.district FROM rooms r JOIN properties p ON r.property_id = p.id WHERE r.status = 'AVAILABLE' AND p.status = 'APPROVED' AND p.district LIKE '%10%' AND r.price BETWEEN 5000000 AND 7000000 ORDER BY r.price ASC LIMIT 10","SQL","","1"
"Tìm phòng loại SINGLE_ROOM ở Quận 10 (v1)","SELECT r.id AS room_id, r.name, r.price, r.area, r.type, r.images, p.name AS property_name, p.address, p.district FROM rooms r JOIN properties p ON r.property_id = p.id WHERE r.status = 'AVAILABLE' AND p.status = 'APPROVED' AND p.district LIKE '%10%' AND r.type = 'SINGLE_ROOM' ORDER BY r.price ASC LIMIT 10","SQL","","1"
"Tìm phòng wifi tại Quận 10","SELECT r.id AS room_id, r.name, r.price, r.area, r.type, r.images, p.name AS property_name, p.address, p.district FROM rooms r JOIN properties p ON r.property_id = p.id WHERE r.status = 'AVAILABLE' AND p.status = 'APPROVED' AND p.district LIKE '%10%' AND LOWER(COALESCE(r.amenities,'')) LIKE '%wifi%' ORDER BY r.price ASC LIMIT 10","SQL","","1"
"Giao dịch blockchain tháng 10 của tôi (v5)","SELECT b.id AS bill_id, b.month, b.year, b.total_amount, b.status, b.payment_tx_hash, r.name AS room_name FROM bills b JOIN contracts c ON b.contract_id = c.id JOIN rooms r ON c.room_id = r.id WHERE c.tenant_id = USER_ID_PLACEHOLDER AND b.month = 10 AND b.payment_tx_hash IS NOT NULL ORDER BY b.year DESC, b.month DESC LIMIT 30","SQL","","1"
"Hóa đơn tháng 11 của tôi (v5)","SELECT b.id AS bill_id, b.month, b.year, b.total_amount, b.status, b.deadline, r.name AS room_name FROM bills b JOIN contracts c ON b.contract_id = c.id JOIN rooms r ON c.room_id = r.id WHERE c.tenant_id = USER_ID_PLACEHOLDER AND b.month = 11 AND b.year = EXTRACT(YEAR FROM CURRENT_DATE)::int ORDER BY b.deadline ASC LIMIT 20","SQL","","1"
"Tôi còn nợ hóa đơn tháng 11 không (v5)","SELECT b.id AS bill_id, b.month, b.year, b.total_amount, b.status, b.deadline, r.name AS room_name FROM bills b JOIN contracts c ON b.contract_id = c.id JOIN rooms r ON c.room_id = r.id WHERE c.tenant_id = USER_ID_PLACEHOLDER AND b.month = 11 AND b.year = EXTRACT(YEAR FROM CURRENT_DATE)::int AND b.status IN ('UNPAID','LATE') ORDER BY b.deadline ASC LIMIT 20","SQL","","1"
"Lịch sử hóa đơn đã thanh toán tháng 11 của tôi (v5)","SELECT b.id AS bill_id, b.month, b.year, b.total_amount, b.status, b.paid_at, r.name AS room_name FROM bills b JOIN contracts c ON b.contract_id = c.id JOIN rooms r ON c.room_id = r.id WHERE c.tenant_id = USER_ID_PLACEHOLDER AND b.month = 11 AND b.year = EXTRACT(YEAR FROM CURRENT_DATE)::int AND b.status = 'PAID' ORDER BY b.paid_at DESC LIMIT 20","SQL","","1"
"Doanh thu đã thu tháng 11 của tôi (v5)","SELECT SUM(b.total_amount) AS total_revenue, COUNT(b.id) AS total_paid_bills, b.month, b.year FROM bills b JOIN contracts c ON b.contract_id = c.id JOIN rooms r ON c.room_id = r.id JOIN properties p ON r.property_id = p.id WHERE p.landlord_id = USER_ID_PLACEHOLDER AND b.status = 'PAID' AND b.month = 11 AND b.year = EXTRACT(YEAR FROM CURRENT_DATE)::int GROUP BY b.month, b.year","SQL","","1"
"Danh sách khách nợ tiền tháng 11 (v5)","SELECT u.full_name AS tenant_name, u.phone_number, r.name AS room_name, p.name AS property_name, b.total_amount, b.status AS bill_status, b.deadline FROM bills b JOIN contracts c ON b.contract_id = c.id JOIN rooms r ON c.room_id = r.id JOIN properties p ON r.property_id = p.id JOIN users u ON c.tenant_id = u.id WHERE p.landlord_id = USER_ID_PLACEHOLDER AND c.status = 'ACTIVE' AND b.month = 11 AND b.year = EXTRACT(YEAR FROM CURRENT_DATE)::int AND b.status IN ('UNPAID','LATE') ORDER BY b.deadline ASC LIMIT 100","SQL","","1"
"Hợp đồng active sắp hết hạn trong 85 ngày","SELECT c.id AS contract_id, c.end_date, (c.end_date::date - CURRENT_DATE) AS days_remaining, u.full_name AS tenant_name, r.name AS room_name, p.name AS property_name FROM contracts c JOIN rooms r ON c.room_id = r.id JOIN properties p ON r.property_id = p.id JOIN users u ON c.tenant_id = u.id WHERE p.landlord_id = USER_ID_PLACEHOLDER AND c.status = 'ACTIVE' AND c.end_date BETWEEN CURRENT_DATE AND (CURRENT_DATE + INTERVAL '85 day') ORDER BY c.end_date ASC LIMIT 100","SQL","","1"
"Tìm phòng ở Quận 12 từ 2000000 đến 4000000","SELECT r.id AS room_id, r.name, r.price, r.area, r.type, r.images, p.name AS property_name, p.address, p.district FROM rooms r JOIN properties p ON r.property_id = p.id WHERE r.status = 'AVAILABLE' AND p.status = 'APPROVED' AND p.district LIKE '%12%' AND r.price BETWEEN 2000000 AND 4000000 ORDER BY r.price ASC LIMIT 10","SQL","","1"
"Tìm phòng loại SHARED_ROOM ở Quận 12 (v1)","SELECT r.id AS room_id, r.name, r.price, r.area, r.type, r.images, p.name AS property_name, p.address, p.district FROM rooms r JOIN properties p ON r.property_id = p.id WHERE r.status = 'AVAILABLE' AND p.status = 'APPROVED' AND p.district LIKE '%12%' AND r.type = 'SHARED_ROOM' ORDER BY r.price ASC LIMIT 10","SQL","","1"
"Tìm phòng máy lạnh tại Quận 12","SELECT r.id AS room_id, r.name, r.price, r.area, r.type, r.images, p.name AS property_name, p.address, p.district FROM rooms r JOIN properties p ON r.property_id = p.id WHERE r.status = 'AVAILABLE' AND p.status = 'APPROVED' AND p.district LIKE '%12%' AND LOWER(COALESCE(r.amenities,'')) LIKE '%máy lạnh%' ORDER BY r.price ASC LIMIT 10","SQL","","1"
"Giao dịch blockchain tháng 11 của tôi (v5)","SELECT b.id AS bill_id, b.month, b.year, b.total_amount, b.status, b.payment_tx_hash, r.name AS room_name FROM bills b JOIN contracts c ON b.contract_id = c.id JOIN rooms r ON c.room_id = r.id WHERE c.tenant_id = USER_ID_PLACEHOLDER AND b.month = 11 AND b.payment_tx_hash IS NOT NULL ORDER BY b.year DESC, b.month DESC LIMIT 30","SQL","","1"
"Hóa đơn tháng 12 của tôi (v5)","SELECT b.id AS bill_id, b.month, b.year, b.total_amount, b.status, b.deadline, r.name AS room_name FROM bills b JOIN contracts c ON b.contract_id = c.id JOIN rooms r ON c.room_id = r.id WHERE c.tenant_id = USER_ID_PLACEHOLDER AND b.month = 12 AND b.year = EXTRACT(YEAR FROM CURRENT_DATE)::int ORDER BY b.deadline ASC LIMIT 20","SQL","","1"
"Tôi còn nợ hóa đơn tháng 12 không (v5)","SELECT b.id AS bill_id, b.month, b.year, b.total_amount, b.status, b.deadline, r.name AS room_name FROM bills b JOIN contracts c ON b.contract_id = c.id JOIN rooms r ON c.room_id = r.id WHERE c.tenant_id = USER_ID_PLACEHOLDER AND b.month = 12 AND b.year = EXTRACT(YEAR FROM CURRENT_DATE)::int AND b.status IN ('UNPAID','LATE') ORDER BY b.deadline ASC LIMIT 20","SQL","","1"
"Lịch sử hóa đơn đã thanh toán tháng 12 của tôi (v5)","SELECT b.id AS bill_id, b.month, b.year, b.total_amount, b.status, b.paid_at, r.name AS room_name FROM bills b JOIN contracts c ON b.contract_id = c.id JOIN rooms r ON c.room_id = r.id WHERE c.tenant_id = USER_ID_PLACEHOLDER AND b.month = 12 AND b.year = EXTRACT(YEAR FROM CURRENT_DATE)::int AND b.status = 'PAID' ORDER BY b.paid_at DESC LIMIT 20","SQL","","1"
"Doanh thu đã thu tháng 12 của tôi (v5)","SELECT SUM(b.total_amount) AS total_revenue, COUNT(b.id) AS total_paid_bills, b.month, b.year FROM bills b JOIN contracts c ON b.contract_id = c.id JOIN rooms r ON c.room_id = r.id JOIN properties p ON r.property_id = p.id WHERE p.landlord_id = USER_ID_PLACEHOLDER AND b.status = 'PAID' AND b.month = 12 AND b.year = EXTRACT(YEAR FROM CURRENT_DATE)::int GROUP BY b.month, b.year","SQL","","1"
"Danh sách khách nợ tiền tháng 12 (v5)","SELECT u.full_name AS tenant_name, u.phone_number, r.name AS room_name, p.name AS property_name, b.total_amount, b.status AS bill_status, b.deadline FROM bills b JOIN contracts c ON b.contract_id = c.id JOIN rooms r ON c.room_id = r.id JOIN properties p ON r.property_id = p.id JOIN users u ON c.tenant_id = u.id WHERE p.landlord_id = USER_ID_PLACEHOLDER AND c.status = 'ACTIVE' AND b.month = 12 AND b.year = EXTRACT(YEAR FROM CURRENT_DATE)::int AND b.status IN ('UNPAID','LATE') ORDER BY b.deadline ASC LIMIT 100","SQL","","1"
"Hợp đồng active sắp hết hạn trong 86 ngày","SELECT c.id AS contract_id, c.end_date, (c.end_date::date - CURRENT_DATE) AS days_remaining, u.full_name AS tenant_name, r.name AS room_name, p.name AS property_name FROM contracts c JOIN rooms r ON c.room_id = r.id JOIN properties p ON r.property_id = p.id JOIN users u ON c.tenant_id = u.id WHERE p.landlord_id = USER_ID_PLACEHOLDER AND c.status = 'ACTIVE' AND c.end_date BETWEEN CURRENT_DATE AND (CURRENT_DATE + INTERVAL '86 day') ORDER BY c.end_date ASC LIMIT 100","SQL","","1"
"Tìm phòng ở Gò Vấp từ 2500000 đến 4500000","SELECT r.id AS room_id, r.name, r.price, r.area, r.type, r.images, p.name AS property_name, p.address, p.district FROM rooms r JOIN properties p ON r.property_id = p.id WHERE r.status = 'AVAILABLE' AND p.status = 'APPROVED' AND p.district LIKE '%Gò%Vấp%' AND r.price BETWEEN 2500000 AND 4500000 ORDER BY r.price ASC LIMIT 10","SQL","","1"
"Tìm phòng loại MEZZANINE_ROOM ở Gò Vấp (v1)","SELECT r.id AS room_id, r.name, r.price, r.area, r.type, r.images, p.name AS property_name, p.address, p.district FROM rooms r JOIN properties p ON r.property_id = p.id WHERE r.status = 'AVAILABLE' AND p.status = 'APPROVED' AND p.district LIKE '%Gò%Vấp%' AND r.type = 'MEZZANINE_ROOM' ORDER BY r.price ASC LIMIT 10","SQL","","1"
"Tìm phòng gác lửng tại Gò Vấp","SELECT r.id AS room_id, r.name, r.price, r.area, r.type, r.images, p.name AS property_name, p.address, p.district FROM rooms r JOIN properties p ON r.property_id = p.id WHERE r.status = 'AVAILABLE' AND p.status = 'APPROVED' AND p.district LIKE '%Gò%Vấp%' AND LOWER(COALESCE(r.amenities,'')) LIKE '%gác lửng%' ORDER BY r.price ASC LIMIT 10","SQL","","1"
"Giao dịch blockchain tháng 12 của tôi (v5)","SELECT b.id AS bill_id, b.month, b.year, b.total_amount, b.status, b.payment_tx_hash, r.name AS room_name FROM bills b JOIN contracts c ON b.contract_id = c.id JOIN rooms r ON c.room_id = r.id WHERE c.tenant_id = USER_ID_PLACEHOLDER AND b.month = 12 AND b.payment_tx_hash IS NOT NULL ORDER BY b.year DESC, b.month DESC LIMIT 30","SQL","","1"
"Hóa đơn tháng 1 của tôi (v6)","SELECT b.id AS bill_id, b.month, b.year, b.total_amount, b.status, b.deadline, r.name AS room_name FROM bills b JOIN contracts c ON b.contract_id = c.id JOIN rooms r ON c.room_id = r.id WHERE c.tenant_id = USER_ID_PLACEHOLDER AND b.month = 1 AND b.year = EXTRACT(YEAR FROM CURRENT_DATE)::int ORDER BY b.deadline ASC LIMIT 20","SQL","","1"
"Tôi còn nợ hóa đơn tháng 1 không (v6)","SELECT b.id AS bill_id, b.month, b.year, b.total_amount, b.status, b.deadline, r.name AS room_name FROM bills b JOIN contracts c ON b.contract_id = c.id JOIN rooms r ON c.room_id = r.id WHERE c.tenant_id = USER_ID_PLACEHOLDER AND b.month = 1 AND b.year = EXTRACT(YEAR FROM CURRENT_DATE)::int AND b.status IN ('UNPAID','LATE') ORDER BY b.deadline ASC LIMIT 20","SQL","","1"
"Lịch sử hóa đơn đã thanh toán tháng 1 của tôi (v6)","SELECT b.id AS bill_id, b.month, b.year, b.total_amount, b.status, b.paid_at, r.name AS room_name FROM bills b JOIN contracts c ON b.contract_id = c.id JOIN rooms r ON c.room_id = r.id WHERE c.tenant_id = USER_ID_PLACEHOLDER AND b.month = 1 AND b.year = EXTRACT(YEAR FROM CURRENT_DATE)::int AND b.status = 'PAID' ORDER BY b.paid_at DESC LIMIT 20","SQL","","1"
"Doanh thu đã thu tháng 1 của tôi (v6)","SELECT SUM(b.total_amount) AS total_revenue, COUNT(b.id) AS total_paid_bills, b.month, b.year FROM bills b JOIN contracts c ON b.contract_id = c.id JOIN rooms r ON c.room_id = r.id JOIN properties p ON r.property_id = p.id WHERE p.landlord_id = USER_ID_PLACEHOLDER AND b.status = 'PAID' AND b.month = 1 AND b.year = EXTRACT(YEAR FROM CURRENT_DATE)::int GROUP BY b.month, b.year","SQL","","1"
"Danh sách khách nợ tiền tháng 1 (v6)","SELECT u.full_name AS tenant_name, u.phone_number, r.name AS room_name, p.name AS property_name, b.total_amount, b.status AS bill_status, b.deadline FROM bills b JOIN contracts c ON b.contract_id = c.id JOIN rooms r ON c.room_id = r.id JOIN properties p ON r.property_id = p.id JOIN users u ON c.tenant_id = u.id WHERE p.landlord_id = USER_ID_PLACEHOLDER AND c.status = 'ACTIVE' AND b.month = 1 AND b.year = EXTRACT(YEAR FROM CURRENT_DATE)::int AND b.status IN ('UNPAID','LATE') ORDER BY b.deadline ASC LIMIT 100","SQL","","1"
"Hợp đồng active sắp hết hạn trong 87 ngày","SELECT c.id AS contract_id, c.end_date, (c.end_date::date - CURRENT_DATE) AS days_remaining, u.full_name AS tenant_name, r.name AS room_name, p.name AS property_name FROM contracts c JOIN rooms r ON c.room_id = r.id JOIN properties p ON r.property_id = p.id JOIN users u ON c.tenant_id = u.id WHERE p.landlord_id = USER_ID_PLACEHOLDER AND c.status = 'ACTIVE' AND c.end_date BETWEEN CURRENT_DATE AND (CURRENT_DATE + INTERVAL '87 day') ORDER BY c.end_date ASC LIMIT 100","SQL","","1"
"Tìm phòng ở Bình Thạnh từ 3000000 đến 5000000","SELECT r.id AS room_id, r.name, r.price, r.area, r.type, r.images, p.name AS property_name, p.address, p.district FROM rooms r JOIN properties p ON r.property_id = p.id WHERE r.status = 'AVAILABLE' AND p.status = 'APPROVED' AND p.district LIKE '%Bình%Thạnh%' AND r.price BETWEEN 3000000 AND 5000000 ORDER BY r.price ASC LIMIT 10","SQL","","1"
"Tìm phòng loại STUDIO ở Bình Thạnh (v1)","SELECT r.id AS room_id, r.name, r.price, r.area, r.type, r.images, p.name AS property_name, p.address, p.district FROM rooms r JOIN properties p ON r.property_id = p.id WHERE r.status = 'AVAILABLE' AND p.status = 'APPROVED' AND p.district LIKE '%Bình%Thạnh%' AND r.type = 'STUDIO' ORDER BY r.price ASC LIMIT 10","SQL","","1"
"Tìm phòng ban công tại Bình Thạnh","SELECT r.id AS room_id, r.name, r.price, r.area, r.type, r.images, p.name AS property_name, p.address, p.district FROM rooms r JOIN properties p ON r.property_id = p.id WHERE r.status = 'AVAILABLE' AND p.status = 'APPROVED' AND p.district LIKE '%Bình%Thạnh%' AND LOWER(COALESCE(r.amenities,'')) LIKE '%ban công%' ORDER BY r.price ASC LIMIT 10","SQL","","1"
"Giao dịch blockchain tháng 1 của tôi (v6)","SELECT b.id AS bill_id, b.month, b.year, b.total_amount, b.status, b.payment_tx_hash, r.name AS room_name FROM bills b JOIN contracts c ON b.contract_id = c.id JOIN rooms r ON c.room_id = r.id WHERE c.tenant_id = USER_ID_PLACEHOLDER AND b.month = 1 AND b.payment_tx_hash IS NOT NULL ORDER BY b.year DESC, b.month DESC LIMIT 30","SQL","","1"
"Hóa đơn tháng 2 của tôi (v6)","SELECT b.id AS bill_id, b.month, b.year, b.total_amount, b.status, b.deadline, r.name AS room_name FROM bills b JOIN contracts c ON b.contract_id = c.id JOIN rooms r ON c.room_id = r.id WHERE c.tenant_id = USER_ID_PLACEHOLDER AND b.month = 2 AND b.year = EXTRACT(YEAR FROM CURRENT_DATE)::int ORDER BY b.deadline ASC LIMIT 20","SQL","","1"
"Tôi còn nợ hóa đơn tháng 2 không (v6)","SELECT b.id AS bill_id, b.month, b.year, b.total_amount, b.status, b.deadline, r.name AS room_name FROM bills b JOIN contracts c ON b.contract_id = c.id JOIN rooms r ON c.room_id = r.id WHERE c.tenant_id = USER_ID_PLACEHOLDER AND b.month = 2 AND b.year = EXTRACT(YEAR FROM CURRENT_DATE)::int AND b.status IN ('UNPAID','LATE') ORDER BY b.deadline ASC LIMIT 20","SQL","","1"
"Lịch sử hóa đơn đã thanh toán tháng 2 của tôi (v6)","SELECT b.id AS bill_id, b.month, b.year, b.total_amount, b.status, b.paid_at, r.name AS room_name FROM bills b JOIN contracts c ON b.contract_id = c.id JOIN rooms r ON c.room_id = r.id WHERE c.tenant_id = USER_ID_PLACEHOLDER AND b.month = 2 AND b.year = EXTRACT(YEAR FROM CURRENT_DATE)::int AND b.status = 'PAID' ORDER BY b.paid_at DESC LIMIT 20","SQL","","1"
"Doanh thu đã thu tháng 2 của tôi (v6)","SELECT SUM(b.total_amount) AS total_revenue, COUNT(b.id) AS total_paid_bills, b.month, b.year FROM bills b JOIN contracts c ON b.contract_id = c.id JOIN rooms r ON c.room_id = r.id JOIN properties p ON r.property_id = p.id WHERE p.landlord_id = USER_ID_PLACEHOLDER AND b.status = 'PAID' AND b.month = 2 AND b.year = EXTRACT(YEAR FROM CURRENT_DATE)::int GROUP BY b.month, b.year","SQL","","1"
"Danh sách khách nợ tiền tháng 2 (v6)","SELECT u.full_name AS tenant_name, u.phone_number, r.name AS room_name, p.name AS property_name, b.total_amount, b.status AS bill_status, b.deadline FROM bills b JOIN contracts c ON b.contract_id = c.id JOIN rooms r ON c.room_id = r.id JOIN properties p ON r.property_id = p.id JOIN users u ON c.tenant_id = u.id WHERE p.landlord_id = USER_ID_PLACEHOLDER AND c.status = 'ACTIVE' AND b.month = 2 AND b.year = EXTRACT(YEAR FROM CURRENT_DATE)::int AND b.status IN ('UNPAID','LATE') ORDER BY b.deadline ASC LIMIT 100","SQL","","1"
"Hợp đồng active sắp hết hạn trong 88 ngày","SELECT c.id AS contract_id, c.end_date, (c.end_date::date - CURRENT_DATE) AS days_remaining, u.full_name AS tenant_name, r.name AS room_name, p.name AS property_name FROM contracts c JOIN rooms r ON c.room_id = r.id JOIN properties p ON r.property_id = p.id JOIN users u ON c.tenant_id = u.id WHERE p.landlord_id = USER_ID_PLACEHOLDER AND c.status = 'ACTIVE' AND c.end_date BETWEEN CURRENT_DATE AND (CURRENT_DATE + INTERVAL '88 day') ORDER BY c.end_date ASC LIMIT 100","SQL","","1"
"Tìm phòng ở Tân Bình từ 3500000 đến 5500000","SELECT r.id AS room_id, r.name, r.price, r.area, r.type, r.images, p.name AS property_name, p.address, p.district FROM rooms r JOIN properties p ON r.property_id = p.id WHERE r.status = 'AVAILABLE' AND p.status = 'APPROVED' AND p.district LIKE '%Tân%Bình%' AND r.price BETWEEN 3500000 AND 5500000 ORDER BY r.price ASC LIMIT 10","SQL","","1"
"Tìm phòng loại ONE_BEDROOM ở Tân Bình (v1)","SELECT r.id AS room_id, r.name, r.price, r.area, r.type, r.images, p.name AS property_name, p.address, p.district FROM rooms r JOIN properties p ON r.property_id = p.id WHERE r.status = 'AVAILABLE' AND p.status = 'APPROVED' AND p.district LIKE '%Tân%Bình%' AND r.type = 'ONE_BEDROOM' ORDER BY r.price ASC LIMIT 10","SQL","","1"
"Tìm phòng nội thất tại Tân Bình","SELECT r.id AS room_id, r.name, r.price, r.area, r.type, r.images, p.name AS property_name, p.address, p.district FROM rooms r JOIN properties p ON r.property_id = p.id WHERE r.status = 'AVAILABLE' AND p.status = 'APPROVED' AND p.district LIKE '%Tân%Bình%' AND LOWER(COALESCE(r.amenities,'')) LIKE '%nội thất%' ORDER BY r.price ASC LIMIT 10","SQL","","1"
"Giao dịch blockchain tháng 2 của tôi (v6)","SELECT b.id AS bill_id, b.month, b.year, b.total_amount, b.status, b.payment_tx_hash, r.name AS room_name FROM bills b JOIN contracts c ON b.contract_id = c.id JOIN rooms r ON c.room_id = r.id WHERE c.tenant_id = USER_ID_PLACEHOLDER AND b.month = 2 AND b.payment_tx_hash IS NOT NULL ORDER BY b.year DESC, b.month DESC LIMIT 30","SQL","","1"
"Hóa đơn tháng 3 của tôi (v6)","SELECT b.id AS bill_id, b.month, b.year, b.total_amount, b.status, b.deadline, r.name AS room_name FROM bills b JOIN contracts c ON b.contract_id = c.id JOIN rooms r ON c.room_id = r.id WHERE c.tenant_id = USER_ID_PLACEHOLDER AND b.month = 3 AND b.year = EXTRACT(YEAR FROM CURRENT_DATE)::int ORDER BY b.deadline ASC LIMIT 20","SQL","","1"
"Tôi còn nợ hóa đơn tháng 3 không (v6)","SELECT b.id AS bill_id, b.month, b.year, b.total_amount, b.status, b.deadline, r.name AS room_name FROM bills b JOIN contracts c ON b.contract_id = c.id JOIN rooms r ON c.room_id = r.id WHERE c.tenant_id = USER_ID_PLACEHOLDER AND b.month = 3 AND b.year = EXTRACT(YEAR FROM CURRENT_DATE)::int AND b.status IN ('UNPAID','LATE') ORDER BY b.deadline ASC LIMIT 20","SQL","","1"
"Lịch sử hóa đơn đã thanh toán tháng 3 của tôi (v6)","SELECT b.id AS bill_id, b.month, b.year, b.total_amount, b.status, b.paid_at, r.name AS room_name FROM bills b JOIN contracts c ON b.contract_id = c.id JOIN rooms r ON c.room_id = r.id WHERE c.tenant_id = USER_ID_PLACEHOLDER AND b.month = 3 AND b.year = EXTRACT(YEAR FROM CURRENT_DATE)::int AND b.status = 'PAID' ORDER BY b.paid_at DESC LIMIT 20","SQL","","1"
"Doanh thu đã thu tháng 3 của tôi (v6)","SELECT SUM(b.total_amount) AS total_revenue, COUNT(b.id) AS total_paid_bills, b.month, b.year FROM bills b JOIN contracts c ON b.contract_id = c.id JOIN rooms r ON c.room_id = r.id JOIN properties p ON r.property_id = p.id WHERE p.landlord_id = USER_ID_PLACEHOLDER AND b.status = 'PAID' AND b.month = 3 AND b.year = EXTRACT(YEAR FROM CURRENT_DATE)::int GROUP BY b.month, b.year","SQL","","1"
"Danh sách khách nợ tiền tháng 3 (v6)","SELECT u.full_name AS tenant_name, u.phone_number, r.name AS room_name, p.name AS property_name, b.total_amount, b.status AS bill_status, b.deadline FROM bills b JOIN contracts c ON b.contract_id = c.id JOIN rooms r ON c.room_id = r.id JOIN properties p ON r.property_id = p.id JOIN users u ON c.tenant_id = u.id WHERE p.landlord_id = USER_ID_PLACEHOLDER AND c.status = 'ACTIVE' AND b.month = 3 AND b.year = EXTRACT(YEAR FROM CURRENT_DATE)::int AND b.status IN ('UNPAID','LATE') ORDER BY b.deadline ASC LIMIT 100","SQL","","1"
"Hợp đồng active sắp hết hạn trong 89 ngày","SELECT c.id AS contract_id, c.end_date, (c.end_date::date - CURRENT_DATE) AS days_remaining, u.full_name AS tenant_name, r.name AS room_name, p.name AS property_name FROM contracts c JOIN rooms r ON c.room_id = r.id JOIN properties p ON r.property_id = p.id JOIN users u ON c.tenant_id = u.id WHERE p.landlord_id = USER_ID_PLACEHOLDER AND c.status = 'ACTIVE' AND c.end_date BETWEEN CURRENT_DATE AND (CURRENT_DATE + INTERVAL '89 day') ORDER BY c.end_date ASC LIMIT 100","SQL","","1"
"Tìm phòng ở Thủ Đức từ 4000000 đến 6000000","SELECT r.id AS room_id, r.name, r.price, r.area, r.type, r.images, p.name AS property_name, p.address, p.district FROM rooms r JOIN properties p ON r.property_id = p.id WHERE r.status = 'AVAILABLE' AND p.status = 'APPROVED' AND p.district LIKE '%Thủ%Đức%' AND r.price BETWEEN 4000000 AND 6000000 ORDER BY r.price ASC LIMIT 10","SQL","","1"
"Tìm phòng loại TWO_BEDROOM ở Thủ Đức (v1)","SELECT r.id AS room_id, r.name, r.price, r.area, r.type, r.images, p.name AS property_name, p.address, p.district FROM rooms r JOIN properties p ON r.property_id = p.id WHERE r.status = 'AVAILABLE' AND p.status = 'APPROVED' AND p.district LIKE '%Thủ%Đức%' AND r.type = 'TWO_BEDROOM' ORDER BY r.price ASC LIMIT 10","SQL","","1"
"Tìm phòng wifi tại Thủ Đức","SELECT r.id AS room_id, r.name, r.price, r.area, r.type, r.images, p.name AS property_name, p.address, p.district FROM rooms r JOIN properties p ON r.property_id = p.id WHERE r.status = 'AVAILABLE' AND p.status = 'APPROVED' AND p.district LIKE '%Thủ%Đức%' AND LOWER(COALESCE(r.amenities,'')) LIKE '%wifi%' ORDER BY r.price ASC LIMIT 10","SQL","","1"
"Giao dịch blockchain tháng 3 của tôi (v6)","SELECT b.id AS bill_id, b.month, b.year, b.total_amount, b.status, b.payment_tx_hash, r.name AS room_name FROM bills b JOIN contracts c ON b.contract_id = c.id JOIN rooms r ON c.room_id = r.id WHERE c.tenant_id = USER_ID_PLACEHOLDER AND b.month = 3 AND b.payment_tx_hash IS NOT NULL ORDER BY b.year DESC, b.month DESC LIMIT 30","SQL","","1"
"Hóa đơn tháng 4 của tôi (v6)","SELECT b.id AS bill_id, b.month, b.year, b.total_amount, b.status, b.deadline, r.name AS room_name FROM bills b JOIN contracts c ON b.contract_id = c.id JOIN rooms r ON c.room_id = r.id WHERE c.tenant_id = USER_ID_PLACEHOLDER AND b.month = 4 AND b.year = EXTRACT(YEAR FROM CURRENT_DATE)::int ORDER BY b.deadline ASC LIMIT 20","SQL","","1"
"Tôi còn nợ hóa đơn tháng 4 không (v6)","SELECT b.id AS bill_id, b.month, b.year, b.total_amount, b.status, b.deadline, r.name AS room_name FROM bills b JOIN contracts c ON b.contract_id = c.id JOIN rooms r ON c.room_id = r.id WHERE c.tenant_id = USER_ID_PLACEHOLDER AND b.month = 4 AND b.year = EXTRACT(YEAR FROM CURRENT_DATE)::int AND b.status IN ('UNPAID','LATE') ORDER BY b.deadline ASC LIMIT 20","SQL","","1"
"Lịch sử hóa đơn đã thanh toán tháng 4 của tôi (v6)","SELECT b.id AS bill_id, b.month, b.year, b.total_amount, b.status, b.paid_at, r.name AS room_name FROM bills b JOIN contracts c ON b.contract_id = c.id JOIN rooms r ON c.room_id = r.id WHERE c.tenant_id = USER_ID_PLACEHOLDER AND b.month = 4 AND b.year = EXTRACT(YEAR FROM CURRENT_DATE)::int AND b.status = 'PAID' ORDER BY b.paid_at DESC LIMIT 20","SQL","","1"
"Doanh thu đã thu tháng 4 của tôi (v6)","SELECT SUM(b.total_amount) AS total_revenue, COUNT(b.id) AS total_paid_bills, b.month, b.year FROM bills b JOIN contracts c ON b.contract_id = c.id JOIN rooms r ON c.room_id = r.id JOIN properties p ON r.property_id = p.id WHERE p.landlord_id = USER_ID_PLACEHOLDER AND b.status = 'PAID' AND b.month = 4 AND b.year = EXTRACT(YEAR FROM CURRENT_DATE)::int GROUP BY b.month, b.year","SQL","","1"
"Danh sách khách nợ tiền tháng 4 (v6)","SELECT u.full_name AS tenant_name, u.phone_number, r.name AS room_name, p.name AS property_name, b.total_amount, b.status AS bill_status, b.deadline FROM bills b JOIN contracts c ON b.contract_id = c.id JOIN rooms r ON c.room_id = r.id JOIN properties p ON r.property_id = p.id JOIN users u ON c.tenant_id = u.id WHERE p.landlord_id = USER_ID_PLACEHOLDER AND c.status = 'ACTIVE' AND b.month = 4 AND b.year = EXTRACT(YEAR FROM CURRENT_DATE)::int AND b.status IN ('UNPAID','LATE') ORDER BY b.deadline ASC LIMIT 100","SQL","","1"
"Hợp đồng active sắp hết hạn trong 90 ngày","SELECT c.id AS contract_id, c.end_date, (c.end_date::date - CURRENT_DATE) AS days_remaining, u.full_name AS tenant_name, r.name AS room_name, p.name AS property_name FROM contracts c JOIN rooms r ON c.room_id = r.id JOIN properties p ON r.property_id = p.id JOIN users u ON c.tenant_id = u.id WHERE p.landlord_id = USER_ID_PLACEHOLDER AND c.status = 'ACTIVE' AND c.end_date BETWEEN CURRENT_DATE AND (CURRENT_DATE + INTERVAL '90 day') ORDER BY c.end_date ASC LIMIT 100","SQL","","1"
"Tìm phòng ở Phú Nhuận từ 4500000 đến 6500000","SELECT r.id AS room_id, r.name, r.price, r.area, r.type, r.images, p.name AS property_name, p.address, p.district FROM rooms r JOIN properties p ON r.property_id = p.id WHERE r.status = 'AVAILABLE' AND p.status = 'APPROVED' AND p.district LIKE '%Phú%Nhuận%' AND r.price BETWEEN 4500000 AND 6500000 ORDER BY r.price ASC LIMIT 10","SQL","","1"
"Tìm phòng loại SINGLE_ROOM ở Phú Nhuận (v1)","SELECT r.id AS room_id, r.name, r.price, r.area, r.type, r.images, p.name AS property_name, p.address, p.district FROM rooms r JOIN properties p ON r.property_id = p.id WHERE r.status = 'AVAILABLE' AND p.status = 'APPROVED' AND p.district LIKE '%Phú%Nhuận%' AND r.type = 'SINGLE_ROOM' ORDER BY r.price ASC LIMIT 10","SQL","","1"
"Tìm phòng máy lạnh tại Phú Nhuận","SELECT r.id AS room_id, r.name, r.price, r.area, r.type, r.images, p.name AS property_name, p.address, p.district FROM rooms r JOIN properties p ON r.property_id = p.id WHERE r.status = 'AVAILABLE' AND p.status = 'APPROVED' AND p.district LIKE '%Phú%Nhuận%' AND LOWER(COALESCE(r.amenities,'')) LIKE '%máy lạnh%' ORDER BY r.price ASC LIMIT 10","SQL","","1"
"Giao dịch blockchain tháng 4 của tôi (v6)","SELECT b.id AS bill_id, b.month, b.year, b.total_amount, b.status, b.payment_tx_hash, r.name AS room_name FROM bills b JOIN contracts c ON b.contract_id = c.id JOIN rooms r ON c.room_id = r.id WHERE c.tenant_id = USER_ID_PLACEHOLDER AND b.month = 4 AND b.payment_tx_hash IS NOT NULL ORDER BY b.year DESC, b.month DESC LIMIT 30","SQL","","1"
"Hóa đơn tháng 5 của tôi (v6)","SELECT b.id AS bill_id, b.month, b.year, b.total_amount, b.status, b.deadline, r.name AS room_name FROM bills b JOIN contracts c ON b.contract_id = c.id JOIN rooms r ON c.room_id = r.id WHERE c.tenant_id = USER_ID_PLACEHOLDER AND b.month = 5 AND b.year = EXTRACT(YEAR FROM CURRENT_DATE)::int ORDER BY b.deadline ASC LIMIT 20","SQL","","1"
"Tôi còn nợ hóa đơn tháng 5 không (v6)","SELECT b.id AS bill_id, b.month, b.year, b.total_amount, b.status, b.deadline, r.name AS room_name FROM bills b JOIN contracts c ON b.contract_id = c.id JOIN rooms r ON c.room_id = r.id WHERE c.tenant_id = USER_ID_PLACEHOLDER AND b.month = 5 AND b.year = EXTRACT(YEAR FROM CURRENT_DATE)::int AND b.status IN ('UNPAID','LATE') ORDER BY b.deadline ASC LIMIT 20","SQL","","1"
"Lịch sử hóa đơn đã thanh toán tháng 5 của tôi (v6)","SELECT b.id AS bill_id, b.month, b.year, b.total_amount, b.status, b.paid_at, r.name AS room_name FROM bills b JOIN contracts c ON b.contract_id = c.id JOIN rooms r ON c.room_id = r.id WHERE c.tenant_id = USER_ID_PLACEHOLDER AND b.month = 5 AND b.year = EXTRACT(YEAR FROM CURRENT_DATE)::int AND b.status = 'PAID' ORDER BY b.paid_at DESC LIMIT 20","SQL","","1"
"Doanh thu đã thu tháng 5 của tôi (v6)","SELECT SUM(b.total_amount) AS total_revenue, COUNT(b.id) AS total_paid_bills, b.month, b.year FROM bills b JOIN contracts c ON b.contract_id = c.id JOIN rooms r ON c.room_id = r.id JOIN properties p ON r.property_id = p.id WHERE p.landlord_id = USER_ID_PLACEHOLDER AND b.status = 'PAID' AND b.month = 5 AND b.year = EXTRACT(YEAR FROM CURRENT_DATE)::int GROUP BY b.month, b.year","SQL","","1"
"Danh sách khách nợ tiền tháng 5 (v6)","SELECT u.full_name AS tenant_name, u.phone_number, r.name AS room_name, p.name AS property_name, b.total_amount, b.status AS bill_status, b.deadline FROM bills b JOIN contracts c ON b.contract_id = c.id JOIN rooms r ON c.room_id = r.id JOIN properties p ON r.property_id = p.id JOIN users u ON c.tenant_id = u.id WHERE p.landlord_id = USER_ID_PLACEHOLDER AND c.status = 'ACTIVE' AND b.month = 5 AND b.year = EXTRACT(YEAR FROM CURRENT_DATE)::int AND b.status IN ('UNPAID','LATE') ORDER BY b.deadline ASC LIMIT 100","SQL","","1"
"Hợp đồng active sắp hết hạn trong 91 ngày","SELECT c.id AS contract_id, c.end_date, (c.end_date::date - CURRENT_DATE) AS days_remaining, u.full_name AS tenant_name, r.name AS room_name, p.name AS property_name FROM contracts c JOIN rooms r ON c.room_id = r.id JOIN properties p ON r.property_id = p.id JOIN users u ON c.tenant_id = u.id WHERE p.landlord_id = USER_ID_PLACEHOLDER AND c.status = 'ACTIVE' AND c.end_date BETWEEN CURRENT_DATE AND (CURRENT_DATE + INTERVAL '91 day') ORDER BY c.end_date ASC LIMIT 100","SQL","","1"
"Tìm phòng ở Bình Tân từ 5000000 đến 7000000","SELECT r.id AS room_id, r.name, r.price, r.area, r.type, r.images, p.name AS property_name, p.address, p.district FROM rooms r JOIN properties p ON r.property_id = p.id WHERE r.status = 'AVAILABLE' AND p.status = 'APPROVED' AND p.district LIKE '%Bình%Tân%' AND r.price BETWEEN 5000000 AND 7000000 ORDER BY r.price ASC LIMIT 10","SQL","","1"
"Tìm phòng loại SHARED_ROOM ở Bình Tân (v1)","SELECT r.id AS room_id, r.name, r.price, r.area, r.type, r.images, p.name AS property_name, p.address, p.district FROM rooms r JOIN properties p ON r.property_id = p.id WHERE r.status = 'AVAILABLE' AND p.status = 'APPROVED' AND p.district LIKE '%Bình%Tân%' AND r.type = 'SHARED_ROOM' ORDER BY r.price ASC LIMIT 10","SQL","","1"
"Tìm phòng gác lửng tại Bình Tân","SELECT r.id AS room_id, r.name, r.price, r.area, r.type, r.images, p.name AS property_name, p.address, p.district FROM rooms r JOIN properties p ON r.property_id = p.id WHERE r.status = 'AVAILABLE' AND p.status = 'APPROVED' AND p.district LIKE '%Bình%Tân%' AND LOWER(COALESCE(r.amenities,'')) LIKE '%gác lửng%' ORDER BY r.price ASC LIMIT 10","SQL","","1"
"Giao dịch blockchain tháng 5 của tôi (v6)","SELECT b.id AS bill_id, b.month, b.year, b.total_amount, b.status, b.payment_tx_hash, r.name AS room_name FROM bills b JOIN contracts c ON b.contract_id = c.id JOIN rooms r ON c.room_id = r.id WHERE c.tenant_id = USER_ID_PLACEHOLDER AND b.month = 5 AND b.payment_tx_hash IS NOT NULL ORDER BY b.year DESC, b.month DESC LIMIT 30","SQL","","1"
"Hóa đơn tháng 6 của tôi (v6)","SELECT b.id AS bill_id, b.month, b.year, b.total_amount, b.status, b.deadline, r.name AS room_name FROM bills b JOIN contracts c ON b.contract_id = c.id JOIN rooms r ON c.room_id = r.id WHERE c.tenant_id = USER_ID_PLACEHOLDER AND b.month = 6 AND b.year = EXTRACT(YEAR FROM CURRENT_DATE)::int ORDER BY b.deadline ASC LIMIT 20","SQL","","1"
"Tôi còn nợ hóa đơn tháng 6 không (v6)","SELECT b.id AS bill_id, b.month, b.year, b.total_amount, b.status, b.deadline, r.name AS room_name FROM bills b JOIN contracts c ON b.contract_id = c.id JOIN rooms r ON c.room_id = r.id WHERE c.tenant_id = USER_ID_PLACEHOLDER AND b.month = 6 AND b.year = EXTRACT(YEAR FROM CURRENT_DATE)::int AND b.status IN ('UNPAID','LATE') ORDER BY b.deadline ASC LIMIT 20","SQL","","1"
"Lịch sử hóa đơn đã thanh toán tháng 6 của tôi (v6)","SELECT b.id AS bill_id, b.month, b.year, b.total_amount, b.status, b.paid_at, r.name AS room_name FROM bills b JOIN contracts c ON b.contract_id = c.id JOIN rooms r ON c.room_id = r.id WHERE c.tenant_id = USER_ID_PLACEHOLDER AND b.month = 6 AND b.year = EXTRACT(YEAR FROM CURRENT_DATE)::int AND b.status = 'PAID' ORDER BY b.paid_at DESC LIMIT 20","SQL","","1"
"Doanh thu đã thu tháng 6 của tôi (v6)","SELECT SUM(b.total_amount) AS total_revenue, COUNT(b.id) AS total_paid_bills, b.month, b.year FROM bills b JOIN contracts c ON b.contract_id = c.id JOIN rooms r ON c.room_id = r.id JOIN properties p ON r.property_id = p.id WHERE p.landlord_id = USER_ID_PLACEHOLDER AND b.status = 'PAID' AND b.month = 6 AND b.year = EXTRACT(YEAR FROM CURRENT_DATE)::int GROUP BY b.month, b.year","SQL","","1"
"Danh sách khách nợ tiền tháng 6 (v6)","SELECT u.full_name AS tenant_name, u.phone_number, r.name AS room_name, p.name AS property_name, b.total_amount, b.status AS bill_status, b.deadline FROM bills b JOIN contracts c ON b.contract_id = c.id JOIN rooms r ON c.room_id = r.id JOIN properties p ON r.property_id = p.id JOIN users u ON c.tenant_id = u.id WHERE p.landlord_id = USER_ID_PLACEHOLDER AND c.status = 'ACTIVE' AND b.month = 6 AND b.year = EXTRACT(YEAR FROM CURRENT_DATE)::int AND b.status IN ('UNPAID','LATE') ORDER BY b.deadline ASC LIMIT 100","SQL","","1"
"Hợp đồng active sắp hết hạn trong 92 ngày","SELECT c.id AS contract_id, c.end_date, (c.end_date::date - CURRENT_DATE) AS days_remaining, u.full_name AS tenant_name, r.name AS room_name, p.name AS property_name FROM contracts c JOIN rooms r ON c.room_id = r.id JOIN properties p ON r.property_id = p.id JOIN users u ON c.tenant_id = u.id WHERE p.landlord_id = USER_ID_PLACEHOLDER AND c.status = 'ACTIVE' AND c.end_date BETWEEN CURRENT_DATE AND (CURRENT_DATE + INTERVAL '92 day') ORDER BY c.end_date ASC LIMIT 100","SQL","","1"
"Tìm phòng ở Bình Chánh từ 2000000 đến 4000000","SELECT r.id AS room_id, r.name, r.price, r.area, r.type, r.images, p.name AS property_name, p.address, p.district FROM rooms r JOIN properties p ON r.property_id = p.id WHERE r.status = 'AVAILABLE' AND p.status = 'APPROVED' AND p.district LIKE '%Bình%Chánh%' AND r.price BETWEEN 2000000 AND 4000000 ORDER BY r.price ASC LIMIT 10","SQL","","1"
"Tìm phòng loại MEZZANINE_ROOM ở Bình Chánh (v1)","SELECT r.id AS room_id, r.name, r.price, r.area, r.type, r.images, p.name AS property_name, p.address, p.district FROM rooms r JOIN properties p ON r.property_id = p.id WHERE r.status = 'AVAILABLE' AND p.status = 'APPROVED' AND p.district LIKE '%Bình%Chánh%' AND r.type = 'MEZZANINE_ROOM' ORDER BY r.price ASC LIMIT 10","SQL","","1"
"Tìm phòng ban công tại Bình Chánh","SELECT r.id AS room_id, r.name, r.price, r.area, r.type, r.images, p.name AS property_name, p.address, p.district FROM rooms r JOIN properties p ON r.property_id = p.id WHERE r.status = 'AVAILABLE' AND p.status = 'APPROVED' AND p.district LIKE '%Bình%Chánh%' AND LOWER(COALESCE(r.amenities,'')) LIKE '%ban công%' ORDER BY r.price ASC LIMIT 10","SQL","","1"
"Giao dịch blockchain tháng 6 của tôi (v6)","SELECT b.id AS bill_id, b.month, b.year, b.total_amount, b.status, b.payment_tx_hash, r.name AS room_name FROM bills b JOIN contracts c ON b.contract_id = c.id JOIN rooms r ON c.room_id = r.id WHERE c.tenant_id = USER_ID_PLACEHOLDER AND b.month = 6 AND b.payment_tx_hash IS NOT NULL ORDER BY b.year DESC, b.month DESC LIMIT 30","SQL","","1"
"Hóa đơn tháng 7 của tôi (v6)","SELECT b.id AS bill_id, b.month, b.year, b.total_amount, b.status, b.deadline, r.name AS room_name FROM bills b JOIN contracts c ON b.contract_id = c.id JOIN rooms r ON c.room_id = r.id WHERE c.tenant_id = USER_ID_PLACEHOLDER AND b.month = 7 AND b.year = EXTRACT(YEAR FROM CURRENT_DATE)::int ORDER BY b.deadline ASC LIMIT 20","SQL","","1"
"Tôi còn nợ hóa đơn tháng 7 không (v6)","SELECT b.id AS bill_id, b.month, b.year, b.total_amount, b.status, b.deadline, r.name AS room_name FROM bills b JOIN contracts c ON b.contract_id = c.id JOIN rooms r ON c.room_id = r.id WHERE c.tenant_id = USER_ID_PLACEHOLDER AND b.month = 7 AND b.year = EXTRACT(YEAR FROM CURRENT_DATE)::int AND b.status IN ('UNPAID','LATE') ORDER BY b.deadline ASC LIMIT 20","SQL","","1"
"Lịch sử hóa đơn đã thanh toán tháng 7 của tôi (v6)","SELECT b.id AS bill_id, b.month, b.year, b.total_amount, b.status, b.paid_at, r.name AS room_name FROM bills b JOIN contracts c ON b.contract_id = c.id JOIN rooms r ON c.room_id = r.id WHERE c.tenant_id = USER_ID_PLACEHOLDER AND b.month = 7 AND b.year = EXTRACT(YEAR FROM CURRENT_DATE)::int AND b.status = 'PAID' ORDER BY b.paid_at DESC LIMIT 20","SQL","","1"
"Doanh thu đã thu tháng 7 của tôi (v6)","SELECT SUM(b.total_amount) AS total_revenue, COUNT(b.id) AS total_paid_bills, b.month, b.year FROM bills b JOIN contracts c ON b.contract_id = c.id JOIN rooms r ON c.room_id = r.id JOIN properties p ON r.property_id = p.id WHERE p.landlord_id = USER_ID_PLACEHOLDER AND b.status = 'PAID' AND b.month = 7 AND b.year = EXTRACT(YEAR FROM CURRENT_DATE)::int GROUP BY b.month, b.year","SQL","","1"
"Danh sách khách nợ tiền tháng 7 (v6)","SELECT u.full_name AS tenant_name, u.phone_number, r.name AS room_name, p.name AS property_name, b.total_amount, b.status AS bill_status, b.deadline FROM bills b JOIN contracts c ON b.contract_id = c.id JOIN rooms r ON c.room_id = r.id JOIN properties p ON r.property_id = p.id JOIN users u ON c.tenant_id = u.id WHERE p.landlord_id = USER_ID_PLACEHOLDER AND c.status = 'ACTIVE' AND b.month = 7 AND b.year = EXTRACT(YEAR FROM CURRENT_DATE)::int AND b.status IN ('UNPAID','LATE') ORDER BY b.deadline ASC LIMIT 100","SQL","","1"
"Hợp đồng active sắp hết hạn trong 93 ngày","SELECT c.id AS contract_id, c.end_date, (c.end_date::date - CURRENT_DATE) AS days_remaining, u.full_name AS tenant_name, r.name AS room_name, p.name AS property_name FROM contracts c JOIN rooms r ON c.room_id = r.id JOIN properties p ON r.property_id = p.id JOIN users u ON c.tenant_id = u.id WHERE p.landlord_id = USER_ID_PLACEHOLDER AND c.status = 'ACTIVE' AND c.end_date BETWEEN CURRENT_DATE AND (CURRENT_DATE + INTERVAL '93 day') ORDER BY c.end_date ASC LIMIT 100","SQL","","1"
"Tìm phòng ở Nhà Bè từ 2500000 đến 4500000","SELECT r.id AS room_id, r.name, r.price, r.area, r.type, r.images, p.name AS property_name, p.address, p.district FROM rooms r JOIN properties p ON r.property_id = p.id WHERE r.status = 'AVAILABLE' AND p.status = 'APPROVED' AND p.district LIKE '%Nhà%Bè%' AND r.price BETWEEN 2500000 AND 4500000 ORDER BY r.price ASC LIMIT 10","SQL","","1"
"Tìm phòng loại STUDIO ở Nhà Bè (v1)","SELECT r.id AS room_id, r.name, r.price, r.area, r.type, r.images, p.name AS property_name, p.address, p.district FROM rooms r JOIN properties p ON r.property_id = p.id WHERE r.status = 'AVAILABLE' AND p.status = 'APPROVED' AND p.district LIKE '%Nhà%Bè%' AND r.type = 'STUDIO' ORDER BY r.price ASC LIMIT 10","SQL","","1"
"Tìm phòng nội thất tại Nhà Bè","SELECT r.id AS room_id, r.name, r.price, r.area, r.type, r.images, p.name AS property_name, p.address, p.district FROM rooms r JOIN properties p ON r.property_id = p.id WHERE r.status = 'AVAILABLE' AND p.status = 'APPROVED' AND p.district LIKE '%Nhà%Bè%' AND LOWER(COALESCE(r.amenities,'')) LIKE '%nội thất%' ORDER BY r.price ASC LIMIT 10","SQL","","1"
"Giao dịch blockchain tháng 7 của tôi (v6)","SELECT b.id AS bill_id, b.month, b.year, b.total_amount, b.status, b.payment_tx_hash, r.name AS room_name FROM bills b JOIN contracts c ON b.contract_id = c.id JOIN rooms r ON c.room_id = r.id WHERE c.tenant_id = USER_ID_PLACEHOLDER AND b.month = 7 AND b.payment_tx_hash IS NOT NULL ORDER BY b.year DESC, b.month DESC LIMIT 30","SQL","","1"
"Hóa đơn tháng 8 của tôi (v6)","SELECT b.id AS bill_id, b.month, b.year, b.total_amount, b.status, b.deadline, r.name AS room_name FROM bills b JOIN contracts c ON b.contract_id = c.id JOIN rooms r ON c.room_id = r.id WHERE c.tenant_id = USER_ID_PLACEHOLDER AND b.month = 8 AND b.year = EXTRACT(YEAR FROM CURRENT_DATE)::int ORDER BY b.deadline ASC LIMIT 20","SQL","","1"
"Tôi còn nợ hóa đơn tháng 8 không (v6)","SELECT b.id AS bill_id, b.month, b.year, b.total_amount, b.status, b.deadline, r.name AS room_name FROM bills b JOIN contracts c ON b.contract_id = c.id JOIN rooms r ON c.room_id = r.id WHERE c.tenant_id = USER_ID_PLACEHOLDER AND b.month = 8 AND b.year = EXTRACT(YEAR FROM CURRENT_DATE)::int AND b.status IN ('UNPAID','LATE') ORDER BY b.deadline ASC LIMIT 20","SQL","","1"
"Lịch sử hóa đơn đã thanh toán tháng 8 của tôi (v6)","SELECT b.id AS bill_id, b.month, b.year, b.total_amount, b.status, b.paid_at, r.name AS room_name FROM bills b JOIN contracts c ON b.contract_id = c.id JOIN rooms r ON c.room_id = r.id WHERE c.tenant_id = USER_ID_PLACEHOLDER AND b.month = 8 AND b.year = EXTRACT(YEAR FROM CURRENT_DATE)::int AND b.status = 'PAID' ORDER BY b.paid_at DESC LIMIT 20","SQL","","1"
"Doanh thu đã thu tháng 8 của tôi (v6)","SELECT SUM(b.total_amount) AS total_revenue, COUNT(b.id) AS total_paid_bills, b.month, b.year FROM bills b JOIN contracts c ON b.contract_id = c.id JOIN rooms r ON c.room_id = r.id JOIN properties p ON r.property_id = p.id WHERE p.landlord_id = USER_ID_PLACEHOLDER AND b.status = 'PAID' AND b.month = 8 AND b.year = EXTRACT(YEAR FROM CURRENT_DATE)::int GROUP BY b.month, b.year","SQL","","1"
"Danh sách khách nợ tiền tháng 8 (v6)","SELECT u.full_name AS tenant_name, u.phone_number, r.name AS room_name, p.name AS property_name, b.total_amount, b.status AS bill_status, b.deadline FROM bills b JOIN contracts c ON b.contract_id = c.id JOIN rooms r ON c.room_id = r.id JOIN properties p ON r.property_id = p.id JOIN users u ON c.tenant_id = u.id WHERE p.landlord_id = USER_ID_PLACEHOLDER AND c.status = 'ACTIVE' AND b.month = 8 AND b.year = EXTRACT(YEAR FROM CURRENT_DATE)::int AND b.status IN ('UNPAID','LATE') ORDER BY b.deadline ASC LIMIT 100","SQL","","1"
"Hợp đồng active sắp hết hạn trong 94 ngày","SELECT c.id AS contract_id, c.end_date, (c.end_date::date - CURRENT_DATE) AS days_remaining, u.full_name AS tenant_name, r.name AS room_name, p.name AS property_name FROM contracts c JOIN rooms r ON c.room_id = r.id JOIN properties p ON r.property_id = p.id JOIN users u ON c.tenant_id = u.id WHERE p.landlord_id = USER_ID_PLACEHOLDER AND c.status = 'ACTIVE' AND c.end_date BETWEEN CURRENT_DATE AND (CURRENT_DATE + INTERVAL '94 day') ORDER BY c.end_date ASC LIMIT 100","SQL","","1"
"Tìm phòng ở Hóc Môn từ 3000000 đến 5000000","SELECT r.id AS room_id, r.name, r.price, r.area, r.type, r.images, p.name AS property_name, p.address, p.district FROM rooms r JOIN properties p ON r.property_id = p.id WHERE r.status = 'AVAILABLE' AND p.status = 'APPROVED' AND p.district LIKE '%Hóc%Môn%' AND r.price BETWEEN 3000000 AND 5000000 ORDER BY r.price ASC LIMIT 10","SQL","","1"
"Tìm phòng loại ONE_BEDROOM ở Hóc Môn (v1)","SELECT r.id AS room_id, r.name, r.price, r.area, r.type, r.images, p.name AS property_name, p.address, p.district FROM rooms r JOIN properties p ON r.property_id = p.id WHERE r.status = 'AVAILABLE' AND p.status = 'APPROVED' AND p.district LIKE '%Hóc%Môn%' AND r.type = 'ONE_BEDROOM' ORDER BY r.price ASC LIMIT 10","SQL","","1"
"Tìm phòng wifi tại Hóc Môn","SELECT r.id AS room_id, r.name, r.price, r.area, r.type, r.images, p.name AS property_name, p.address, p.district FROM rooms r JOIN properties p ON r.property_id = p.id WHERE r.status = 'AVAILABLE' AND p.status = 'APPROVED' AND p.district LIKE '%Hóc%Môn%' AND LOWER(COALESCE(r.amenities,'')) LIKE '%wifi%' ORDER BY r.price ASC LIMIT 10","SQL","","1"
"Giao dịch blockchain tháng 8 của tôi (v6)","SELECT b.id AS bill_id, b.month, b.year, b.total_amount, b.status, b.payment_tx_hash, r.name AS room_name FROM bills b JOIN contracts c ON b.contract_id = c.id JOIN rooms r ON c.room_id = r.id WHERE c.tenant_id = USER_ID_PLACEHOLDER AND b.month = 8 AND b.payment_tx_hash IS NOT NULL ORDER BY b.year DESC, b.month DESC LIMIT 30","SQL","","1"
"Hóa đơn tháng 9 của tôi (v6)","SELECT b.id AS bill_id, b.month, b.year, b.total_amount, b.status, b.deadline, r.name AS room_name FROM bills b JOIN contracts c ON b.contract_id = c.id JOIN rooms r ON c.room_id = r.id WHERE c.tenant_id = USER_ID_PLACEHOLDER AND b.month = 9 AND b.year = EXTRACT(YEAR FROM CURRENT_DATE)::int ORDER BY b.deadline ASC LIMIT 20","SQL","","1"
"Tôi còn nợ hóa đơn tháng 9 không (v6)","SELECT b.id AS bill_id, b.month, b.year, b.total_amount, b.status, b.deadline, r.name AS room_name FROM bills b JOIN contracts c ON b.contract_id = c.id JOIN rooms r ON c.room_id = r.id WHERE c.tenant_id = USER_ID_PLACEHOLDER AND b.month = 9 AND b.year = EXTRACT(YEAR FROM CURRENT_DATE)::int AND b.status IN ('UNPAID','LATE') ORDER BY b.deadline ASC LIMIT 20","SQL","","1"
"Lịch sử hóa đơn đã thanh toán tháng 9 của tôi (v6)","SELECT b.id AS bill_id, b.month, b.year, b.total_amount, b.status, b.paid_at, r.name AS room_name FROM bills b JOIN contracts c ON b.contract_id = c.id JOIN rooms r ON c.room_id = r.id WHERE c.tenant_id = USER_ID_PLACEHOLDER AND b.month = 9 AND b.year = EXTRACT(YEAR FROM CURRENT_DATE)::int AND b.status = 'PAID' ORDER BY b.paid_at DESC LIMIT 20","SQL","","1"
"Doanh thu đã thu tháng 9 của tôi (v6)","SELECT SUM(b.total_amount) AS total_revenue, COUNT(b.id) AS total_paid_bills, b.month, b.year FROM bills b JOIN contracts c ON b.contract_id = c.id JOIN rooms r ON c.room_id = r.id JOIN properties p ON r.property_id = p.id WHERE p.landlord_id = USER_ID_PLACEHOLDER AND b.status = 'PAID' AND b.month = 9 AND b.year = EXTRACT(YEAR FROM CURRENT_DATE)::int GROUP BY b.month, b.year","SQL","","1"
"Danh sách khách nợ tiền tháng 9 (v6)","SELECT u.full_name AS tenant_name, u.phone_number, r.name AS room_name, p.name AS property_name, b.total_amount, b.status AS bill_status, b.deadline FROM bills b JOIN contracts c ON b.contract_id = c.id JOIN rooms r ON c.room_id = r.id JOIN properties p ON r.property_id = p.id JOIN users u ON c.tenant_id = u.id WHERE p.landlord_id = USER_ID_PLACEHOLDER AND c.status = 'ACTIVE' AND b.month = 9 AND b.year = EXTRACT(YEAR FROM CURRENT_DATE)::int AND b.status IN ('UNPAID','LATE') ORDER BY b.deadline ASC LIMIT 100","SQL","","1"
"Hợp đồng active sắp hết hạn trong 95 ngày","SELECT c.id AS contract_id, c.end_date, (c.end_date::date - CURRENT_DATE) AS days_remaining, u.full_name AS tenant_name, r.name AS room_name, p.name AS property_name FROM contracts c JOIN rooms r ON c.room_id = r.id JOIN properties p ON r.property_id = p.id JOIN users u ON c.tenant_id = u.id WHERE p.landlord_id = USER_ID_PLACEHOLDER AND c.status = 'ACTIVE' AND c.end_date BETWEEN CURRENT_DATE AND (CURRENT_DATE + INTERVAL '95 day') ORDER BY c.end_date ASC LIMIT 100","SQL","","1"
"Tìm phòng ở Quận 1 từ 3500000 đến 5500000","SELECT r.id AS room_id, r.name, r.price, r.area, r.type, r.images, p.name AS property_name, p.address, p.district FROM rooms r JOIN properties p ON r.property_id = p.id WHERE r.status = 'AVAILABLE' AND p.status = 'APPROVED' AND p.district LIKE '%1%' AND r.price BETWEEN 3500000 AND 5500000 ORDER BY r.price ASC LIMIT 10","SQL","","1"
"Tìm phòng loại TWO_BEDROOM ở Quận 1 (v1)","SELECT r.id AS room_id, r.name, r.price, r.area, r.type, r.images, p.name AS property_name, p.address, p.district FROM rooms r JOIN properties p ON r.property_id = p.id WHERE r.status = 'AVAILABLE' AND p.status = 'APPROVED' AND p.district LIKE '%1%' AND r.type = 'TWO_BEDROOM' ORDER BY r.price ASC LIMIT 10","SQL","","1"
"Tìm phòng máy lạnh tại Quận 1 (v1)","SELECT r.id AS room_id, r.name, r.price, r.area, r.type, r.images, p.name AS property_name, p.address, p.district FROM rooms r JOIN properties p ON r.property_id = p.id WHERE r.status = 'AVAILABLE' AND p.status = 'APPROVED' AND p.district LIKE '%1%' AND LOWER(COALESCE(r.amenities,'')) LIKE '%máy lạnh%' ORDER BY r.price ASC LIMIT 10","SQL","","1"
"Giao dịch blockchain tháng 9 của tôi (v6)","SELECT b.id AS bill_id, b.month, b.year, b.total_amount, b.status, b.payment_tx_hash, r.name AS room_name FROM bills b JOIN contracts c ON b.contract_id = c.id JOIN rooms r ON c.room_id = r.id WHERE c.tenant_id = USER_ID_PLACEHOLDER AND b.month = 9 AND b.payment_tx_hash IS NOT NULL ORDER BY b.year DESC, b.month DESC LIMIT 30","SQL","","1"
"Hóa đơn tháng 10 của tôi (v6)","SELECT b.id AS bill_id, b.month, b.year, b.total_amount, b.status, b.deadline, r.name AS room_name FROM bills b JOIN contracts c ON b.contract_id = c.id JOIN rooms r ON c.room_id = r.id WHERE c.tenant_id = USER_ID_PLACEHOLDER AND b.month = 10 AND b.year = EXTRACT(YEAR FROM CURRENT_DATE)::int ORDER BY b.deadline ASC LIMIT 20","SQL","","1"
"Tôi còn nợ hóa đơn tháng 10 không (v6)","SELECT b.id AS bill_id, b.month, b.year, b.total_amount, b.status, b.deadline, r.name AS room_name FROM bills b JOIN contracts c ON b.contract_id = c.id JOIN rooms r ON c.room_id = r.id WHERE c.tenant_id = USER_ID_PLACEHOLDER AND b.month = 10 AND b.year = EXTRACT(YEAR FROM CURRENT_DATE)::int AND b.status IN ('UNPAID','LATE') ORDER BY b.deadline ASC LIMIT 20","SQL","","1"
"Lịch sử hóa đơn đã thanh toán tháng 10 của tôi (v6)","SELECT b.id AS bill_id, b.month, b.year, b.total_amount, b.status, b.paid_at, r.name AS room_name FROM bills b JOIN contracts c ON b.contract_id = c.id JOIN rooms r ON c.room_id = r.id WHERE c.tenant_id = USER_ID_PLACEHOLDER AND b.month = 10 AND b.year = EXTRACT(YEAR FROM CURRENT_DATE)::int AND b.status = 'PAID' ORDER BY b.paid_at DESC LIMIT 20","SQL","","1"
"Doanh thu đã thu tháng 10 của tôi (v6)","SELECT SUM(b.total_amount) AS total_revenue, COUNT(b.id) AS total_paid_bills, b.month, b.year FROM bills b JOIN contracts c ON b.contract_id = c.id JOIN rooms r ON c.room_id = r.id JOIN properties p ON r.property_id = p.id WHERE p.landlord_id = USER_ID_PLACEHOLDER AND b.status = 'PAID' AND b.month = 10 AND b.year = EXTRACT(YEAR FROM CURRENT_DATE)::int GROUP BY b.month, b.year","SQL","","1"
"Danh sách khách nợ tiền tháng 10 (v6)","SELECT u.full_name AS tenant_name, u.phone_number, r.name AS room_name, p.name AS property_name, b.total_amount, b.status AS bill_status, b.deadline FROM bills b JOIN contracts c ON b.contract_id = c.id JOIN rooms r ON c.room_id = r.id JOIN properties p ON r.property_id = p.id JOIN users u ON c.tenant_id = u.id WHERE p.landlord_id = USER_ID_PLACEHOLDER AND c.status = 'ACTIVE' AND b.month = 10 AND b.year = EXTRACT(YEAR FROM CURRENT_DATE)::int AND b.status IN ('UNPAID','LATE') ORDER BY b.deadline ASC LIMIT 100","SQL","","1"
"Hợp đồng active sắp hết hạn trong 96 ngày","SELECT c.id AS contract_id, c.end_date, (c.end_date::date - CURRENT_DATE) AS days_remaining, u.full_name AS tenant_name, r.name AS room_name, p.name AS property_name FROM contracts c JOIN rooms r ON c.room_id = r.id JOIN properties p ON r.property_id = p.id JOIN users u ON c.tenant_id = u.id WHERE p.landlord_id = USER_ID_PLACEHOLDER AND c.status = 'ACTIVE' AND c.end_date BETWEEN CURRENT_DATE AND (CURRENT_DATE + INTERVAL '96 day') ORDER BY c.end_date ASC LIMIT 100","SQL","","1"
"Tìm phòng ở Quận 3 từ 4000000 đến 6000000","SELECT r.id AS room_id, r.name, r.price, r.area, r.type, r.images, p.name AS property_name, p.address, p.district FROM rooms r JOIN properties p ON r.property_id = p.id WHERE r.status = 'AVAILABLE' AND p.status = 'APPROVED' AND p.district LIKE '%3%' AND r.price BETWEEN 4000000 AND 6000000 ORDER BY r.price ASC LIMIT 10","SQL","","1"
"Tìm phòng loại SINGLE_ROOM ở Quận 3 (v1)","SELECT r.id AS room_id, r.name, r.price, r.area, r.type, r.images, p.name AS property_name, p.address, p.district FROM rooms r JOIN properties p ON r.property_id = p.id WHERE r.status = 'AVAILABLE' AND p.status = 'APPROVED' AND p.district LIKE '%3%' AND r.type = 'SINGLE_ROOM' ORDER BY r.price ASC LIMIT 10","SQL","","1"
"Tìm phòng gác lửng tại Quận 3 (v1)","SELECT r.id AS room_id, r.name, r.price, r.area, r.type, r.images, p.name AS property_name, p.address, p.district FROM rooms r JOIN properties p ON r.property_id = p.id WHERE r.status = 'AVAILABLE' AND p.status = 'APPROVED' AND p.district LIKE '%3%' AND LOWER(COALESCE(r.amenities,'')) LIKE '%gác lửng%' ORDER BY r.price ASC LIMIT 10","SQL","","1"
"Giao dịch blockchain tháng 10 của tôi (v6)","SELECT b.id AS bill_id, b.month, b.year, b.total_amount, b.status, b.payment_tx_hash, r.name AS room_name FROM bills b JOIN contracts c ON b.contract_id = c.id JOIN rooms r ON c.room_id = r.id WHERE c.tenant_id = USER_ID_PLACEHOLDER AND b.month = 10 AND b.payment_tx_hash IS NOT NULL ORDER BY b.year DESC, b.month DESC LIMIT 30","SQL","","1"
"Hóa đơn tháng 11 của tôi (v6)","SELECT b.id AS bill_id, b.month, b.year, b.total_amount, b.status, b.deadline, r.name AS room_name FROM bills b JOIN contracts c ON b.contract_id = c.id JOIN rooms r ON c.room_id = r.id WHERE c.tenant_id = USER_ID_PLACEHOLDER AND b.month = 11 AND b.year = EXTRACT(YEAR FROM CURRENT_DATE)::int ORDER BY b.deadline ASC LIMIT 20","SQL","","1"
"Tôi còn nợ hóa đơn tháng 11 không (v6)","SELECT b.id AS bill_id, b.month, b.year, b.total_amount, b.status, b.deadline, r.name AS room_name FROM bills b JOIN contracts c ON b.contract_id = c.id JOIN rooms r ON c.room_id = r.id WHERE c.tenant_id = USER_ID_PLACEHOLDER AND b.month = 11 AND b.year = EXTRACT(YEAR FROM CURRENT_DATE)::int AND b.status IN ('UNPAID','LATE') ORDER BY b.deadline ASC LIMIT 20","SQL","","1"
"Lịch sử hóa đơn đã thanh toán tháng 11 của tôi (v6)","SELECT b.id AS bill_id, b.month, b.year, b.total_amount, b.status, b.paid_at, r.name AS room_name FROM bills b JOIN contracts c ON b.contract_id = c.id JOIN rooms r ON c.room_id = r.id WHERE c.tenant_id = USER_ID_PLACEHOLDER AND b.month = 11 AND b.year = EXTRACT(YEAR FROM CURRENT_DATE)::int AND b.status = 'PAID' ORDER BY b.paid_at DESC LIMIT 20","SQL","","1"
"Doanh thu đã thu tháng 11 của tôi (v6)","SELECT SUM(b.total_amount) AS total_revenue, COUNT(b.id) AS total_paid_bills, b.month, b.year FROM bills b JOIN contracts c ON b.contract_id = c.id JOIN rooms r ON c.room_id = r.id JOIN properties p ON r.property_id = p.id WHERE p.landlord_id = USER_ID_PLACEHOLDER AND b.status = 'PAID' AND b.month = 11 AND b.year = EXTRACT(YEAR FROM CURRENT_DATE)::int GROUP BY b.month, b.year","SQL","","1"
"Danh sách khách nợ tiền tháng 11 (v6)","SELECT u.full_name AS tenant_name, u.phone_number, r.name AS room_name, p.name AS property_name, b.total_amount, b.status AS bill_status, b.deadline FROM bills b JOIN contracts c ON b.contract_id = c.id JOIN rooms r ON c.room_id = r.id JOIN properties p ON r.property_id = p.id JOIN users u ON c.tenant_id = u.id WHERE p.landlord_id = USER_ID_PLACEHOLDER AND c.status = 'ACTIVE' AND b.month = 11 AND b.year = EXTRACT(YEAR FROM CURRENT_DATE)::int AND b.status IN ('UNPAID','LATE') ORDER BY b.deadline ASC LIMIT 100","SQL","","1"
"Hợp đồng active sắp hết hạn trong 97 ngày","SELECT c.id AS contract_id, c.end_date, (c.end_date::date - CURRENT_DATE) AS days_remaining, u.full_name AS tenant_name, r.name AS room_name, p.name AS property_name FROM contracts c JOIN rooms r ON c.room_id = r.id JOIN properties p ON r.property_id = p.id JOIN users u ON c.tenant_id = u.id WHERE p.landlord_id = USER_ID_PLACEHOLDER AND c.status = 'ACTIVE' AND c.end_date BETWEEN CURRENT_DATE AND (CURRENT_DATE + INTERVAL '97 day') ORDER BY c.end_date ASC LIMIT 100","SQL","","1"
"Tìm phòng ở Quận 4 từ 4500000 đến 6500000","SELECT r.id AS room_id, r.name, r.price, r.area, r.type, r.images, p.name AS property_name, p.address, p.district FROM rooms r JOIN properties p ON r.property_id = p.id WHERE r.status = 'AVAILABLE' AND p.status = 'APPROVED' AND p.district LIKE '%4%' AND r.price BETWEEN 4500000 AND 6500000 ORDER BY r.price ASC LIMIT 10","SQL","","1"
"Tìm phòng loại SHARED_ROOM ở Quận 4 (v1)","SELECT r.id AS room_id, r.name, r.price, r.area, r.type, r.images, p.name AS property_name, p.address, p.district FROM rooms r JOIN properties p ON r.property_id = p.id WHERE r.status = 'AVAILABLE' AND p.status = 'APPROVED' AND p.district LIKE '%4%' AND r.type = 'SHARED_ROOM' ORDER BY r.price ASC LIMIT 10","SQL","","1"
"Tìm phòng ban công tại Quận 4 (v1)","SELECT r.id AS room_id, r.name, r.price, r.area, r.type, r.images, p.name AS property_name, p.address, p.district FROM rooms r JOIN properties p ON r.property_id = p.id WHERE r.status = 'AVAILABLE' AND p.status = 'APPROVED' AND p.district LIKE '%4%' AND LOWER(COALESCE(r.amenities,'')) LIKE '%ban công%' ORDER BY r.price ASC LIMIT 10","SQL","","1"
"Giao dịch blockchain tháng 11 của tôi (v6)","SELECT b.id AS bill_id, b.month, b.year, b.total_amount, b.status, b.payment_tx_hash, r.name AS room_name FROM bills b JOIN contracts c ON b.contract_id = c.id JOIN rooms r ON c.room_id = r.id WHERE c.tenant_id = USER_ID_PLACEHOLDER AND b.month = 11 AND b.payment_tx_hash IS NOT NULL ORDER BY b.year DESC, b.month DESC LIMIT 30","SQL","","1"
"Hóa đơn tháng 12 của tôi (v6)","SELECT b.id AS bill_id, b.month, b.year, b.total_amount, b.status, b.deadline, r.name AS room_name FROM bills b JOIN contracts c ON b.contract_id = c.id JOIN rooms r ON c.room_id = r.id WHERE c.tenant_id = USER_ID_PLACEHOLDER AND b.month = 12 AND b.year = EXTRACT(YEAR FROM CURRENT_DATE)::int ORDER BY b.deadline ASC LIMIT 20","SQL","","1"
"Tôi còn nợ hóa đơn tháng 12 không (v6)","SELECT b.id AS bill_id, b.month, b.year, b.total_amount, b.status, b.deadline, r.name AS room_name FROM bills b JOIN contracts c ON b.contract_id = c.id JOIN rooms r ON c.room_id = r.id WHERE c.tenant_id = USER_ID_PLACEHOLDER AND b.month = 12 AND b.year = EXTRACT(YEAR FROM CURRENT_DATE)::int AND b.status IN ('UNPAID','LATE') ORDER BY b.deadline ASC LIMIT 20","SQL","","1"
"Lịch sử hóa đơn đã thanh toán tháng 12 của tôi (v6)","SELECT b.id AS bill_id, b.month, b.year, b.total_amount, b.status, b.paid_at, r.name AS room_name FROM bills b JOIN contracts c ON b.contract_id = c.id JOIN rooms r ON c.room_id = r.id WHERE c.tenant_id = USER_ID_PLACEHOLDER AND b.month = 12 AND b.year = EXTRACT(YEAR FROM CURRENT_DATE)::int AND b.status = 'PAID' ORDER BY b.paid_at DESC LIMIT 20","SQL","","1"
"Doanh thu đã thu tháng 12 của tôi (v6)","SELECT SUM(b.total_amount) AS total_revenue, COUNT(b.id) AS total_paid_bills, b.month, b.year FROM bills b JOIN contracts c ON b.contract_id = c.id JOIN rooms r ON c.room_id = r.id JOIN properties p ON r.property_id = p.id WHERE p.landlord_id = USER_ID_PLACEHOLDER AND b.status = 'PAID' AND b.month = 12 AND b.year = EXTRACT(YEAR FROM CURRENT_DATE)::int GROUP BY b.month, b.year","SQL","","1"
"Danh sách khách nợ tiền tháng 12 (v6)","SELECT u.full_name AS tenant_name, u.phone_number, r.name AS room_name, p.name AS property_name, b.total_amount, b.status AS bill_status, b.deadline FROM bills b JOIN contracts c ON b.contract_id = c.id JOIN rooms r ON c.room_id = r.id JOIN properties p ON r.property_id = p.id JOIN users u ON c.tenant_id = u.id WHERE p.landlord_id = USER_ID_PLACEHOLDER AND c.status = 'ACTIVE' AND b.month = 12 AND b.year = EXTRACT(YEAR FROM CURRENT_DATE)::int AND b.status IN ('UNPAID','LATE') ORDER BY b.deadline ASC LIMIT 100","SQL","","1"
"Hợp đồng active sắp hết hạn trong 98 ngày","SELECT c.id AS contract_id, c.end_date, (c.end_date::date - CURRENT_DATE) AS days_remaining, u.full_name AS tenant_name, r.name AS room_name, p.name AS property_name FROM contracts c JOIN rooms r ON c.room_id = r.id JOIN properties p ON r.property_id = p.id JOIN users u ON c.tenant_id = u.id WHERE p.landlord_id = USER_ID_PLACEHOLDER AND c.status = 'ACTIVE' AND c.end_date BETWEEN CURRENT_DATE AND (CURRENT_DATE + INTERVAL '98 day') ORDER BY c.end_date ASC LIMIT 100","SQL","","1"
"Tìm phòng ở Quận 5 từ 5000000 đến 7000000","SELECT r.id AS room_id, r.name, r.price, r.area, r.type, r.images, p.name AS property_name, p.address, p.district FROM rooms r JOIN properties p ON r.property_id = p.id WHERE r.status = 'AVAILABLE' AND p.status = 'APPROVED' AND p.district LIKE '%5%' AND r.price BETWEEN 5000000 AND 7000000 ORDER BY r.price ASC LIMIT 10","SQL","","1"
"Tìm phòng loại MEZZANINE_ROOM ở Quận 5 (v1)","SELECT r.id AS room_id, r.name, r.price, r.area, r.type, r.images, p.name AS property_name, p.address, p.district FROM rooms r JOIN properties p ON r.property_id = p.id WHERE r.status = 'AVAILABLE' AND p.status = 'APPROVED' AND p.district LIKE '%5%' AND r.type = 'MEZZANINE_ROOM' ORDER BY r.price ASC LIMIT 10","SQL","","1"
"Tìm phòng nội thất tại Quận 5 (v1)","SELECT r.id AS room_id, r.name, r.price, r.area, r.type, r.images, p.name AS property_name, p.address, p.district FROM rooms r JOIN properties p ON r.property_id = p.id WHERE r.status = 'AVAILABLE' AND p.status = 'APPROVED' AND p.district LIKE '%5%' AND LOWER(COALESCE(r.amenities,'')) LIKE '%nội thất%' ORDER BY r.price ASC LIMIT 10","SQL","","1"
"Giao dịch blockchain tháng 12 của tôi (v6)","SELECT b.id AS bill_id, b.month, b.year, b.total_amount, b.status, b.payment_tx_hash, r.name AS room_name FROM bills b JOIN contracts c ON b.contract_id = c.id JOIN rooms r ON c.room_id = r.id WHERE c.tenant_id = USER_ID_PLACEHOLDER AND b.month = 12 AND b.payment_tx_hash IS NOT NULL ORDER BY b.year DESC, b.month DESC LIMIT 30","SQL","","1"
"Hóa đơn tháng 1 của tôi (v7)","SELECT b.id AS bill_id, b.month, b.year, b.total_amount, b.status, b.deadline, r.name AS room_name FROM bills b JOIN contracts c ON b.contract_id = c.id JOIN rooms r ON c.room_id = r.id WHERE c.tenant_id = USER_ID_PLACEHOLDER AND b.month = 1 AND b.year = EXTRACT(YEAR FROM CURRENT_DATE)::int ORDER BY b.deadline ASC LIMIT 20","SQL","","1"
"Tôi còn nợ hóa đơn tháng 1 không (v7)","SELECT b.id AS bill_id, b.month, b.year, b.total_amount, b.status, b.deadline, r.name AS room_name FROM bills b JOIN contracts c ON b.contract_id = c.id JOIN rooms r ON c.room_id = r.id WHERE c.tenant_id = USER_ID_PLACEHOLDER AND b.month = 1 AND b.year = EXTRACT(YEAR FROM CURRENT_DATE)::int AND b.status IN ('UNPAID','LATE') ORDER BY b.deadline ASC LIMIT 20","SQL","","1"
"Lịch sử hóa đơn đã thanh toán tháng 1 của tôi (v7)","SELECT b.id AS bill_id, b.month, b.year, b.total_amount, b.status, b.paid_at, r.name AS room_name FROM bills b JOIN contracts c ON b.contract_id = c.id JOIN rooms r ON c.room_id = r.id WHERE c.tenant_id = USER_ID_PLACEHOLDER AND b.month = 1 AND b.year = EXTRACT(YEAR FROM CURRENT_DATE)::int AND b.status = 'PAID' ORDER BY b.paid_at DESC LIMIT 20","SQL","","1"
"Doanh thu đã thu tháng 1 của tôi (v7)","SELECT SUM(b.total_amount) AS total_revenue, COUNT(b.id) AS total_paid_bills, b.month, b.year FROM bills b JOIN contracts c ON b.contract_id = c.id JOIN rooms r ON c.room_id = r.id JOIN properties p ON r.property_id = p.id WHERE p.landlord_id = USER_ID_PLACEHOLDER AND b.status = 'PAID' AND b.month = 1 AND b.year = EXTRACT(YEAR FROM CURRENT_DATE)::int GROUP BY b.month, b.year","SQL","","1"
"Danh sách khách nợ tiền tháng 1 (v7)","SELECT u.full_name AS tenant_name, u.phone_number, r.name AS room_name, p.name AS property_name, b.total_amount, b.status AS bill_status, b.deadline FROM bills b JOIN contracts c ON b.contract_id = c.id JOIN rooms r ON c.room_id = r.id JOIN properties p ON r.property_id = p.id JOIN users u ON c.tenant_id = u.id WHERE p.landlord_id = USER_ID_PLACEHOLDER AND c.status = 'ACTIVE' AND b.month = 1 AND b.year = EXTRACT(YEAR FROM CURRENT_DATE)::int AND b.status IN ('UNPAID','LATE') ORDER BY b.deadline ASC LIMIT 100","SQL","","1"
"Hợp đồng active sắp hết hạn trong 99 ngày","SELECT c.id AS contract_id, c.end_date, (c.end_date::date - CURRENT_DATE) AS days_remaining, u.full_name AS tenant_name, r.name AS room_name, p.name AS property_name FROM contracts c JOIN rooms r ON c.room_id = r.id JOIN properties p ON r.property_id = p.id JOIN users u ON c.tenant_id = u.id WHERE p.landlord_id = USER_ID_PLACEHOLDER AND c.status = 'ACTIVE' AND c.end_date BETWEEN CURRENT_DATE AND (CURRENT_DATE + INTERVAL '99 day') ORDER BY c.end_date ASC LIMIT 100","SQL","","1"
"Tìm phòng ở Quận 7 từ 2000000 đến 4000000","SELECT r.id AS room_id, r.name, r.price, r.area, r.type, r.images, p.name AS property_name, p.address, p.district FROM rooms r JOIN properties p ON r.property_id = p.id WHERE r.status = 'AVAILABLE' AND p.status = 'APPROVED' AND p.district LIKE '%7%' AND r.price BETWEEN 2000000 AND 4000000 ORDER BY r.price ASC LIMIT 10","SQL","","1"
"Tìm phòng loại STUDIO ở Quận 7 (v1)","SELECT r.id AS room_id, r.name, r.price, r.area, r.type, r.images, p.name AS property_name, p.address, p.district FROM rooms r JOIN properties p ON r.property_id = p.id WHERE r.status = 'AVAILABLE' AND p.status = 'APPROVED' AND p.district LIKE '%7%' AND r.type = 'STUDIO' ORDER BY r.price ASC LIMIT 10","SQL","","1"
"Tìm phòng wifi tại Quận 7 (v1)","SELECT r.id AS room_id, r.name, r.price, r.area, r.type, r.images, p.name AS property_name, p.address, p.district FROM rooms r JOIN properties p ON r.property_id = p.id WHERE r.status = 'AVAILABLE' AND p.status = 'APPROVED' AND p.district LIKE '%7%' AND LOWER(COALESCE(r.amenities,'')) LIKE '%wifi%' ORDER BY r.price ASC LIMIT 10","SQL","","1"
"Giao dịch blockchain tháng 1 của tôi (v7)","SELECT b.id AS bill_id, b.month, b.year, b.total_amount, b.status, b.payment_tx_hash, r.name AS room_name FROM bills b JOIN contracts c ON b.contract_id = c.id JOIN rooms r ON c.room_id = r.id WHERE c.tenant_id = USER_ID_PLACEHOLDER AND b.month = 1 AND b.payment_tx_hash IS NOT NULL ORDER BY b.year DESC, b.month DESC LIMIT 30","SQL","","1"
"Hóa đơn tháng 2 của tôi (v7)","SELECT b.id AS bill_id, b.month, b.year, b.total_amount, b.status, b.deadline, r.name AS room_name FROM bills b JOIN contracts c ON b.contract_id = c.id JOIN rooms r ON c.room_id = r.id WHERE c.tenant_id = USER_ID_PLACEHOLDER AND b.month = 2 AND b.year = EXTRACT(YEAR FROM CURRENT_DATE)::int ORDER BY b.deadline ASC LIMIT 20","SQL","","1"
"Tôi còn nợ hóa đơn tháng 2 không (v7)","SELECT b.id AS bill_id, b.month, b.year, b.total_amount, b.status, b.deadline, r.name AS room_name FROM bills b JOIN contracts c ON b.contract_id = c.id JOIN rooms r ON c.room_id = r.id WHERE c.tenant_id = USER_ID_PLACEHOLDER AND b.month = 2 AND b.year = EXTRACT(YEAR FROM CURRENT_DATE)::int AND b.status IN ('UNPAID','LATE') ORDER BY b.deadline ASC LIMIT 20","SQL","","1"
"Lịch sử hóa đơn đã thanh toán tháng 2 của tôi (v7)","SELECT b.id AS bill_id, b.month, b.year, b.total_amount, b.status, b.paid_at, r.name AS room_name FROM bills b JOIN contracts c ON b.contract_id = c.id JOIN rooms r ON c.room_id = r.id WHERE c.tenant_id = USER_ID_PLACEHOLDER AND b.month = 2 AND b.year = EXTRACT(YEAR FROM CURRENT_DATE)::int AND b.status = 'PAID' ORDER BY b.paid_at DESC LIMIT 20","SQL","","1"
"Doanh thu đã thu tháng 2 của tôi (v7)","SELECT SUM(b.total_amount) AS total_revenue, COUNT(b.id) AS total_paid_bills, b.month, b.year FROM bills b JOIN contracts c ON b.contract_id = c.id JOIN rooms r ON c.room_id = r.id JOIN properties p ON r.property_id = p.id WHERE p.landlord_id = USER_ID_PLACEHOLDER AND b.status = 'PAID' AND b.month = 2 AND b.year = EXTRACT(YEAR FROM CURRENT_DATE)::int GROUP BY b.month, b.year","SQL","","1"
"Danh sách khách nợ tiền tháng 2 (v7)","SELECT u.full_name AS tenant_name, u.phone_number, r.name AS room_name, p.name AS property_name, b.total_amount, b.status AS bill_status, b.deadline FROM bills b JOIN contracts c ON b.contract_id = c.id JOIN rooms r ON c.room_id = r.id JOIN properties p ON r.property_id = p.id JOIN users u ON c.tenant_id = u.id WHERE p.landlord_id = USER_ID_PLACEHOLDER AND c.status = 'ACTIVE' AND b.month = 2 AND b.year = EXTRACT(YEAR FROM CURRENT_DATE)::int AND b.status IN ('UNPAID','LATE') ORDER BY b.deadline ASC LIMIT 100","SQL","","1"
"Hợp đồng active sắp hết hạn trong 100 ngày","SELECT c.id AS contract_id, c.end_date, (c.end_date::date - CURRENT_DATE) AS days_remaining, u.full_name AS tenant_name, r.name AS room_name, p.name AS property_name FROM contracts c JOIN rooms r ON c.room_id = r.id JOIN properties p ON r.property_id = p.id JOIN users u ON c.tenant_id = u.id WHERE p.landlord_id = USER_ID_PLACEHOLDER AND c.status = 'ACTIVE' AND c.end_date BETWEEN CURRENT_DATE AND (CURRENT_DATE + INTERVAL '100 day') ORDER BY c.end_date ASC LIMIT 100","SQL","","1"
"Tìm phòng ở Quận 10 từ 2500000 đến 4500000","SELECT r.id AS room_id, r.name, r.price, r.area, r.type, r.images, p.name AS property_name, p.address, p.district FROM rooms r JOIN properties p ON r.property_id = p.id WHERE r.status = 'AVAILABLE' AND p.status = 'APPROVED' AND p.district LIKE '%10%' AND r.price BETWEEN 2500000 AND 4500000 ORDER BY r.price ASC LIMIT 10","SQL","","1"
"Tìm phòng loại ONE_BEDROOM ở Quận 10 (v1)","SELECT r.id AS room_id, r.name, r.price, r.area, r.type, r.images, p.name AS property_name, p.address, p.district FROM rooms r JOIN properties p ON r.property_id = p.id WHERE r.status = 'AVAILABLE' AND p.status = 'APPROVED' AND p.district LIKE '%10%' AND r.type = 'ONE_BEDROOM' ORDER BY r.price ASC LIMIT 10","SQL","","1"
"Tìm phòng máy lạnh tại Quận 10 (v1)","SELECT r.id AS room_id, r.name, r.price, r.area, r.type, r.images, p.name AS property_name, p.address, p.district FROM rooms r JOIN properties p ON r.property_id = p.id WHERE r.status = 'AVAILABLE' AND p.status = 'APPROVED' AND p.district LIKE '%10%' AND LOWER(COALESCE(r.amenities,'')) LIKE '%máy lạnh%' ORDER BY r.price ASC LIMIT 10","SQL","","1"
"Giao dịch blockchain tháng 2 của tôi (v7)","SELECT b.id AS bill_id, b.month, b.year, b.total_amount, b.status, b.payment_tx_hash, r.name AS room_name FROM bills b JOIN contracts c ON b.contract_id = c.id JOIN rooms r ON c.room_id = r.id WHERE c.tenant_id = USER_ID_PLACEHOLDER AND b.month = 2 AND b.payment_tx_hash IS NOT NULL ORDER BY b.year DESC, b.month DESC LIMIT 30","SQL","","1"
"Hóa đơn tháng 3 của tôi (v7)","SELECT b.id AS bill_id, b.month, b.year, b.total_amount, b.status, b.deadline, r.name AS room_name FROM bills b JOIN contracts c ON b.contract_id = c.id JOIN rooms r ON c.room_id = r.id WHERE c.tenant_id = USER_ID_PLACEHOLDER AND b.month = 3 AND b.year = EXTRACT(YEAR FROM CURRENT_DATE)::int ORDER BY b.deadline ASC LIMIT 20","SQL","","1"
"Tôi còn nợ hóa đơn tháng 3 không (v7)","SELECT b.id AS bill_id, b.month, b.year, b.total_amount, b.status, b.deadline, r.name AS room_name FROM bills b JOIN contracts c ON b.contract_id = c.id JOIN rooms r ON c.room_id = r.id WHERE c.tenant_id = USER_ID_PLACEHOLDER AND b.month = 3 AND b.year = EXTRACT(YEAR FROM CURRENT_DATE)::int AND b.status IN ('UNPAID','LATE') ORDER BY b.deadline ASC LIMIT 20","SQL","","1"
"Lịch sử hóa đơn đã thanh toán tháng 3 của tôi (v7)","SELECT b.id AS bill_id, b.month, b.year, b.total_amount, b.status, b.paid_at, r.name AS room_name FROM bills b JOIN contracts c ON b.contract_id = c.id JOIN rooms r ON c.room_id = r.id WHERE c.tenant_id = USER_ID_PLACEHOLDER AND b.month = 3 AND b.year = EXTRACT(YEAR FROM CURRENT_DATE)::int AND b.status = 'PAID' ORDER BY b.paid_at DESC LIMIT 20","SQL","","1"
"Doanh thu đã thu tháng 3 của tôi (v7)","SELECT SUM(b.total_amount) AS total_revenue, COUNT(b.id) AS total_paid_bills, b.month, b.year FROM bills b JOIN contracts c ON b.contract_id = c.id JOIN rooms r ON c.room_id = r.id JOIN properties p ON r.property_id = p.id WHERE p.landlord_id = USER_ID_PLACEHOLDER AND b.status = 'PAID' AND b.month = 3 AND b.year = EXTRACT(YEAR FROM CURRENT_DATE)::int GROUP BY b.month, b.year","SQL","","1"
"Danh sách khách nợ tiền tháng 3 (v7)","SELECT u.full_name AS tenant_name, u.phone_number, r.name AS room_name, p.name AS property_name, b.total_amount, b.status AS bill_status, b.deadline FROM bills b JOIN contracts c ON b.contract_id = c.id JOIN rooms r ON c.room_id = r.id JOIN properties p ON r.property_id = p.id JOIN users u ON c.tenant_id = u.id WHERE p.landlord_id = USER_ID_PLACEHOLDER AND c.status = 'ACTIVE' AND b.month = 3 AND b.year = EXTRACT(YEAR FROM CURRENT_DATE)::int AND b.status IN ('UNPAID','LATE') ORDER BY b.deadline ASC LIMIT 100","SQL","","1"
"Hợp đồng active sắp hết hạn trong 101 ngày","SELECT c.id AS contract_id, c.end_date, (c.end_date::date - CURRENT_DATE) AS days_remaining, u.full_name AS tenant_name, r.name AS room_name, p.name AS property_name FROM contracts c JOIN rooms r ON c.room_id = r.id JOIN properties p ON r.property_id = p.id JOIN users u ON c.tenant_id = u.id WHERE p.landlord_id = USER_ID_PLACEHOLDER AND c.status = 'ACTIVE' AND c.end_date BETWEEN CURRENT_DATE AND (CURRENT_DATE + INTERVAL '101 day') ORDER BY c.end_date ASC LIMIT 100","SQL","","1"
"Tìm phòng ở Quận 12 từ 3000000 đến 5000000","SELECT r.id AS room_id, r.name, r.price, r.area, r.type, r.images, p.name AS property_name, p.address, p.district FROM rooms r JOIN properties p ON r.property_id = p.id WHERE r.status = 'AVAILABLE' AND p.status = 'APPROVED' AND p.district LIKE '%12%' AND r.price BETWEEN 3000000 AND 5000000 ORDER BY r.price ASC LIMIT 10","SQL","","1"
"Tìm phòng loại TWO_BEDROOM ở Quận 12 (v1)","SELECT r.id AS room_id, r.name, r.price, r.area, r.type, r.images, p.name AS property_name, p.address, p.district FROM rooms r JOIN properties p ON r.property_id = p.id WHERE r.status = 'AVAILABLE' AND p.status = 'APPROVED' AND p.district LIKE '%12%' AND r.type = 'TWO_BEDROOM' ORDER BY r.price ASC LIMIT 10","SQL","","1"
"Tìm phòng gác lửng tại Quận 12 (v1)","SELECT r.id AS room_id, r.name, r.price, r.area, r.type, r.images, p.name AS property_name, p.address, p.district FROM rooms r JOIN properties p ON r.property_id = p.id WHERE r.status = 'AVAILABLE' AND p.status = 'APPROVED' AND p.district LIKE '%12%' AND LOWER(COALESCE(r.amenities,'')) LIKE '%gác lửng%' ORDER BY r.price ASC LIMIT 10","SQL","","1"
"Giao dịch blockchain tháng 3 của tôi (v7)","SELECT b.id AS bill_id, b.month, b.year, b.total_amount, b.status, b.payment_tx_hash, r.name AS room_name FROM bills b JOIN contracts c ON b.contract_id = c.id JOIN rooms r ON c.room_id = r.id WHERE c.tenant_id = USER_ID_PLACEHOLDER AND b.month = 3 AND b.payment_tx_hash IS NOT NULL ORDER BY b.year DESC, b.month DESC LIMIT 30","SQL","","1"
"Hóa đơn tháng 4 của tôi (v7)","SELECT b.id AS bill_id, b.month, b.year, b.total_amount, b.status, b.deadline, r.name AS room_name FROM bills b JOIN contracts c ON b.contract_id = c.id JOIN rooms r ON c.room_id = r.id WHERE c.tenant_id = USER_ID_PLACEHOLDER AND b.month = 4 AND b.year = EXTRACT(YEAR FROM CURRENT_DATE)::int ORDER BY b.deadline ASC LIMIT 20","SQL","","1"
"Tôi còn nợ hóa đơn tháng 4 không (v7)","SELECT b.id AS bill_id, b.month, b.year, b.total_amount, b.status, b.deadline, r.name AS room_name FROM bills b JOIN contracts c ON b.contract_id = c.id JOIN rooms r ON c.room_id = r.id WHERE c.tenant_id = USER_ID_PLACEHOLDER AND b.month = 4 AND b.year = EXTRACT(YEAR FROM CURRENT_DATE)::int AND b.status IN ('UNPAID','LATE') ORDER BY b.deadline ASC LIMIT 20","SQL","","1"
"Lịch sử hóa đơn đã thanh toán tháng 4 của tôi (v7)","SELECT b.id AS bill_id, b.month, b.year, b.total_amount, b.status, b.paid_at, r.name AS room_name FROM bills b JOIN contracts c ON b.contract_id = c.id JOIN rooms r ON c.room_id = r.id WHERE c.tenant_id = USER_ID_PLACEHOLDER AND b.month = 4 AND b.year = EXTRACT(YEAR FROM CURRENT_DATE)::int AND b.status = 'PAID' ORDER BY b.paid_at DESC LIMIT 20","SQL","","1"
"Doanh thu đã thu tháng 4 của tôi (v7)","SELECT SUM(b.total_amount) AS total_revenue, COUNT(b.id) AS total_paid_bills, b.month, b.year FROM bills b JOIN contracts c ON b.contract_id = c.id JOIN rooms r ON c.room_id = r.id JOIN properties p ON r.property_id = p.id WHERE p.landlord_id = USER_ID_PLACEHOLDER AND b.status = 'PAID' AND b.month = 4 AND b.year = EXTRACT(YEAR FROM CURRENT_DATE)::int GROUP BY b.month, b.year","SQL","","1"
"Danh sách khách nợ tiền tháng 4 (v7)","SELECT u.full_name AS tenant_name, u.phone_number, r.name AS room_name, p.name AS property_name, b.total_amount, b.status AS bill_status, b.deadline FROM bills b JOIN contracts c ON b.contract_id = c.id JOIN rooms r ON c.room_id = r.id JOIN properties p ON r.property_id = p.id JOIN users u ON c.tenant_id = u.id WHERE p.landlord_id = USER_ID_PLACEHOLDER AND c.status = 'ACTIVE' AND b.month = 4 AND b.year = EXTRACT(YEAR FROM CURRENT_DATE)::int AND b.status IN ('UNPAID','LATE') ORDER BY b.deadline ASC LIMIT 100","SQL","","1"
"Hợp đồng active sắp hết hạn trong 102 ngày","SELECT c.id AS contract_id, c.end_date, (c.end_date::date - CURRENT_DATE) AS days_remaining, u.full_name AS tenant_name, r.name AS room_name, p.name AS property_name FROM contracts c JOIN rooms r ON c.room_id = r.id JOIN properties p ON r.property_id = p.id JOIN users u ON c.tenant_id = u.id WHERE p.landlord_id = USER_ID_PLACEHOLDER AND c.status = 'ACTIVE' AND c.end_date BETWEEN CURRENT_DATE AND (CURRENT_DATE + INTERVAL '102 day') ORDER BY c.end_date ASC LIMIT 100","SQL","","1"
"Tìm phòng ở Gò Vấp từ 3500000 đến 5500000","SELECT r.id AS room_id, r.name, r.price, r.area, r.type, r.images, p.name AS property_name, p.address, p.district FROM rooms r JOIN properties p ON r.property_id = p.id WHERE r.status = 'AVAILABLE' AND p.status = 'APPROVED' AND p.district LIKE '%Gò%Vấp%' AND r.price BETWEEN 3500000 AND 5500000 ORDER BY r.price ASC LIMIT 10","SQL","","1"
"Tìm phòng loại SINGLE_ROOM ở Gò Vấp (v1)","SELECT r.id AS room_id, r.name, r.price, r.area, r.type, r.images, p.name AS property_name, p.address, p.district FROM rooms r JOIN properties p ON r.property_id = p.id WHERE r.status = 'AVAILABLE' AND p.status = 'APPROVED' AND p.district LIKE '%Gò%Vấp%' AND r.type = 'SINGLE_ROOM' ORDER BY r.price ASC LIMIT 10","SQL","","1"
"Tìm phòng ban công tại Gò Vấp (v1)","SELECT r.id AS room_id, r.name, r.price, r.area, r.type, r.images, p.name AS property_name, p.address, p.district FROM rooms r JOIN properties p ON r.property_id = p.id WHERE r.status = 'AVAILABLE' AND p.status = 'APPROVED' AND p.district LIKE '%Gò%Vấp%' AND LOWER(COALESCE(r.amenities,'')) LIKE '%ban công%' ORDER BY r.price ASC LIMIT 10","SQL","","1"
"Giao dịch blockchain tháng 4 của tôi (v7)","SELECT b.id AS bill_id, b.month, b.year, b.total_amount, b.status, b.payment_tx_hash, r.name AS room_name FROM bills b JOIN contracts c ON b.contract_id = c.id JOIN rooms r ON c.room_id = r.id WHERE c.tenant_id = USER_ID_PLACEHOLDER AND b.month = 4 AND b.payment_tx_hash IS NOT NULL ORDER BY b.year DESC, b.month DESC LIMIT 30","SQL","","1"
"Hóa đơn tháng 5 của tôi (v7)","SELECT b.id AS bill_id, b.month, b.year, b.total_amount, b.status, b.deadline, r.name AS room_name FROM bills b JOIN contracts c ON b.contract_id = c.id JOIN rooms r ON c.room_id = r.id WHERE c.tenant_id = USER_ID_PLACEHOLDER AND b.month = 5 AND b.year = EXTRACT(YEAR FROM CURRENT_DATE)::int ORDER BY b.deadline ASC LIMIT 20","SQL","","1"
"Tôi còn nợ hóa đơn tháng 5 không (v7)","SELECT b.id AS bill_id, b.month, b.year, b.total_amount, b.status, b.deadline, r.name AS room_name FROM bills b JOIN contracts c ON b.contract_id = c.id JOIN rooms r ON c.room_id = r.id WHERE c.tenant_id = USER_ID_PLACEHOLDER AND b.month = 5 AND b.year = EXTRACT(YEAR FROM CURRENT_DATE)::int AND b.status IN ('UNPAID','LATE') ORDER BY b.deadline ASC LIMIT 20","SQL","","1"
"Lịch sử hóa đơn đã thanh toán tháng 5 của tôi (v7)","SELECT b.id AS bill_id, b.month, b.year, b.total_amount, b.status, b.paid_at, r.name AS room_name FROM bills b JOIN contracts c ON b.contract_id = c.id JOIN rooms r ON c.room_id = r.id WHERE c.tenant_id = USER_ID_PLACEHOLDER AND b.month = 5 AND b.year = EXTRACT(YEAR FROM CURRENT_DATE)::int AND b.status = 'PAID' ORDER BY b.paid_at DESC LIMIT 20","SQL","","1"
"Doanh thu đã thu tháng 5 của tôi (v7)","SELECT SUM(b.total_amount) AS total_revenue, COUNT(b.id) AS total_paid_bills, b.month, b.year FROM bills b JOIN contracts c ON b.contract_id = c.id JOIN rooms r ON c.room_id = r.id JOIN properties p ON r.property_id = p.id WHERE p.landlord_id = USER_ID_PLACEHOLDER AND b.status = 'PAID' AND b.month = 5 AND b.year = EXTRACT(YEAR FROM CURRENT_DATE)::int GROUP BY b.month, b.year","SQL","","1"
"Danh sách khách nợ tiền tháng 5 (v7)","SELECT u.full_name AS tenant_name, u.phone_number, r.name AS room_name, p.name AS property_name, b.total_amount, b.status AS bill_status, b.deadline FROM bills b JOIN contracts c ON b.contract_id = c.id JOIN rooms r ON c.room_id = r.id JOIN properties p ON r.property_id = p.id JOIN users u ON c.tenant_id = u.id WHERE p.landlord_id = USER_ID_PLACEHOLDER AND c.status = 'ACTIVE' AND b.month = 5 AND b.year = EXTRACT(YEAR FROM CURRENT_DATE)::int AND b.status IN ('UNPAID','LATE') ORDER BY b.deadline ASC LIMIT 100","SQL","","1"
"Hợp đồng active sắp hết hạn trong 103 ngày","SELECT c.id AS contract_id, c.end_date, (c.end_date::date - CURRENT_DATE) AS days_remaining, u.full_name AS tenant_name, r.name AS room_name, p.name AS property_name FROM contracts c JOIN rooms r ON c.room_id = r.id JOIN properties p ON r.property_id = p.id JOIN users u ON c.tenant_id = u.id WHERE p.landlord_id = USER_ID_PLACEHOLDER AND c.status = 'ACTIVE' AND c.end_date BETWEEN CURRENT_DATE AND (CURRENT_DATE + INTERVAL '103 day') ORDER BY c.end_date ASC LIMIT 100","SQL","","1"
"Tìm phòng ở Bình Thạnh từ 4000000 đến 6000000","SELECT r.id AS room_id, r.name, r.price, r.area, r.type, r.images, p.name AS property_name, p.address, p.district FROM rooms r JOIN properties p ON r.property_id = p.id WHERE r.status = 'AVAILABLE' AND p.status = 'APPROVED' AND p.district LIKE '%Bình%Thạnh%' AND r.price BETWEEN 4000000 AND 6000000 ORDER BY r.price ASC LIMIT 10","SQL","","1"
"Tìm phòng loại SHARED_ROOM ở Bình Thạnh (v1)","SELECT r.id AS room_id, r.name, r.price, r.area, r.type, r.images, p.name AS property_name, p.address, p.district FROM rooms r JOIN properties p ON r.property_id = p.id WHERE r.status = 'AVAILABLE' AND p.status = 'APPROVED' AND p.district LIKE '%Bình%Thạnh%' AND r.type = 'SHARED_ROOM' ORDER BY r.price ASC LIMIT 10","SQL","","1"
"Tìm phòng nội thất tại Bình Thạnh (v1)","SELECT r.id AS room_id, r.name, r.price, r.area, r.type, r.images, p.name AS property_name, p.address, p.district FROM rooms r JOIN properties p ON r.property_id = p.id WHERE r.status = 'AVAILABLE' AND p.status = 'APPROVED' AND p.district LIKE '%Bình%Thạnh%' AND LOWER(COALESCE(r.amenities,'')) LIKE '%nội thất%' ORDER BY r.price ASC LIMIT 10","SQL","","1"
"Giao dịch blockchain tháng 5 của tôi (v7)","SELECT b.id AS bill_id, b.month, b.year, b.total_amount, b.status, b.payment_tx_hash, r.name AS room_name FROM bills b JOIN contracts c ON b.contract_id = c.id JOIN rooms r ON c.room_id = r.id WHERE c.tenant_id = USER_ID_PLACEHOLDER AND b.month = 5 AND b.payment_tx_hash IS NOT NULL ORDER BY b.year DESC, b.month DESC LIMIT 30","SQL","","1"
"Hóa đơn tháng 6 của tôi (v7)","SELECT b.id AS bill_id, b.month, b.year, b.total_amount, b.status, b.deadline, r.name AS room_name FROM bills b JOIN contracts c ON b.contract_id = c.id JOIN rooms r ON c.room_id = r.id WHERE c.tenant_id = USER_ID_PLACEHOLDER AND b.month = 6 AND b.year = EXTRACT(YEAR FROM CURRENT_DATE)::int ORDER BY b.deadline ASC LIMIT 20","SQL","","1"
"Tôi còn nợ hóa đơn tháng 6 không (v7)","SELECT b.id AS bill_id, b.month, b.year, b.total_amount, b.status, b.deadline, r.name AS room_name FROM bills b JOIN contracts c ON b.contract_id = c.id JOIN rooms r ON c.room_id = r.id WHERE c.tenant_id = USER_ID_PLACEHOLDER AND b.month = 6 AND b.year = EXTRACT(YEAR FROM CURRENT_DATE)::int AND b.status IN ('UNPAID','LATE') ORDER BY b.deadline ASC LIMIT 20","SQL","","1"
"Lịch sử hóa đơn đã thanh toán tháng 6 của tôi (v7)","SELECT b.id AS bill_id, b.month, b.year, b.total_amount, b.status, b.paid_at, r.name AS room_name FROM bills b JOIN contracts c ON b.contract_id = c.id JOIN rooms r ON c.room_id = r.id WHERE c.tenant_id = USER_ID_PLACEHOLDER AND b.month = 6 AND b.year = EXTRACT(YEAR FROM CURRENT_DATE)::int AND b.status = 'PAID' ORDER BY b.paid_at DESC LIMIT 20","SQL","","1"
"Doanh thu đã thu tháng 6 của tôi (v7)","SELECT SUM(b.total_amount) AS total_revenue, COUNT(b.id) AS total_paid_bills, b.month, b.year FROM bills b JOIN contracts c ON b.contract_id = c.id JOIN rooms r ON c.room_id = r.id JOIN properties p ON r.property_id = p.id WHERE p.landlord_id = USER_ID_PLACEHOLDER AND b.status = 'PAID' AND b.month = 6 AND b.year = EXTRACT(YEAR FROM CURRENT_DATE)::int GROUP BY b.month, b.year","SQL","","1"
"Danh sách khách nợ tiền tháng 6 (v7)","SELECT u.full_name AS tenant_name, u.phone_number, r.name AS room_name, p.name AS property_name, b.total_amount, b.status AS bill_status, b.deadline FROM bills b JOIN contracts c ON b.contract_id = c.id JOIN rooms r ON c.room_id = r.id JOIN properties p ON r.property_id = p.id JOIN users u ON c.tenant_id = u.id WHERE p.landlord_id = USER_ID_PLACEHOLDER AND c.status = 'ACTIVE' AND b.month = 6 AND b.year = EXTRACT(YEAR FROM CURRENT_DATE)::int AND b.status IN ('UNPAID','LATE') ORDER BY b.deadline ASC LIMIT 100","SQL","","1"
"Hợp đồng active sắp hết hạn trong 104 ngày","SELECT c.id AS contract_id, c.end_date, (c.end_date::date - CURRENT_DATE) AS days_remaining, u.full_name AS tenant_name, r.name AS room_name, p.name AS property_name FROM contracts c JOIN rooms r ON c.room_id = r.id JOIN properties p ON r.property_id = p.id JOIN users u ON c.tenant_id = u.id WHERE p.landlord_id = USER_ID_PLACEHOLDER AND c.status = 'ACTIVE' AND c.end_date BETWEEN CURRENT_DATE AND (CURRENT_DATE + INTERVAL '104 day') ORDER BY c.end_date ASC LIMIT 100","SQL","","1"
"Tìm phòng ở Tân Bình từ 4500000 đến 6500000","SELECT r.id AS room_id, r.name, r.price, r.area, r.type, r.images, p.name AS property_name, p.address, p.district FROM rooms r JOIN properties p ON r.property_id = p.id WHERE r.status = 'AVAILABLE' AND p.status = 'APPROVED' AND p.district LIKE '%Tân%Bình%' AND r.price BETWEEN 4500000 AND 6500000 ORDER BY r.price ASC LIMIT 10","SQL","","1"
"Tìm phòng loại MEZZANINE_ROOM ở Tân Bình (v1)","SELECT r.id AS room_id, r.name, r.price, r.area, r.type, r.images, p.name AS property_name, p.address, p.district FROM rooms r JOIN properties p ON r.property_id = p.id WHERE r.status = 'AVAILABLE' AND p.status = 'APPROVED' AND p.district LIKE '%Tân%Bình%' AND r.type = 'MEZZANINE_ROOM' ORDER BY r.price ASC LIMIT 10","SQL","","1"
"Tìm phòng wifi tại Tân Bình (v1)","SELECT r.id AS room_id, r.name, r.price, r.area, r.type, r.images, p.name AS property_name, p.address, p.district FROM rooms r JOIN properties p ON r.property_id = p.id WHERE r.status = 'AVAILABLE' AND p.status = 'APPROVED' AND p.district LIKE '%Tân%Bình%' AND LOWER(COALESCE(r.amenities,'')) LIKE '%wifi%' ORDER BY r.price ASC LIMIT 10","SQL","","1"
"Giao dịch blockchain tháng 6 của tôi (v7)","SELECT b.id AS bill_id, b.month, b.year, b.total_amount, b.status, b.payment_tx_hash, r.name AS room_name FROM bills b JOIN contracts c ON b.contract_id = c.id JOIN rooms r ON c.room_id = r.id WHERE c.tenant_id = USER_ID_PLACEHOLDER AND b.month = 6 AND b.payment_tx_hash IS NOT NULL ORDER BY b.year DESC, b.month DESC LIMIT 30","SQL","","1"
"Hóa đơn tháng 7 của tôi (v7)","SELECT b.id AS bill_id, b.month, b.year, b.total_amount, b.status, b.deadline, r.name AS room_name FROM bills b JOIN contracts c ON b.contract_id = c.id JOIN rooms r ON c.room_id = r.id WHERE c.tenant_id = USER_ID_PLACEHOLDER AND b.month = 7 AND b.year = EXTRACT(YEAR FROM CURRENT_DATE)::int ORDER BY b.deadline ASC LIMIT 20","SQL","","1"
"Tôi còn nợ hóa đơn tháng 7 không (v7)","SELECT b.id AS bill_id, b.month, b.year, b.total_amount, b.status, b.deadline, r.name AS room_name FROM bills b JOIN contracts c ON b.contract_id = c.id JOIN rooms r ON c.room_id = r.id WHERE c.tenant_id = USER_ID_PLACEHOLDER AND b.month = 7 AND b.year = EXTRACT(YEAR FROM CURRENT_DATE)::int AND b.status IN ('UNPAID','LATE') ORDER BY b.deadline ASC LIMIT 20","SQL","","1"
"Lịch sử hóa đơn đã thanh toán tháng 7 của tôi (v7)","SELECT b.id AS bill_id, b.month, b.year, b.total_amount, b.status, b.paid_at, r.name AS room_name FROM bills b JOIN contracts c ON b.contract_id = c.id JOIN rooms r ON c.room_id = r.id WHERE c.tenant_id = USER_ID_PLACEHOLDER AND b.month = 7 AND b.year = EXTRACT(YEAR FROM CURRENT_DATE)::int AND b.status = 'PAID' ORDER BY b.paid_at DESC LIMIT 20","SQL","","1"
"Doanh thu đã thu tháng 7 của tôi (v7)","SELECT SUM(b.total_amount) AS total_revenue, COUNT(b.id) AS total_paid_bills, b.month, b.year FROM bills b JOIN contracts c ON b.contract_id = c.id JOIN rooms r ON c.room_id = r.id JOIN properties p ON r.property_id = p.id WHERE p.landlord_id = USER_ID_PLACEHOLDER AND b.status = 'PAID' AND b.month = 7 AND b.year = EXTRACT(YEAR FROM CURRENT_DATE)::int GROUP BY b.month, b.year","SQL","","1"
"Danh sách khách nợ tiền tháng 7 (v7)","SELECT u.full_name AS tenant_name, u.phone_number, r.name AS room_name, p.name AS property_name, b.total_amount, b.status AS bill_status, b.deadline FROM bills b JOIN contracts c ON b.contract_id = c.id JOIN rooms r ON c.room_id = r.id JOIN properties p ON r.property_id = p.id JOIN users u ON c.tenant_id = u.id WHERE p.landlord_id = USER_ID_PLACEHOLDER AND c.status = 'ACTIVE' AND b.month = 7 AND b.year = EXTRACT(YEAR FROM CURRENT_DATE)::int AND b.status IN ('UNPAID','LATE') ORDER BY b.deadline ASC LIMIT 100","SQL","","1"
"Hợp đồng active sắp hết hạn trong 15 ngày (v1)","SELECT c.id AS contract_id, c.end_date, (c.end_date::date - CURRENT_DATE) AS days_remaining, u.full_name AS tenant_name, r.name AS room_name, p.name AS property_name FROM contracts c JOIN rooms r ON c.room_id = r.id JOIN properties p ON r.property_id = p.id JOIN users u ON c.tenant_id = u.id WHERE p.landlord_id = USER_ID_PLACEHOLDER AND c.status = 'ACTIVE' AND c.end_date BETWEEN CURRENT_DATE AND (CURRENT_DATE + INTERVAL '15 day') ORDER BY c.end_date ASC LIMIT 100","SQL","","1"
"Tìm phòng ở Thủ Đức từ 5000000 đến 7000000","SELECT r.id AS room_id, r.name, r.price, r.area, r.type, r.images, p.name AS property_name, p.address, p.district FROM rooms r JOIN properties p ON r.property_id = p.id WHERE r.status = 'AVAILABLE' AND p.status = 'APPROVED' AND p.district LIKE '%Thủ%Đức%' AND r.price BETWEEN 5000000 AND 7000000 ORDER BY r.price ASC LIMIT 10","SQL","","1"
"Tìm phòng loại STUDIO ở Thủ Đức (v1)","SELECT r.id AS room_id, r.name, r.price, r.area, r.type, r.images, p.name AS property_name, p.address, p.district FROM rooms r JOIN properties p ON r.property_id = p.id WHERE r.status = 'AVAILABLE' AND p.status = 'APPROVED' AND p.district LIKE '%Thủ%Đức%' AND r.type = 'STUDIO' ORDER BY r.price ASC LIMIT 10","SQL","","1"
"Tìm phòng máy lạnh tại Thủ Đức (v1)","SELECT r.id AS room_id, r.name, r.price, r.area, r.type, r.images, p.name AS property_name, p.address, p.district FROM rooms r JOIN properties p ON r.property_id = p.id WHERE r.status = 'AVAILABLE' AND p.status = 'APPROVED' AND p.district LIKE '%Thủ%Đức%' AND LOWER(COALESCE(r.amenities,'')) LIKE '%máy lạnh%' ORDER BY r.price ASC LIMIT 10","SQL","","1"
"Giao dịch blockchain tháng 7 của tôi (v7)","SELECT b.id AS bill_id, b.month, b.year, b.total_amount, b.status, b.payment_tx_hash, r.name AS room_name FROM bills b JOIN contracts c ON b.contract_id = c.id JOIN rooms r ON c.room_id = r.id WHERE c.tenant_id = USER_ID_PLACEHOLDER AND b.month = 7 AND b.payment_tx_hash IS NOT NULL ORDER BY b.year DESC, b.month DESC LIMIT 30","SQL","","1"
"Hóa đơn tháng 8 của tôi (v7)","SELECT b.id AS bill_id, b.month, b.year, b.total_amount, b.status, b.deadline, r.name AS room_name FROM bills b JOIN contracts c ON b.contract_id = c.id JOIN rooms r ON c.room_id = r.id WHERE c.tenant_id = USER_ID_PLACEHOLDER AND b.month = 8 AND b.year = EXTRACT(YEAR FROM CURRENT_DATE)::int ORDER BY b.deadline ASC LIMIT 20","SQL","","1"
"Tôi còn nợ hóa đơn tháng 8 không (v7)","SELECT b.id AS bill_id, b.month, b.year, b.total_amount, b.status, b.deadline, r.name AS room_name FROM bills b JOIN contracts c ON b.contract_id = c.id JOIN rooms r ON c.room_id = r.id WHERE c.tenant_id = USER_ID_PLACEHOLDER AND b.month = 8 AND b.year = EXTRACT(YEAR FROM CURRENT_DATE)::int AND b.status IN ('UNPAID','LATE') ORDER BY b.deadline ASC LIMIT 20","SQL","","1"
"Lịch sử hóa đơn đã thanh toán tháng 8 của tôi (v7)","SELECT b.id AS bill_id, b.month, b.year, b.total_amount, b.status, b.paid_at, r.name AS room_name FROM bills b JOIN contracts c ON b.contract_id = c.id JOIN rooms r ON c.room_id = r.id WHERE c.tenant_id = USER_ID_PLACEHOLDER AND b.month = 8 AND b.year = EXTRACT(YEAR FROM CURRENT_DATE)::int AND b.status = 'PAID' ORDER BY b.paid_at DESC LIMIT 20","SQL","","1"
"Doanh thu đã thu tháng 8 của tôi (v7)","SELECT SUM(b.total_amount) AS total_revenue, COUNT(b.id) AS total_paid_bills, b.month, b.year FROM bills b JOIN contracts c ON b.contract_id = c.id JOIN rooms r ON c.room_id = r.id JOIN properties p ON r.property_id = p.id WHERE p.landlord_id = USER_ID_PLACEHOLDER AND b.status = 'PAID' AND b.month = 8 AND b.year = EXTRACT(YEAR FROM CURRENT_DATE)::int GROUP BY b.month, b.year","SQL","","1"
"Danh sách khách nợ tiền tháng 8 (v7)","SELECT u.full_name AS tenant_name, u.phone_number, r.name AS room_name, p.name AS property_name, b.total_amount, b.status AS bill_status, b.deadline FROM bills b JOIN contracts c ON b.contract_id = c.id JOIN rooms r ON c.room_id = r.id JOIN properties p ON r.property_id = p.id JOIN users u ON c.tenant_id = u.id WHERE p.landlord_id = USER_ID_PLACEHOLDER AND c.status = 'ACTIVE' AND b.month = 8 AND b.year = EXTRACT(YEAR FROM CURRENT_DATE)::int AND b.status IN ('UNPAID','LATE') ORDER BY b.deadline ASC LIMIT 100","SQL","","1"
"Hợp đồng active sắp hết hạn trong 16 ngày (v1)","SELECT c.id AS contract_id, c.end_date, (c.end_date::date - CURRENT_DATE) AS days_remaining, u.full_name AS tenant_name, r.name AS room_name, p.name AS property_name FROM contracts c JOIN rooms r ON c.room_id = r.id JOIN properties p ON r.property_id = p.id JOIN users u ON c.tenant_id = u.id WHERE p.landlord_id = USER_ID_PLACEHOLDER AND c.status = 'ACTIVE' AND c.end_date BETWEEN CURRENT_DATE AND (CURRENT_DATE + INTERVAL '16 day') ORDER BY c.end_date ASC LIMIT 100","SQL","","1"
"Tìm phòng ở Phú Nhuận từ 2000000 đến 4000000","SELECT r.id AS room_id, r.name, r.price, r.area, r.type, r.images, p.name AS property_name, p.address, p.district FROM rooms r JOIN properties p ON r.property_id = p.id WHERE r.status = 'AVAILABLE' AND p.status = 'APPROVED' AND p.district LIKE '%Phú%Nhuận%' AND r.price BETWEEN 2000000 AND 4000000 ORDER BY r.price ASC LIMIT 10","SQL","","1"
"Tìm phòng loại ONE_BEDROOM ở Phú Nhuận (v1)","SELECT r.id AS room_id, r.name, r.price, r.area, r.type, r.images, p.name AS property_name, p.address, p.district FROM rooms r JOIN properties p ON r.property_id = p.id WHERE r.status = 'AVAILABLE' AND p.status = 'APPROVED' AND p.district LIKE '%Phú%Nhuận%' AND r.type = 'ONE_BEDROOM' ORDER BY r.price ASC LIMIT 10","SQL","","1"
"Tìm phòng gác lửng tại Phú Nhuận (v1)","SELECT r.id AS room_id, r.name, r.price, r.area, r.type, r.images, p.name AS property_name, p.address, p.district FROM rooms r JOIN properties p ON r.property_id = p.id WHERE r.status = 'AVAILABLE' AND p.status = 'APPROVED' AND p.district LIKE '%Phú%Nhuận%' AND LOWER(COALESCE(r.amenities,'')) LIKE '%gác lửng%' ORDER BY r.price ASC LIMIT 10","SQL","","1"
"Giao dịch blockchain tháng 8 của tôi (v7)","SELECT b.id AS bill_id, b.month, b.year, b.total_amount, b.status, b.payment_tx_hash, r.name AS room_name FROM bills b JOIN contracts c ON b.contract_id = c.id JOIN rooms r ON c.room_id = r.id WHERE c.tenant_id = USER_ID_PLACEHOLDER AND b.month = 8 AND b.payment_tx_hash IS NOT NULL ORDER BY b.year DESC, b.month DESC LIMIT 30","SQL","","1"
"Hóa đơn tháng 9 của tôi (v7)","SELECT b.id AS bill_id, b.month, b.year, b.total_amount, b.status, b.deadline, r.name AS room_name FROM bills b JOIN contracts c ON b.contract_id = c.id JOIN rooms r ON c.room_id = r.id WHERE c.tenant_id = USER_ID_PLACEHOLDER AND b.month = 9 AND b.year = EXTRACT(YEAR FROM CURRENT_DATE)::int ORDER BY b.deadline ASC LIMIT 20","SQL","","1"
"Tôi còn nợ hóa đơn tháng 9 không (v7)","SELECT b.id AS bill_id, b.month, b.year, b.total_amount, b.status, b.deadline, r.name AS room_name FROM bills b JOIN contracts c ON b.contract_id = c.id JOIN rooms r ON c.room_id = r.id WHERE c.tenant_id = USER_ID_PLACEHOLDER AND b.month = 9 AND b.year = EXTRACT(YEAR FROM CURRENT_DATE)::int AND b.status IN ('UNPAID','LATE') ORDER BY b.deadline ASC LIMIT 20","SQL","","1"
"Lịch sử hóa đơn đã thanh toán tháng 9 của tôi (v7)","SELECT b.id AS bill_id, b.month, b.year, b.total_amount, b.status, b.paid_at, r.name AS room_name FROM bills b JOIN contracts c ON b.contract_id = c.id JOIN rooms r ON c.room_id = r.id WHERE c.tenant_id = USER_ID_PLACEHOLDER AND b.month = 9 AND b.year = EXTRACT(YEAR FROM CURRENT_DATE)::int AND b.status = 'PAID' ORDER BY b.paid_at DESC LIMIT 20","SQL","","1"
"Doanh thu đã thu tháng 9 của tôi (v7)","SELECT SUM(b.total_amount) AS total_revenue, COUNT(b.id) AS total_paid_bills, b.month, b.year FROM bills b JOIN contracts c ON b.contract_id = c.id JOIN rooms r ON c.room_id = r.id JOIN properties p ON r.property_id = p.id WHERE p.landlord_id = USER_ID_PLACEHOLDER AND b.status = 'PAID' AND b.month = 9 AND b.year = EXTRACT(YEAR FROM CURRENT_DATE)::int GROUP BY b.month, b.year","SQL","","1"
"Danh sách khách nợ tiền tháng 9 (v7)","SELECT u.full_name AS tenant_name, u.phone_number, r.name AS room_name, p.name AS property_name, b.total_amount, b.status AS bill_status, b.deadline FROM bills b JOIN contracts c ON b.contract_id = c.id JOIN rooms r ON c.room_id = r.id JOIN properties p ON r.property_id = p.id JOIN users u ON c.tenant_id = u.id WHERE p.landlord_id = USER_ID_PLACEHOLDER AND c.status = 'ACTIVE' AND b.month = 9 AND b.year = EXTRACT(YEAR FROM CURRENT_DATE)::int AND b.status IN ('UNPAID','LATE') ORDER BY b.deadline ASC LIMIT 100","SQL","","1"
"Hợp đồng active sắp hết hạn trong 17 ngày (v1)","SELECT c.id AS contract_id, c.end_date, (c.end_date::date - CURRENT_DATE) AS days_remaining, u.full_name AS tenant_name, r.name AS room_name, p.name AS property_name FROM contracts c JOIN rooms r ON c.room_id = r.id JOIN properties p ON r.property_id = p.id JOIN users u ON c.tenant_id = u.id WHERE p.landlord_id = USER_ID_PLACEHOLDER AND c.status = 'ACTIVE' AND c.end_date BETWEEN CURRENT_DATE AND (CURRENT_DATE + INTERVAL '17 day') ORDER BY c.end_date ASC LIMIT 100","SQL","","1"
"Tìm phòng ở Bình Tân từ 2500000 đến 4500000","SELECT r.id AS room_id, r.name, r.price, r.area, r.type, r.images, p.name AS property_name, p.address, p.district FROM rooms r JOIN properties p ON r.property_id = p.id WHERE r.status = 'AVAILABLE' AND p.status = 'APPROVED' AND p.district LIKE '%Bình%Tân%' AND r.price BETWEEN 2500000 AND 4500000 ORDER BY r.price ASC LIMIT 10","SQL","","1"
"Tìm phòng loại TWO_BEDROOM ở Bình Tân (v1)","SELECT r.id AS room_id, r.name, r.price, r.area, r.type, r.images, p.name AS property_name, p.address, p.district FROM rooms r JOIN properties p ON r.property_id = p.id WHERE r.status = 'AVAILABLE' AND p.status = 'APPROVED' AND p.district LIKE '%Bình%Tân%' AND r.type = 'TWO_BEDROOM' ORDER BY r.price ASC LIMIT 10","SQL","","1"
"Tìm phòng ban công tại Bình Tân (v1)","SELECT r.id AS room_id, r.name, r.price, r.area, r.type, r.images, p.name AS property_name, p.address, p.district FROM rooms r JOIN properties p ON r.property_id = p.id WHERE r.status = 'AVAILABLE' AND p.status = 'APPROVED' AND p.district LIKE '%Bình%Tân%' AND LOWER(COALESCE(r.amenities,'')) LIKE '%ban công%' ORDER BY r.price ASC LIMIT 10","SQL","","1"
"Giao dịch blockchain tháng 9 của tôi (v7)","SELECT b.id AS bill_id, b.month, b.year, b.total_amount, b.status, b.payment_tx_hash, r.name AS room_name FROM bills b JOIN contracts c ON b.contract_id = c.id JOIN rooms r ON c.room_id = r.id WHERE c.tenant_id = USER_ID_PLACEHOLDER AND b.month = 9 AND b.payment_tx_hash IS NOT NULL ORDER BY b.year DESC, b.month DESC LIMIT 30","SQL","","1"
"Hóa đơn tháng 10 của tôi (v7)","SELECT b.id AS bill_id, b.month, b.year, b.total_amount, b.status, b.deadline, r.name AS room_name FROM bills b JOIN contracts c ON b.contract_id = c.id JOIN rooms r ON c.room_id = r.id WHERE c.tenant_id = USER_ID_PLACEHOLDER AND b.month = 10 AND b.year = EXTRACT(YEAR FROM CURRENT_DATE)::int ORDER BY b.deadline ASC LIMIT 20","SQL","","1"
"Tôi còn nợ hóa đơn tháng 10 không (v7)","SELECT b.id AS bill_id, b.month, b.year, b.total_amount, b.status, b.deadline, r.name AS room_name FROM bills b JOIN contracts c ON b.contract_id = c.id JOIN rooms r ON c.room_id = r.id WHERE c.tenant_id = USER_ID_PLACEHOLDER AND b.month = 10 AND b.year = EXTRACT(YEAR FROM CURRENT_DATE)::int AND b.status IN ('UNPAID','LATE') ORDER BY b.deadline ASC LIMIT 20","SQL","","1"
"Lịch sử hóa đơn đã thanh toán tháng 10 của tôi (v7)","SELECT b.id AS bill_id, b.month, b.year, b.total_amount, b.status, b.paid_at, r.name AS room_name FROM bills b JOIN contracts c ON b.contract_id = c.id JOIN rooms r ON c.room_id = r.id WHERE c.tenant_id = USER_ID_PLACEHOLDER AND b.month = 10 AND b.year = EXTRACT(YEAR FROM CURRENT_DATE)::int AND b.status = 'PAID' ORDER BY b.paid_at DESC LIMIT 20","SQL","","1"
"Doanh thu đã thu tháng 10 của tôi (v7)","SELECT SUM(b.total_amount) AS total_revenue, COUNT(b.id) AS total_paid_bills, b.month, b.year FROM bills b JOIN contracts c ON b.contract_id = c.id JOIN rooms r ON c.room_id = r.id JOIN properties p ON r.property_id = p.id WHERE p.landlord_id = USER_ID_PLACEHOLDER AND b.status = 'PAID' AND b.month = 10 AND b.year = EXTRACT(YEAR FROM CURRENT_DATE)::int GROUP BY b.month, b.year","SQL","","1"
"Danh sách khách nợ tiền tháng 10 (v7)","SELECT u.full_name AS tenant_name, u.phone_number, r.name AS room_name, p.name AS property_name, b.total_amount, b.status AS bill_status, b.deadline FROM bills b JOIN contracts c ON b.contract_id = c.id JOIN rooms r ON c.room_id = r.id JOIN properties p ON r.property_id = p.id JOIN users u ON c.tenant_id = u.id WHERE p.landlord_id = USER_ID_PLACEHOLDER AND c.status = 'ACTIVE' AND b.month = 10 AND b.year = EXTRACT(YEAR FROM CURRENT_DATE)::int AND b.status IN ('UNPAID','LATE') ORDER BY b.deadline ASC LIMIT 100","SQL","","1"
"Hợp đồng active sắp hết hạn trong 18 ngày (v1)","SELECT c.id AS contract_id, c.end_date, (c.end_date::date - CURRENT_DATE) AS days_remaining, u.full_name AS tenant_name, r.name AS room_name, p.name AS property_name FROM contracts c JOIN rooms r ON c.room_id = r.id JOIN properties p ON r.property_id = p.id JOIN users u ON c.tenant_id = u.id WHERE p.landlord_id = USER_ID_PLACEHOLDER AND c.status = 'ACTIVE' AND c.end_date BETWEEN CURRENT_DATE AND (CURRENT_DATE + INTERVAL '18 day') ORDER BY c.end_date ASC LIMIT 100","SQL","","1"
"Tìm phòng ở Bình Chánh từ 3000000 đến 5000000","SELECT r.id AS room_id, r.name, r.price, r.area, r.type, r.images, p.name AS property_name, p.address, p.district FROM rooms r JOIN properties p ON r.property_id = p.id WHERE r.status = 'AVAILABLE' AND p.status = 'APPROVED' AND p.district LIKE '%Bình%Chánh%' AND r.price BETWEEN 3000000 AND 5000000 ORDER BY r.price ASC LIMIT 10","SQL","","1"
"Tìm phòng loại SINGLE_ROOM ở Bình Chánh (v1)","SELECT r.id AS room_id, r.name, r.price, r.area, r.type, r.images, p.name AS property_name, p.address, p.district FROM rooms r JOIN properties p ON r.property_id = p.id WHERE r.status = 'AVAILABLE' AND p.status = 'APPROVED' AND p.district LIKE '%Bình%Chánh%' AND r.type = 'SINGLE_ROOM' ORDER BY r.price ASC LIMIT 10","SQL","","1"
"Tìm phòng nội thất tại Bình Chánh (v1)","SELECT r.id AS room_id, r.name, r.price, r.area, r.type, r.images, p.name AS property_name, p.address, p.district FROM rooms r JOIN properties p ON r.property_id = p.id WHERE r.status = 'AVAILABLE' AND p.status = 'APPROVED' AND p.district LIKE '%Bình%Chánh%' AND LOWER(COALESCE(r.amenities,'')) LIKE '%nội thất%' ORDER BY r.price ASC LIMIT 10","SQL","","1"
"Giao dịch blockchain tháng 10 của tôi (v7)","SELECT b.id AS bill_id, b.month, b.year, b.total_amount, b.status, b.payment_tx_hash, r.name AS room_name FROM bills b JOIN contracts c ON b.contract_id = c.id JOIN rooms r ON c.room_id = r.id WHERE c.tenant_id = USER_ID_PLACEHOLDER AND b.month = 10 AND b.payment_tx_hash IS NOT NULL ORDER BY b.year DESC, b.month DESC LIMIT 30","SQL","","1"
"Hóa đơn tháng 11 của tôi (v7)","SELECT b.id AS bill_id, b.month, b.year, b.total_amount, b.status, b.deadline, r.name AS room_name FROM bills b JOIN contracts c ON b.contract_id = c.id JOIN rooms r ON c.room_id = r.id WHERE c.tenant_id = USER_ID_PLACEHOLDER AND b.month = 11 AND b.year = EXTRACT(YEAR FROM CURRENT_DATE)::int ORDER BY b.deadline ASC LIMIT 20","SQL","","1"
"Tôi còn nợ hóa đơn tháng 11 không (v7)","SELECT b.id AS bill_id, b.month, b.year, b.total_amount, b.status, b.deadline, r.name AS room_name FROM bills b JOIN contracts c ON b.contract_id = c.id JOIN rooms r ON c.room_id = r.id WHERE c.tenant_id = USER_ID_PLACEHOLDER AND b.month = 11 AND b.year = EXTRACT(YEAR FROM CURRENT_DATE)::int AND b.status IN ('UNPAID','LATE') ORDER BY b.deadline ASC LIMIT 20","SQL","","1"
"Lịch sử hóa đơn đã thanh toán tháng 11 của tôi (v7)","SELECT b.id AS bill_id, b.month, b.year, b.total_amount, b.status, b.paid_at, r.name AS room_name FROM bills b JOIN contracts c ON b.contract_id = c.id JOIN rooms r ON c.room_id = r.id WHERE c.tenant_id = USER_ID_PLACEHOLDER AND b.month = 11 AND b.year = EXTRACT(YEAR FROM CURRENT_DATE)::int AND b.status = 'PAID' ORDER BY b.paid_at DESC LIMIT 20","SQL","","1"
"Doanh thu đã thu tháng 11 của tôi (v7)","SELECT SUM(b.total_amount) AS total_revenue, COUNT(b.id) AS total_paid_bills, b.month, b.year FROM bills b JOIN contracts c ON b.contract_id = c.id JOIN rooms r ON c.room_id = r.id JOIN properties p ON r.property_id = p.id WHERE p.landlord_id = USER_ID_PLACEHOLDER AND b.status = 'PAID' AND b.month = 11 AND b.year = EXTRACT(YEAR FROM CURRENT_DATE)::int GROUP BY b.month, b.year","SQL","","1"
"Danh sách khách nợ tiền tháng 11 (v7)","SELECT u.full_name AS tenant_name, u.phone_number, r.name AS room_name, p.name AS property_name, b.total_amount, b.status AS bill_status, b.deadline FROM bills b JOIN contracts c ON b.contract_id = c.id JOIN rooms r ON c.room_id = r.id JOIN properties p ON r.property_id = p.id JOIN users u ON c.tenant_id = u.id WHERE p.landlord_id = USER_ID_PLACEHOLDER AND c.status = 'ACTIVE' AND b.month = 11 AND b.year = EXTRACT(YEAR FROM CURRENT_DATE)::int AND b.status IN ('UNPAID','LATE') ORDER BY b.deadline ASC LIMIT 100","SQL","","1"
"Hợp đồng active sắp hết hạn trong 19 ngày (v1)","SELECT c.id AS contract_id, c.end_date, (c.end_date::date - CURRENT_DATE) AS days_remaining, u.full_name AS tenant_name, r.name AS room_name, p.name AS property_name FROM contracts c JOIN rooms r ON c.room_id = r.id JOIN properties p ON r.property_id = p.id JOIN users u ON c.tenant_id = u.id WHERE p.landlord_id = USER_ID_PLACEHOLDER AND c.status = 'ACTIVE' AND c.end_date BETWEEN CURRENT_DATE AND (CURRENT_DATE + INTERVAL '19 day') ORDER BY c.end_date ASC LIMIT 100","SQL","","1"
"Tìm phòng ở Nhà Bè từ 3500000 đến 5500000","SELECT r.id AS room_id, r.name, r.price, r.area, r.type, r.images, p.name AS property_name, p.address, p.district FROM rooms r JOIN properties p ON r.property_id = p.id WHERE r.status = 'AVAILABLE' AND p.status = 'APPROVED' AND p.district LIKE '%Nhà%Bè%' AND r.price BETWEEN 3500000 AND 5500000 ORDER BY r.price ASC LIMIT 10","SQL","","1"
"Tìm phòng loại SHARED_ROOM ở Nhà Bè (v1)","SELECT r.id AS room_id, r.name, r.price, r.area, r.type, r.images, p.name AS property_name, p.address, p.district FROM rooms r JOIN properties p ON r.property_id = p.id WHERE r.status = 'AVAILABLE' AND p.status = 'APPROVED' AND p.district LIKE '%Nhà%Bè%' AND r.type = 'SHARED_ROOM' ORDER BY r.price ASC LIMIT 10","SQL","","1"
"Tìm phòng wifi tại Nhà Bè (v1)","SELECT r.id AS room_id, r.name, r.price, r.area, r.type, r.images, p.name AS property_name, p.address, p.district FROM rooms r JOIN properties p ON r.property_id = p.id WHERE r.status = 'AVAILABLE' AND p.status = 'APPROVED' AND p.district LIKE '%Nhà%Bè%' AND LOWER(COALESCE(r.amenities,'')) LIKE '%wifi%' ORDER BY r.price ASC LIMIT 10","SQL","","1"
"Giao dịch blockchain tháng 11 của tôi (v7)","SELECT b.id AS bill_id, b.month, b.year, b.total_amount, b.status, b.payment_tx_hash, r.name AS room_name FROM bills b JOIN contracts c ON b.contract_id = c.id JOIN rooms r ON c.room_id = r.id WHERE c.tenant_id = USER_ID_PLACEHOLDER AND b.month = 11 AND b.payment_tx_hash IS NOT NULL ORDER BY b.year DESC, b.month DESC LIMIT 30","SQL","","1"
"Hóa đơn tháng 12 của tôi (v7)","SELECT b.id AS bill_id, b.month, b.year, b.total_amount, b.status, b.deadline, r.name AS room_name FROM bills b JOIN contracts c ON b.contract_id = c.id JOIN rooms r ON c.room_id = r.id WHERE c.tenant_id = USER_ID_PLACEHOLDER AND b.month = 12 AND b.year = EXTRACT(YEAR FROM CURRENT_DATE)::int ORDER BY b.deadline ASC LIMIT 20","SQL","","1"
"Tôi còn nợ hóa đơn tháng 12 không (v7)","SELECT b.id AS bill_id, b.month, b.year, b.total_amount, b.status, b.deadline, r.name AS room_name FROM bills b JOIN contracts c ON b.contract_id = c.id JOIN rooms r ON c.room_id = r.id WHERE c.tenant_id = USER_ID_PLACEHOLDER AND b.month = 12 AND b.year = EXTRACT(YEAR FROM CURRENT_DATE)::int AND b.status IN ('UNPAID','LATE') ORDER BY b.deadline ASC LIMIT 20","SQL","","1"
"Lịch sử hóa đơn đã thanh toán tháng 12 của tôi (v7)","SELECT b.id AS bill_id, b.month, b.year, b.total_amount, b.status, b.paid_at, r.name AS room_name FROM bills b JOIN contracts c ON b.contract_id = c.id JOIN rooms r ON c.room_id = r.id WHERE c.tenant_id = USER_ID_PLACEHOLDER AND b.month = 12 AND b.year = EXTRACT(YEAR FROM CURRENT_DATE)::int AND b.status = 'PAID' ORDER BY b.paid_at DESC LIMIT 20","SQL","","1"
"Doanh thu đã thu tháng 12 của tôi (v7)","SELECT SUM(b.total_amount) AS total_revenue, COUNT(b.id) AS total_paid_bills, b.month, b.year FROM bills b JOIN contracts c ON b.contract_id = c.id JOIN rooms r ON c.room_id = r.id JOIN properties p ON r.property_id = p.id WHERE p.landlord_id = USER_ID_PLACEHOLDER AND b.status = 'PAID' AND b.month = 12 AND b.year = EXTRACT(YEAR FROM CURRENT_DATE)::int GROUP BY b.month, b.year","SQL","","1"
"Danh sách khách nợ tiền tháng 12 (v7)","SELECT u.full_name AS tenant_name, u.phone_number, r.name AS room_name, p.name AS property_name, b.total_amount, b.status AS bill_status, b.deadline FROM bills b JOIN contracts c ON b.contract_id = c.id JOIN rooms r ON c.room_id = r.id JOIN properties p ON r.property_id = p.id JOIN users u ON c.tenant_id = u.id WHERE p.landlord_id = USER_ID_PLACEHOLDER AND c.status = 'ACTIVE' AND b.month = 12 AND b.year = EXTRACT(YEAR FROM CURRENT_DATE)::int AND b.status IN ('UNPAID','LATE') ORDER BY b.deadline ASC LIMIT 100","SQL","","1"
"Hợp đồng active sắp hết hạn trong 20 ngày (v1)","SELECT c.id AS contract_id, c.end_date, (c.end_date::date - CURRENT_DATE) AS days_remaining, u.full_name AS tenant_name, r.name AS room_name, p.name AS property_name FROM contracts c JOIN rooms r ON c.room_id = r.id JOIN properties p ON r.property_id = p.id JOIN users u ON c.tenant_id = u.id WHERE p.landlord_id = USER_ID_PLACEHOLDER AND c.status = 'ACTIVE' AND c.end_date BETWEEN CURRENT_DATE AND (CURRENT_DATE + INTERVAL '20 day') ORDER BY c.end_date ASC LIMIT 100","SQL","","1"
"Tìm phòng ở Hóc Môn từ 4000000 đến 6000000","SELECT r.id AS room_id, r.name, r.price, r.area, r.type, r.images, p.name AS property_name, p.address, p.district FROM rooms r JOIN properties p ON r.property_id = p.id WHERE r.status = 'AVAILABLE' AND p.status = 'APPROVED' AND p.district LIKE '%Hóc%Môn%' AND r.price BETWEEN 4000000 AND 6000000 ORDER BY r.price ASC LIMIT 10","SQL","","1"
"Tìm phòng loại MEZZANINE_ROOM ở Hóc Môn (v1)","SELECT r.id AS room_id, r.name, r.price, r.area, r.type, r.images, p.name AS property_name, p.address, p.district FROM rooms r JOIN properties p ON r.property_id = p.id WHERE r.status = 'AVAILABLE' AND p.status = 'APPROVED' AND p.district LIKE '%Hóc%Môn%' AND r.type = 'MEZZANINE_ROOM' ORDER BY r.price ASC LIMIT 10","SQL","","1"
"Tìm phòng máy lạnh tại Hóc Môn (v1)","SELECT r.id AS room_id, r.name, r.price, r.area, r.type, r.images, p.name AS property_name, p.address, p.district FROM rooms r JOIN properties p ON r.property_id = p.id WHERE r.status = 'AVAILABLE' AND p.status = 'APPROVED' AND p.district LIKE '%Hóc%Môn%' AND LOWER(COALESCE(r.amenities,'')) LIKE '%máy lạnh%' ORDER BY r.price ASC LIMIT 10","SQL","","1"
"Giao dịch blockchain tháng 12 của tôi (v7)","SELECT b.id AS bill_id, b.month, b.year, b.total_amount, b.status, b.payment_tx_hash, r.name AS room_name FROM bills b JOIN contracts c ON b.contract_id = c.id JOIN rooms r ON c.room_id = r.id WHERE c.tenant_id = USER_ID_PLACEHOLDER AND b.month = 12 AND b.payment_tx_hash IS NOT NULL ORDER BY b.year DESC, b.month DESC LIMIT 30","SQL","","1"
"Hóa đơn tháng 1 của tôi (v8)","SELECT b.id AS bill_id, b.month, b.year, b.total_amount, b.status, b.deadline, r.name AS room_name FROM bills b JOIN contracts c ON b.contract_id = c.id JOIN rooms r ON c.room_id = r.id WHERE c.tenant_id = USER_ID_PLACEHOLDER AND b.month = 1 AND b.year = EXTRACT(YEAR FROM CURRENT_DATE)::int ORDER BY b.deadline ASC LIMIT 20","SQL","","1"
"Tôi còn nợ hóa đơn tháng 1 không (v8)","SELECT b.id AS bill_id, b.month, b.year, b.total_amount, b.status, b.deadline, r.name AS room_name FROM bills b JOIN contracts c ON b.contract_id = c.id JOIN rooms r ON c.room_id = r.id WHERE c.tenant_id = USER_ID_PLACEHOLDER AND b.month = 1 AND b.year = EXTRACT(YEAR FROM CURRENT_DATE)::int AND b.status IN ('UNPAID','LATE') ORDER BY b.deadline ASC LIMIT 20","SQL","","1"
"Lịch sử hóa đơn đã thanh toán tháng 1 của tôi (v8)","SELECT b.id AS bill_id, b.month, b.year, b.total_amount, b.status, b.paid_at, r.name AS room_name FROM bills b JOIN contracts c ON b.contract_id = c.id JOIN rooms r ON c.room_id = r.id WHERE c.tenant_id = USER_ID_PLACEHOLDER AND b.month = 1 AND b.year = EXTRACT(YEAR FROM CURRENT_DATE)::int AND b.status = 'PAID' ORDER BY b.paid_at DESC LIMIT 20","SQL","","1"
"Doanh thu đã thu tháng 1 của tôi (v8)","SELECT SUM(b.total_amount) AS total_revenue, COUNT(b.id) AS total_paid_bills, b.month, b.year FROM bills b JOIN contracts c ON b.contract_id = c.id JOIN rooms r ON c.room_id = r.id JOIN properties p ON r.property_id = p.id WHERE p.landlord_id = USER_ID_PLACEHOLDER AND b.status = 'PAID' AND b.month = 1 AND b.year = EXTRACT(YEAR FROM CURRENT_DATE)::int GROUP BY b.month, b.year","SQL","","1"
"Danh sách khách nợ tiền tháng 1 (v8)","SELECT u.full_name AS tenant_name, u.phone_number, r.name AS room_name, p.name AS property_name, b.total_amount, b.status AS bill_status, b.deadline FROM bills b JOIN contracts c ON b.contract_id = c.id JOIN rooms r ON c.room_id = r.id JOIN properties p ON r.property_id = p.id JOIN users u ON c.tenant_id = u.id WHERE p.landlord_id = USER_ID_PLACEHOLDER AND c.status = 'ACTIVE' AND b.month = 1 AND b.year = EXTRACT(YEAR FROM CURRENT_DATE)::int AND b.status IN ('UNPAID','LATE') ORDER BY b.deadline ASC LIMIT 100","SQL","","1"
"Hợp đồng active sắp hết hạn trong 21 ngày (v1)","SELECT c.id AS contract_id, c.end_date, (c.end_date::date - CURRENT_DATE) AS days_remaining, u.full_name AS tenant_name, r.name AS room_name, p.name AS property_name FROM contracts c JOIN rooms r ON c.room_id = r.id JOIN properties p ON r.property_id = p.id JOIN users u ON c.tenant_id = u.id WHERE p.landlord_id = USER_ID_PLACEHOLDER AND c.status = 'ACTIVE' AND c.end_date BETWEEN CURRENT_DATE AND (CURRENT_DATE + INTERVAL '21 day') ORDER BY c.end_date ASC LIMIT 100","SQL","","1"
"Tìm phòng ở Quận 1 từ 4500000 đến 6500000","SELECT r.id AS room_id, r.name, r.price, r.area, r.type, r.images, p.name AS property_name, p.address, p.district FROM rooms r JOIN properties p ON r.property_id = p.id WHERE r.status = 'AVAILABLE' AND p.status = 'APPROVED' AND p.district LIKE '%1%' AND r.price BETWEEN 4500000 AND 6500000 ORDER BY r.price ASC LIMIT 10","SQL","","1"
"Tìm phòng loại STUDIO ở Quận 1 (v2)","SELECT r.id AS room_id, r.name, r.price, r.area, r.type, r.images, p.name AS property_name, p.address, p.district FROM rooms r JOIN properties p ON r.property_id = p.id WHERE r.status = 'AVAILABLE' AND p.status = 'APPROVED' AND p.district LIKE '%1%' AND r.type = 'STUDIO' ORDER BY r.price ASC LIMIT 10","SQL","","1"
"Tìm phòng gác lửng tại Quận 1 (v1)","SELECT r.id AS room_id, r.name, r.price, r.area, r.type, r.images, p.name AS property_name, p.address, p.district FROM rooms r JOIN properties p ON r.property_id = p.id WHERE r.status = 'AVAILABLE' AND p.status = 'APPROVED' AND p.district LIKE '%1%' AND LOWER(COALESCE(r.amenities,'')) LIKE '%gác lửng%' ORDER BY r.price ASC LIMIT 10","SQL","","1"
"Giao dịch blockchain tháng 1 của tôi (v8)","SELECT b.id AS bill_id, b.month, b.year, b.total_amount, b.status, b.payment_tx_hash, r.name AS room_name FROM bills b JOIN contracts c ON b.contract_id = c.id JOIN rooms r ON c.room_id = r.id WHERE c.tenant_id = USER_ID_PLACEHOLDER AND b.month = 1 AND b.payment_tx_hash IS NOT NULL ORDER BY b.year DESC, b.month DESC LIMIT 30","SQL","","1"
"Hóa đơn tháng 2 của tôi (v8)","SELECT b.id AS bill_id, b.month, b.year, b.total_amount, b.status, b.deadline, r.name AS room_name FROM bills b JOIN contracts c ON b.contract_id = c.id JOIN rooms r ON c.room_id = r.id WHERE c.tenant_id = USER_ID_PLACEHOLDER AND b.month = 2 AND b.year = EXTRACT(YEAR FROM CURRENT_DATE)::int ORDER BY b.deadline ASC LIMIT 20","SQL","","1"
"Tôi còn nợ hóa đơn tháng 2 không (v8)","SELECT b.id AS bill_id, b.month, b.year, b.total_amount, b.status, b.deadline, r.name AS room_name FROM bills b JOIN contracts c ON b.contract_id = c.id JOIN rooms r ON c.room_id = r.id WHERE c.tenant_id = USER_ID_PLACEHOLDER AND b.month = 2 AND b.year = EXTRACT(YEAR FROM CURRENT_DATE)::int AND b.status IN ('UNPAID','LATE') ORDER BY b.deadline ASC LIMIT 20","SQL","","1"
"Lịch sử hóa đơn đã thanh toán tháng 2 của tôi (v8)","SELECT b.id AS bill_id, b.month, b.year, b.total_amount, b.status, b.paid_at, r.name AS room_name FROM bills b JOIN contracts c ON b.contract_id = c.id JOIN rooms r ON c.room_id = r.id WHERE c.tenant_id = USER_ID_PLACEHOLDER AND b.month = 2 AND b.year = EXTRACT(YEAR FROM CURRENT_DATE)::int AND b.status = 'PAID' ORDER BY b.paid_at DESC LIMIT 20","SQL","","1"
"Doanh thu đã thu tháng 2 của tôi (v8)","SELECT SUM(b.total_amount) AS total_revenue, COUNT(b.id) AS total_paid_bills, b.month, b.year FROM bills b JOIN contracts c ON b.contract_id = c.id JOIN rooms r ON c.room_id = r.id JOIN properties p ON r.property_id = p.id WHERE p.landlord_id = USER_ID_PLACEHOLDER AND b.status = 'PAID' AND b.month = 2 AND b.year = EXTRACT(YEAR FROM CURRENT_DATE)::int GROUP BY b.month, b.year","SQL","","1"
"Danh sách khách nợ tiền tháng 2 (v8)","SELECT u.full_name AS tenant_name, u.phone_number, r.name AS room_name, p.name AS property_name, b.total_amount, b.status AS bill_status, b.deadline FROM bills b JOIN contracts c ON b.contract_id = c.id JOIN rooms r ON c.room_id = r.id JOIN properties p ON r.property_id = p.id JOIN users u ON c.tenant_id = u.id WHERE p.landlord_id = USER_ID_PLACEHOLDER AND c.status = 'ACTIVE' AND b.month = 2 AND b.year = EXTRACT(YEAR FROM CURRENT_DATE)::int AND b.status IN ('UNPAID','LATE') ORDER BY b.deadline ASC LIMIT 100","SQL","","1"
"Hợp đồng active sắp hết hạn trong 22 ngày (v1)","SELECT c.id AS contract_id, c.end_date, (c.end_date::date - CURRENT_DATE) AS days_remaining, u.full_name AS tenant_name, r.name AS room_name, p.name AS property_name FROM contracts c JOIN rooms r ON c.room_id = r.id JOIN properties p ON r.property_id = p.id JOIN users u ON c.tenant_id = u.id WHERE p.landlord_id = USER_ID_PLACEHOLDER AND c.status = 'ACTIVE' AND c.end_date BETWEEN CURRENT_DATE AND (CURRENT_DATE + INTERVAL '22 day') ORDER BY c.end_date ASC LIMIT 100","SQL","","1"
"Tìm phòng ở Quận 3 từ 5000000 đến 7000000","SELECT r.id AS room_id, r.name, r.price, r.area, r.type, r.images, p.name AS property_name, p.address, p.district FROM rooms r JOIN properties p ON r.property_id = p.id WHERE r.status = 'AVAILABLE' AND p.status = 'APPROVED' AND p.district LIKE '%3%' AND r.price BETWEEN 5000000 AND 7000000 ORDER BY r.price ASC LIMIT 10","SQL","","1"
"Tìm phòng loại ONE_BEDROOM ở Quận 3 (v2)","SELECT r.id AS room_id, r.name, r.price, r.area, r.type, r.images, p.name AS property_name, p.address, p.district FROM rooms r JOIN properties p ON r.property_id = p.id WHERE r.status = 'AVAILABLE' AND p.status = 'APPROVED' AND p.district LIKE '%3%' AND r.type = 'ONE_BEDROOM' ORDER BY r.price ASC LIMIT 10","SQL","","1"
"Tìm phòng ban công tại Quận 3 (v1)","SELECT r.id AS room_id, r.name, r.price, r.area, r.type, r.images, p.name AS property_name, p.address, p.district FROM rooms r JOIN properties p ON r.property_id = p.id WHERE r.status = 'AVAILABLE' AND p.status = 'APPROVED' AND p.district LIKE '%3%' AND LOWER(COALESCE(r.amenities,'')) LIKE '%ban công%' ORDER BY r.price ASC LIMIT 10","SQL","","1"
"Giao dịch blockchain tháng 2 của tôi (v8)","SELECT b.id AS bill_id, b.month, b.year, b.total_amount, b.status, b.payment_tx_hash, r.name AS room_name FROM bills b JOIN contracts c ON b.contract_id = c.id JOIN rooms r ON c.room_id = r.id WHERE c.tenant_id = USER_ID_PLACEHOLDER AND b.month = 2 AND b.payment_tx_hash IS NOT NULL ORDER BY b.year DESC, b.month DESC LIMIT 30","SQL","","1"
"Hóa đơn tháng 3 của tôi (v8)","SELECT b.id AS bill_id, b.month, b.year, b.total_amount, b.status, b.deadline, r.name AS room_name FROM bills b JOIN contracts c ON b.contract_id = c.id JOIN rooms r ON c.room_id = r.id WHERE c.tenant_id = USER_ID_PLACEHOLDER AND b.month = 3 AND b.year = EXTRACT(YEAR FROM CURRENT_DATE)::int ORDER BY b.deadline ASC LIMIT 20","SQL","","1"
"Tôi còn nợ hóa đơn tháng 3 không (v8)","SELECT b.id AS bill_id, b.month, b.year, b.total_amount, b.status, b.deadline, r.name AS room_name FROM bills b JOIN contracts c ON b.contract_id = c.id JOIN rooms r ON c.room_id = r.id WHERE c.tenant_id = USER_ID_PLACEHOLDER AND b.month = 3 AND b.year = EXTRACT(YEAR FROM CURRENT_DATE)::int AND b.status IN ('UNPAID','LATE') ORDER BY b.deadline ASC LIMIT 20","SQL","","1"
"Lịch sử hóa đơn đã thanh toán tháng 3 của tôi (v8)","SELECT b.id AS bill_id, b.month, b.year, b.total_amount, b.status, b.paid_at, r.name AS room_name FROM bills b JOIN contracts c ON b.contract_id = c.id JOIN rooms r ON c.room_id = r.id WHERE c.tenant_id = USER_ID_PLACEHOLDER AND b.month = 3 AND b.year = EXTRACT(YEAR FROM CURRENT_DATE)::int AND b.status = 'PAID' ORDER BY b.paid_at DESC LIMIT 20","SQL","","1"
"Doanh thu đã thu tháng 3 của tôi (v8)","SELECT SUM(b.total_amount) AS total_revenue, COUNT(b.id) AS total_paid_bills, b.month, b.year FROM bills b JOIN contracts c ON b.contract_id = c.id JOIN rooms r ON c.room_id = r.id JOIN properties p ON r.property_id = p.id WHERE p.landlord_id = USER_ID_PLACEHOLDER AND b.status = 'PAID' AND b.month = 3 AND b.year = EXTRACT(YEAR FROM CURRENT_DATE)::int GROUP BY b.month, b.year","SQL","","1"
"Danh sách khách nợ tiền tháng 3 (v8)","SELECT u.full_name AS tenant_name, u.phone_number, r.name AS room_name, p.name AS property_name, b.total_amount, b.status AS bill_status, b.deadline FROM bills b JOIN contracts c ON b.contract_id = c.id JOIN rooms r ON c.room_id = r.id JOIN properties p ON r.property_id = p.id JOIN users u ON c.tenant_id = u.id WHERE p.landlord_id = USER_ID_PLACEHOLDER AND c.status = 'ACTIVE' AND b.month = 3 AND b.year = EXTRACT(YEAR FROM CURRENT_DATE)::int AND b.status IN ('UNPAID','LATE') ORDER BY b.deadline ASC LIMIT 100","SQL","","1"
"Hợp đồng active sắp hết hạn trong 23 ngày (v1)","SELECT c.id AS contract_id, c.end_date, (c.end_date::date - CURRENT_DATE) AS days_remaining, u.full_name AS tenant_name, r.name AS room_name, p.name AS property_name FROM contracts c JOIN rooms r ON c.room_id = r.id JOIN properties p ON r.property_id = p.id JOIN users u ON c.tenant_id = u.id WHERE p.landlord_id = USER_ID_PLACEHOLDER AND c.status = 'ACTIVE' AND c.end_date BETWEEN CURRENT_DATE AND (CURRENT_DATE + INTERVAL '23 day') ORDER BY c.end_date ASC LIMIT 100","SQL","","1"
"Tìm phòng ở Quận 4 từ 2000000 đến 4000000","SELECT r.id AS room_id, r.name, r.price, r.area, r.type, r.images, p.name AS property_name, p.address, p.district FROM rooms r JOIN properties p ON r.property_id = p.id WHERE r.status = 'AVAILABLE' AND p.status = 'APPROVED' AND p.district LIKE '%4%' AND r.price BETWEEN 2000000 AND 4000000 ORDER BY r.price ASC LIMIT 10","SQL","","1"
"Tìm phòng loại TWO_BEDROOM ở Quận 4 (v2)","SELECT r.id AS room_id, r.name, r.price, r.area, r.type, r.images, p.name AS property_name, p.address, p.district FROM rooms r JOIN properties p ON r.property_id = p.id WHERE r.status = 'AVAILABLE' AND p.status = 'APPROVED' AND p.district LIKE '%4%' AND r.type = 'TWO_BEDROOM' ORDER BY r.price ASC LIMIT 10","SQL","","1"
"Tìm phòng nội thất tại Quận 4 (v1)","SELECT r.id AS room_id, r.name, r.price, r.area, r.type, r.images, p.name AS property_name, p.address, p.district FROM rooms r JOIN properties p ON r.property_id = p.id WHERE r.status = 'AVAILABLE' AND p.status = 'APPROVED' AND p.district LIKE '%4%' AND LOWER(COALESCE(r.amenities,'')) LIKE '%nội thất%' ORDER BY r.price ASC LIMIT 10","SQL","","1"
"Giao dịch blockchain tháng 3 của tôi (v8)","SELECT b.id AS bill_id, b.month, b.year, b.total_amount, b.status, b.payment_tx_hash, r.name AS room_name FROM bills b JOIN contracts c ON b.contract_id = c.id JOIN rooms r ON c.room_id = r.id WHERE c.tenant_id = USER_ID_PLACEHOLDER AND b.month = 3 AND b.payment_tx_hash IS NOT NULL ORDER BY b.year DESC, b.month DESC LIMIT 30","SQL","","1"
"Hóa đơn tháng 4 của tôi (v8)","SELECT b.id AS bill_id, b.month, b.year, b.total_amount, b.status, b.deadline, r.name AS room_name FROM bills b JOIN contracts c ON b.contract_id = c.id JOIN rooms r ON c.room_id = r.id WHERE c.tenant_id = USER_ID_PLACEHOLDER AND b.month = 4 AND b.year = EXTRACT(YEAR FROM CURRENT_DATE)::int ORDER BY b.deadline ASC LIMIT 20","SQL","","1"
"Tôi còn nợ hóa đơn tháng 4 không (v8)","SELECT b.id AS bill_id, b.month, b.year, b.total_amount, b.status, b.deadline, r.name AS room_name FROM bills b JOIN contracts c ON b.contract_id = c.id JOIN rooms r ON c.room_id = r.id WHERE c.tenant_id = USER_ID_PLACEHOLDER AND b.month = 4 AND b.year = EXTRACT(YEAR FROM CURRENT_DATE)::int AND b.status IN ('UNPAID','LATE') ORDER BY b.deadline ASC LIMIT 20","SQL","","1"
"Lịch sử hóa đơn đã thanh toán tháng 4 của tôi (v8)","SELECT b.id AS bill_id, b.month, b.year, b.total_amount, b.status, b.paid_at, r.name AS room_name FROM bills b JOIN contracts c ON b.contract_id = c.id JOIN rooms r ON c.room_id = r.id WHERE c.tenant_id = USER_ID_PLACEHOLDER AND b.month = 4 AND b.year = EXTRACT(YEAR FROM CURRENT_DATE)::int AND b.status = 'PAID' ORDER BY b.paid_at DESC LIMIT 20","SQL","","1"
"Doanh thu đã thu tháng 4 của tôi (v8)","SELECT SUM(b.total_amount) AS total_revenue, COUNT(b.id) AS total_paid_bills, b.month, b.year FROM bills b JOIN contracts c ON b.contract_id = c.id JOIN rooms r ON c.room_id = r.id JOIN properties p ON r.property_id = p.id WHERE p.landlord_id = USER_ID_PLACEHOLDER AND b.status = 'PAID' AND b.month = 4 AND b.year = EXTRACT(YEAR FROM CURRENT_DATE)::int GROUP BY b.month, b.year","SQL","","1"
"Danh sách khách nợ tiền tháng 4 (v8)","SELECT u.full_name AS tenant_name, u.phone_number, r.name AS room_name, p.name AS property_name, b.total_amount, b.status AS bill_status, b.deadline FROM bills b JOIN contracts c ON b.contract_id = c.id JOIN rooms r ON c.room_id = r.id JOIN properties p ON r.property_id = p.id JOIN users u ON c.tenant_id = u.id WHERE p.landlord_id = USER_ID_PLACEHOLDER AND c.status = 'ACTIVE' AND b.month = 4 AND b.year = EXTRACT(YEAR FROM CURRENT_DATE)::int AND b.status IN ('UNPAID','LATE') ORDER BY b.deadline ASC LIMIT 100","SQL","","1"
"Hợp đồng active sắp hết hạn trong 24 ngày (v1)","SELECT c.id AS contract_id, c.end_date, (c.end_date::date - CURRENT_DATE) AS days_remaining, u.full_name AS tenant_name, r.name AS room_name, p.name AS property_name FROM contracts c JOIN rooms r ON c.room_id = r.id JOIN properties p ON r.property_id = p.id JOIN users u ON c.tenant_id = u.id WHERE p.landlord_id = USER_ID_PLACEHOLDER AND c.status = 'ACTIVE' AND c.end_date BETWEEN CURRENT_DATE AND (CURRENT_DATE + INTERVAL '24 day') ORDER BY c.end_date ASC LIMIT 100","SQL","","1"
"Tìm phòng ở Quận 5 từ 2500000 đến 4500000","SELECT r.id AS room_id, r.name, r.price, r.area, r.type, r.images, p.name AS property_name, p.address, p.district FROM rooms r JOIN properties p ON r.property_id = p.id WHERE r.status = 'AVAILABLE' AND p.status = 'APPROVED' AND p.district LIKE '%5%' AND r.price BETWEEN 2500000 AND 4500000 ORDER BY r.price ASC LIMIT 10","SQL","","1"
"Tìm phòng loại SINGLE_ROOM ở Quận 5 (v2)","SELECT r.id AS room_id, r.name, r.price, r.area, r.type, r.images, p.name AS property_name, p.address, p.district FROM rooms r JOIN properties p ON r.property_id = p.id WHERE r.status = 'AVAILABLE' AND p.status = 'APPROVED' AND p.district LIKE '%5%' AND r.type = 'SINGLE_ROOM' ORDER BY r.price ASC LIMIT 10","SQL","","1"
"Tìm phòng wifi tại Quận 5 (v1)","SELECT r.id AS room_id, r.name, r.price, r.area, r.type, r.images, p.name AS property_name, p.address, p.district FROM rooms r JOIN properties p ON r.property_id = p.id WHERE r.status = 'AVAILABLE' AND p.status = 'APPROVED' AND p.district LIKE '%5%' AND LOWER(COALESCE(r.amenities,'')) LIKE '%wifi%' ORDER BY r.price ASC LIMIT 10","SQL","","1"
"Giao dịch blockchain tháng 4 của tôi (v8)","SELECT b.id AS bill_id, b.month, b.year, b.total_amount, b.status, b.payment_tx_hash, r.name AS room_name FROM bills b JOIN contracts c ON b.contract_id = c.id JOIN rooms r ON c.room_id = r.id WHERE c.tenant_id = USER_ID_PLACEHOLDER AND b.month = 4 AND b.payment_tx_hash IS NOT NULL ORDER BY b.year DESC, b.month DESC LIMIT 30","SQL","","1"
"Tôi mới dùng SmartRental, nên bắt đầu từ đâu để thuê phòng nhanh?","","FAQ","Bạn nên bắt đầu bằng việc hoàn tất hồ sơ cá nhân, sau đó tìm phòng theo khu vực và ngân sách, cuối cùng đặt lịch xem với các phòng đã xác thực.","1"
"Làm sao tìm phòng ở Quận 1 mà không bị quá nhiều kết quả?","","FAQ","Bạn chỉ nên bật 3 bộ lọc chính trước: khu vực, mức giá và loại phòng. Khi đã có danh sách hẹp, mới thêm tiện ích để tối ưu lựa chọn.","1"
"Sau khi đặt lịch xem phòng tháng 1 thì tôi cần làm gì?","","FAQ","Bạn vào mục lịch hẹn để theo dõi trạng thái. Khi chủ trọ duyệt hoặc từ chối, hệ thống sẽ gửi thông báo ngay để bạn chủ động bước tiếp theo.","1"
"Ký hợp đồng truyền thống có an toàn không?","","FAQ","Có. Hợp đồng truyền thống vẫn là luồng chuẩn, dễ dùng cho người mới. Bạn chỉ cần đọc kỹ điều khoản, kiểm tra thông tin phòng và xác nhận đúng số tiền cọc.","1"
"Ký blockchain khác gì so với ký truyền thống?","","FAQ","Ký blockchain bổ sung bằng chứng chống chỉnh sửa và khả năng kiểm chứng giao dịch. Luồng thao tác vẫn tương tự, chỉ thêm bước xác nhận ví khi bạn chọn blockchain.","1"
"Nếu tôi không rành blockchain thì có bắt buộc dùng không?","","FAQ","Không bắt buộc. Bạn có thể hoàn tất toàn bộ quy trình bằng hợp đồng truyền thống. Blockchain chỉ là tùy chọn tăng minh bạch khi bạn cần.","1"
"Thanh toán bằng SePay bị chậm cập nhật thì xử lý thế nào?","","FAQ","Bạn kiểm tra lại đúng nội dung thanh toán, chờ vài phút để hệ thống đồng bộ, sau đó bấm thử lại. Nếu vẫn lỗi, gửi mã giao dịch cho hỗ trợ để đối soát.","1"
"Khi nào tôi cần kết nối ví MetaMask?","","FAQ","Chỉ khi bạn dùng tính năng blockchain như ký hợp đồng on-chain hoặc xác minh giao dịch. Các tính năng tìm phòng và đặt lịch không yêu cầu ví.","1"
"Điểm uy tín trên hệ thống được hiểu thế nào?","","FAQ","Điểm uy tín phản ánh mức độ tin cậy dựa trên hồ sơ xác thực, lịch sử thanh toán và phản hồi giữa các bên. Điểm cao giúp tăng niềm tin khi giao dịch.","1"
"Thuê phòng kỳ hạn 6 tháng thì cần lưu ý điều gì để tránh tranh chấp?","","FAQ","Bạn nên kiểm tra kỹ thời hạn, điều khoản cọc, chu kỳ thanh toán, quy định phát sinh phí và lưu lại mọi xác nhận quan trọng trong hệ thống.","1"
"Tôi mới dùng SmartRental, nên bắt đầu từ đâu để thuê phòng nhanh? (v1)","","FAQ","Bạn nên bắt đầu bằng việc xác thực email và số điện thoại, sau đó tìm phòng theo khu vực và ngân sách, cuối cùng đặt lịch xem với các phòng đã xác thực.","1"
"Làm sao tìm phòng ở Quận 3 mà không bị quá nhiều kết quả?","","FAQ","Bạn chỉ nên bật 3 bộ lọc chính trước: khu vực, mức giá và loại phòng. Khi đã có danh sách hẹp, mới thêm tiện ích để tối ưu lựa chọn.","1"
"Sau khi đặt lịch xem phòng tháng 2 thì tôi cần làm gì?","","FAQ","Bạn vào mục lịch hẹn để theo dõi trạng thái. Khi chủ trọ duyệt hoặc từ chối, hệ thống sẽ gửi thông báo ngay để bạn chủ động bước tiếp theo.","1"
"Ký hợp đồng truyền thống có an toàn không? (v1)","","FAQ","Có. Hợp đồng truyền thống vẫn là luồng chuẩn, dễ dùng cho người mới. Bạn chỉ cần đọc kỹ điều khoản, kiểm tra thông tin phòng và xác nhận đúng số tiền cọc.","1"
"Ký blockchain khác gì so với ký truyền thống? (v1)","","FAQ","Ký blockchain bổ sung bằng chứng chống chỉnh sửa và khả năng kiểm chứng giao dịch. Luồng thao tác vẫn tương tự, chỉ thêm bước xác nhận ví khi bạn chọn blockchain.","1"
"Nếu tôi không rành blockchain thì có bắt buộc dùng không? (v1)","","FAQ","Không bắt buộc. Bạn có thể hoàn tất toàn bộ quy trình bằng hợp đồng truyền thống. Blockchain chỉ là tùy chọn tăng minh bạch khi bạn cần.","1"
"Thanh toán bằng chuyển khoản ngân hàng bị chậm cập nhật thì xử lý thế nào?","","FAQ","Bạn kiểm tra lại đúng nội dung thanh toán, chờ vài phút để hệ thống đồng bộ, sau đó bấm thử lại. Nếu vẫn lỗi, gửi mã giao dịch cho hỗ trợ để đối soát.","1"
"Khi nào tôi cần kết nối ví Rabby? (v1)","","FAQ","Chỉ khi bạn dùng tính năng blockchain như ký hợp đồng on-chain hoặc xác minh giao dịch. Các tính năng tìm phòng và đặt lịch không yêu cầu ví.","1"
"Điểm uy tín trên hệ thống được hiểu thế nào? (v1)","","FAQ","Điểm uy tín phản ánh mức độ tin cậy dựa trên hồ sơ xác thực, lịch sử thanh toán và phản hồi giữa các bên. Điểm cao giúp tăng niềm tin khi giao dịch.","1"
"Thuê phòng kỳ hạn 12 tháng thì cần lưu ý điều gì để tránh tranh chấp?","","FAQ","Bạn nên kiểm tra kỹ thời hạn, điều khoản cọc, chu kỳ thanh toán, quy định phát sinh phí và lưu lại mọi xác nhận quan trọng trong hệ thống.","1"
"Tôi mới dùng SmartRental, nên bắt đầu từ đâu để thuê phòng nhanh? (v2)","","FAQ","Bạn nên bắt đầu bằng việc đặt ngân sách tối đa theo tháng, sau đó tìm phòng theo khu vực và ngân sách, cuối cùng đặt lịch xem với các phòng đã xác thực.","1"
"Làm sao tìm phòng ở Quận 4 mà không bị quá nhiều kết quả?","","FAQ","Bạn chỉ nên bật 3 bộ lọc chính trước: khu vực, mức giá và loại phòng. Khi đã có danh sách hẹp, mới thêm tiện ích để tối ưu lựa chọn.","1"
"Sau khi đặt lịch xem phòng tháng 3 thì tôi cần làm gì?","","FAQ","Bạn vào mục lịch hẹn để theo dõi trạng thái. Khi chủ trọ duyệt hoặc từ chối, hệ thống sẽ gửi thông báo ngay để bạn chủ động bước tiếp theo.","1"
"Ký hợp đồng truyền thống có an toàn không? (v2)","","FAQ","Có. Hợp đồng truyền thống vẫn là luồng chuẩn, dễ dùng cho người mới. Bạn chỉ cần đọc kỹ điều khoản, kiểm tra thông tin phòng và xác nhận đúng số tiền cọc.","1"
"Ký blockchain khác gì so với ký truyền thống? (v2)","","FAQ","Ký blockchain bổ sung bằng chứng chống chỉnh sửa và khả năng kiểm chứng giao dịch. Luồng thao tác vẫn tương tự, chỉ thêm bước xác nhận ví khi bạn chọn blockchain.","1"
"Nếu tôi không rành blockchain thì có bắt buộc dùng không? (v2)","","FAQ","Không bắt buộc. Bạn có thể hoàn tất toàn bộ quy trình bằng hợp đồng truyền thống. Blockchain chỉ là tùy chọn tăng minh bạch khi bạn cần.","1"
"Thanh toán bằng ví điện tử bị chậm cập nhật thì xử lý thế nào?","","FAQ","Bạn kiểm tra lại đúng nội dung thanh toán, chờ vài phút để hệ thống đồng bộ, sau đó bấm thử lại. Nếu vẫn lỗi, gửi mã giao dịch cho hỗ trợ để đối soát.","1"
"Khi nào tôi cần kết nối ví Coin98 Wallet? (v2)","","FAQ","Chỉ khi bạn dùng tính năng blockchain như ký hợp đồng on-chain hoặc xác minh giao dịch. Các tính năng tìm phòng và đặt lịch không yêu cầu ví.","1"
"Điểm uy tín trên hệ thống được hiểu thế nào? (v2)","","FAQ","Điểm uy tín phản ánh mức độ tin cậy dựa trên hồ sơ xác thực, lịch sử thanh toán và phản hồi giữa các bên. Điểm cao giúp tăng niềm tin khi giao dịch.","1"
"Thuê phòng kỳ hạn 24 tháng thì cần lưu ý điều gì để tránh tranh chấp?","","FAQ","Bạn nên kiểm tra kỹ thời hạn, điều khoản cọc, chu kỳ thanh toán, quy định phát sinh phí và lưu lại mọi xác nhận quan trọng trong hệ thống.","1"
"Tôi mới dùng SmartRental, nên bắt đầu từ đâu để thuê phòng nhanh? (v3)","","FAQ","Bạn nên bắt đầu bằng việc lưu phòng yêu thích để so sánh, sau đó tìm phòng theo khu vực và ngân sách, cuối cùng đặt lịch xem với các phòng đã xác thực.","1"
"Làm sao tìm phòng ở Quận 5 mà không bị quá nhiều kết quả?","","FAQ","Bạn chỉ nên bật 3 bộ lọc chính trước: khu vực, mức giá và loại phòng. Khi đã có danh sách hẹp, mới thêm tiện ích để tối ưu lựa chọn.","1"
"Sau khi đặt lịch xem phòng tháng 4 thì tôi cần làm gì?","","FAQ","Bạn vào mục lịch hẹn để theo dõi trạng thái. Khi chủ trọ duyệt hoặc từ chối, hệ thống sẽ gửi thông báo ngay để bạn chủ động bước tiếp theo.","1"
"Ký hợp đồng truyền thống có an toàn không? (v3)","","FAQ","Có. Hợp đồng truyền thống vẫn là luồng chuẩn, dễ dùng cho người mới. Bạn chỉ cần đọc kỹ điều khoản, kiểm tra thông tin phòng và xác nhận đúng số tiền cọc.","1"
"Ký blockchain khác gì so với ký truyền thống? (v3)","","FAQ","Ký blockchain bổ sung bằng chứng chống chỉnh sửa và khả năng kiểm chứng giao dịch. Luồng thao tác vẫn tương tự, chỉ thêm bước xác nhận ví khi bạn chọn blockchain.","1"
"Nếu tôi không rành blockchain thì có bắt buộc dùng không? (v3)","","FAQ","Không bắt buộc. Bạn có thể hoàn tất toàn bộ quy trình bằng hợp đồng truyền thống. Blockchain chỉ là tùy chọn tăng minh bạch khi bạn cần.","1"
"Thanh toán bằng SePay bị chậm cập nhật thì xử lý thế nào? (v1)","","FAQ","Bạn kiểm tra lại đúng nội dung thanh toán, chờ vài phút để hệ thống đồng bộ, sau đó bấm thử lại. Nếu vẫn lỗi, gửi mã giao dịch cho hỗ trợ để đối soát.","1"
"Khi nào tôi cần kết nối ví MetaMask? (v3)","","FAQ","Chỉ khi bạn dùng tính năng blockchain như ký hợp đồng on-chain hoặc xác minh giao dịch. Các tính năng tìm phòng và đặt lịch không yêu cầu ví.","1"
"Điểm uy tín trên hệ thống được hiểu thế nào? (v3)","","FAQ","Điểm uy tín phản ánh mức độ tin cậy dựa trên hồ sơ xác thực, lịch sử thanh toán và phản hồi giữa các bên. Điểm cao giúp tăng niềm tin khi giao dịch.","1"
"Thuê phòng kỳ hạn 6 tháng thì cần lưu ý điều gì để tránh tranh chấp? (v1)","","FAQ","Bạn nên kiểm tra kỹ thời hạn, điều khoản cọc, chu kỳ thanh toán, quy định phát sinh phí và lưu lại mọi xác nhận quan trọng trong hệ thống.","1"
"Tôi mới dùng SmartRental, nên bắt đầu từ đâu để thuê phòng nhanh? (v4)","","FAQ","Bạn nên bắt đầu bằng việc bật thông báo phản hồi lịch hẹn, sau đó tìm phòng theo khu vực và ngân sách, cuối cùng đặt lịch xem với các phòng đã xác thực.","1"
"Làm sao tìm phòng ở Quận 7 mà không bị quá nhiều kết quả?","","FAQ","Bạn chỉ nên bật 3 bộ lọc chính trước: khu vực, mức giá và loại phòng. Khi đã có danh sách hẹp, mới thêm tiện ích để tối ưu lựa chọn.","1"
"Sau khi đặt lịch xem phòng tháng 5 thì tôi cần làm gì?","","FAQ","Bạn vào mục lịch hẹn để theo dõi trạng thái. Khi chủ trọ duyệt hoặc từ chối, hệ thống sẽ gửi thông báo ngay để bạn chủ động bước tiếp theo.","1"
"Ký hợp đồng truyền thống có an toàn không? (v4)","","FAQ","Có. Hợp đồng truyền thống vẫn là luồng chuẩn, dễ dùng cho người mới. Bạn chỉ cần đọc kỹ điều khoản, kiểm tra thông tin phòng và xác nhận đúng số tiền cọc.","1"
"Ký blockchain khác gì so với ký truyền thống? (v4)","","FAQ","Ký blockchain bổ sung bằng chứng chống chỉnh sửa và khả năng kiểm chứng giao dịch. Luồng thao tác vẫn tương tự, chỉ thêm bước xác nhận ví khi bạn chọn blockchain.","1"
"Nếu tôi không rành blockchain thì có bắt buộc dùng không? (v4)","","FAQ","Không bắt buộc. Bạn có thể hoàn tất toàn bộ quy trình bằng hợp đồng truyền thống. Blockchain chỉ là tùy chọn tăng minh bạch khi bạn cần.","1"
"Thanh toán bằng chuyển khoản ngân hàng bị chậm cập nhật thì xử lý thế nào? (v1)","","FAQ","Bạn kiểm tra lại đúng nội dung thanh toán, chờ vài phút để hệ thống đồng bộ, sau đó bấm thử lại. Nếu vẫn lỗi, gửi mã giao dịch cho hỗ trợ để đối soát.","1"
"Khi nào tôi cần kết nối ví Rabby? (v4)","","FAQ","Chỉ khi bạn dùng tính năng blockchain như ký hợp đồng on-chain hoặc xác minh giao dịch. Các tính năng tìm phòng và đặt lịch không yêu cầu ví.","1"
"Điểm uy tín trên hệ thống được hiểu thế nào? (v4)","","FAQ","Điểm uy tín phản ánh mức độ tin cậy dựa trên hồ sơ xác thực, lịch sử thanh toán và phản hồi giữa các bên. Điểm cao giúp tăng niềm tin khi giao dịch.","1"
"Thuê phòng kỳ hạn 12 tháng thì cần lưu ý điều gì để tránh tranh chấp? (v1)","","FAQ","Bạn nên kiểm tra kỹ thời hạn, điều khoản cọc, chu kỳ thanh toán, quy định phát sinh phí và lưu lại mọi xác nhận quan trọng trong hệ thống.","1"
"Tôi mới dùng SmartRental, nên bắt đầu từ đâu để thuê phòng nhanh? (v5)","","FAQ","Bạn nên bắt đầu bằng việc hoàn tất hồ sơ cá nhân, sau đó tìm phòng theo khu vực và ngân sách, cuối cùng đặt lịch xem với các phòng đã xác thực.","1"
"Làm sao tìm phòng ở Quận 10 mà không bị quá nhiều kết quả?","","FAQ","Bạn chỉ nên bật 3 bộ lọc chính trước: khu vực, mức giá và loại phòng. Khi đã có danh sách hẹp, mới thêm tiện ích để tối ưu lựa chọn.","1"
"Sau khi đặt lịch xem phòng tháng 6 thì tôi cần làm gì?","","FAQ","Bạn vào mục lịch hẹn để theo dõi trạng thái. Khi chủ trọ duyệt hoặc từ chối, hệ thống sẽ gửi thông báo ngay để bạn chủ động bước tiếp theo.","1"
"Ký hợp đồng truyền thống có an toàn không? (v5)","","FAQ","Có. Hợp đồng truyền thống vẫn là luồng chuẩn, dễ dùng cho người mới. Bạn chỉ cần đọc kỹ điều khoản, kiểm tra thông tin phòng và xác nhận đúng số tiền cọc.","1"
"Ký blockchain khác gì so với ký truyền thống? (v5)","","FAQ","Ký blockchain bổ sung bằng chứng chống chỉnh sửa và khả năng kiểm chứng giao dịch. Luồng thao tác vẫn tương tự, chỉ thêm bước xác nhận ví khi bạn chọn blockchain.","1"
"Nếu tôi không rành blockchain thì có bắt buộc dùng không? (v5)","","FAQ","Không bắt buộc. Bạn có thể hoàn tất toàn bộ quy trình bằng hợp đồng truyền thống. Blockchain chỉ là tùy chọn tăng minh bạch khi bạn cần.","1"
"Thanh toán bằng ví điện tử bị chậm cập nhật thì xử lý thế nào? (v1)","","FAQ","Bạn kiểm tra lại đúng nội dung thanh toán, chờ vài phút để hệ thống đồng bộ, sau đó bấm thử lại. Nếu vẫn lỗi, gửi mã giao dịch cho hỗ trợ để đối soát.","1"
"Khi nào tôi cần kết nối ví Coin98 Wallet? (v5)","","FAQ","Chỉ khi bạn dùng tính năng blockchain như ký hợp đồng on-chain hoặc xác minh giao dịch. Các tính năng tìm phòng và đặt lịch không yêu cầu ví.","1"
"Điểm uy tín trên hệ thống được hiểu thế nào? (v5)","","FAQ","Điểm uy tín phản ánh mức độ tin cậy dựa trên hồ sơ xác thực, lịch sử thanh toán và phản hồi giữa các bên. Điểm cao giúp tăng niềm tin khi giao dịch.","1"
"Thuê phòng kỳ hạn 24 tháng thì cần lưu ý điều gì để tránh tranh chấp? (v1)","","FAQ","Bạn nên kiểm tra kỹ thời hạn, điều khoản cọc, chu kỳ thanh toán, quy định phát sinh phí và lưu lại mọi xác nhận quan trọng trong hệ thống.","1"
"Tôi mới dùng SmartRental, nên bắt đầu từ đâu để thuê phòng nhanh? (v6)","","FAQ","Bạn nên bắt đầu bằng việc xác thực email và số điện thoại, sau đó tìm phòng theo khu vực và ngân sách, cuối cùng đặt lịch xem với các phòng đã xác thực.","1"
"Làm sao tìm phòng ở Quận 12 mà không bị quá nhiều kết quả?","","FAQ","Bạn chỉ nên bật 3 bộ lọc chính trước: khu vực, mức giá và loại phòng. Khi đã có danh sách hẹp, mới thêm tiện ích để tối ưu lựa chọn.","1"
"Sau khi đặt lịch xem phòng tháng 7 thì tôi cần làm gì?","","FAQ","Bạn vào mục lịch hẹn để theo dõi trạng thái. Khi chủ trọ duyệt hoặc từ chối, hệ thống sẽ gửi thông báo ngay để bạn chủ động bước tiếp theo.","1"
"Ký hợp đồng truyền thống có an toàn không? (v6)","","FAQ","Có. Hợp đồng truyền thống vẫn là luồng chuẩn, dễ dùng cho người mới. Bạn chỉ cần đọc kỹ điều khoản, kiểm tra thông tin phòng và xác nhận đúng số tiền cọc.","1"
"Ký blockchain khác gì so với ký truyền thống? (v6)","","FAQ","Ký blockchain bổ sung bằng chứng chống chỉnh sửa và khả năng kiểm chứng giao dịch. Luồng thao tác vẫn tương tự, chỉ thêm bước xác nhận ví khi bạn chọn blockchain.","1"
"Nếu tôi không rành blockchain thì có bắt buộc dùng không? (v6)","","FAQ","Không bắt buộc. Bạn có thể hoàn tất toàn bộ quy trình bằng hợp đồng truyền thống. Blockchain chỉ là tùy chọn tăng minh bạch khi bạn cần.","1"
"Thanh toán bằng SePay bị chậm cập nhật thì xử lý thế nào? (v2)","","FAQ","Bạn kiểm tra lại đúng nội dung thanh toán, chờ vài phút để hệ thống đồng bộ, sau đó bấm thử lại. Nếu vẫn lỗi, gửi mã giao dịch cho hỗ trợ để đối soát.","1"
"Khi nào tôi cần kết nối ví MetaMask? (v6)","","FAQ","Chỉ khi bạn dùng tính năng blockchain như ký hợp đồng on-chain hoặc xác minh giao dịch. Các tính năng tìm phòng và đặt lịch không yêu cầu ví.","1"
"Điểm uy tín trên hệ thống được hiểu thế nào? (v6)","","FAQ","Điểm uy tín phản ánh mức độ tin cậy dựa trên hồ sơ xác thực, lịch sử thanh toán và phản hồi giữa các bên. Điểm cao giúp tăng niềm tin khi giao dịch.","1"
"Thuê phòng kỳ hạn 6 tháng thì cần lưu ý điều gì để tránh tranh chấp? (v2)","","FAQ","Bạn nên kiểm tra kỹ thời hạn, điều khoản cọc, chu kỳ thanh toán, quy định phát sinh phí và lưu lại mọi xác nhận quan trọng trong hệ thống.","1"
"Tôi mới dùng SmartRental, nên bắt đầu từ đâu để thuê phòng nhanh? (v7)","","FAQ","Bạn nên bắt đầu bằng việc đặt ngân sách tối đa theo tháng, sau đó tìm phòng theo khu vực và ngân sách, cuối cùng đặt lịch xem với các phòng đã xác thực.","1"
"Làm sao tìm phòng ở Gò Vấp mà không bị quá nhiều kết quả?","","FAQ","Bạn chỉ nên bật 3 bộ lọc chính trước: khu vực, mức giá và loại phòng. Khi đã có danh sách hẹp, mới thêm tiện ích để tối ưu lựa chọn.","1"
"Sau khi đặt lịch xem phòng tháng 8 thì tôi cần làm gì?","","FAQ","Bạn vào mục lịch hẹn để theo dõi trạng thái. Khi chủ trọ duyệt hoặc từ chối, hệ thống sẽ gửi thông báo ngay để bạn chủ động bước tiếp theo.","1"
"Ký hợp đồng truyền thống có an toàn không? (v7)","","FAQ","Có. Hợp đồng truyền thống vẫn là luồng chuẩn, dễ dùng cho người mới. Bạn chỉ cần đọc kỹ điều khoản, kiểm tra thông tin phòng và xác nhận đúng số tiền cọc.","1"
"Ký blockchain khác gì so với ký truyền thống? (v7)","","FAQ","Ký blockchain bổ sung bằng chứng chống chỉnh sửa và khả năng kiểm chứng giao dịch. Luồng thao tác vẫn tương tự, chỉ thêm bước xác nhận ví khi bạn chọn blockchain.","1"
"Nếu tôi không rành blockchain thì có bắt buộc dùng không? (v7)","","FAQ","Không bắt buộc. Bạn có thể hoàn tất toàn bộ quy trình bằng hợp đồng truyền thống. Blockchain chỉ là tùy chọn tăng minh bạch khi bạn cần.","1"
"Thanh toán bằng chuyển khoản ngân hàng bị chậm cập nhật thì xử lý thế nào? (v2)","","FAQ","Bạn kiểm tra lại đúng nội dung thanh toán, chờ vài phút để hệ thống đồng bộ, sau đó bấm thử lại. Nếu vẫn lỗi, gửi mã giao dịch cho hỗ trợ để đối soát.","1"
"Khi nào tôi cần kết nối ví Rabby? (v7)","","FAQ","Chỉ khi bạn dùng tính năng blockchain như ký hợp đồng on-chain hoặc xác minh giao dịch. Các tính năng tìm phòng và đặt lịch không yêu cầu ví.","1"
"Điểm uy tín trên hệ thống được hiểu thế nào? (v7)","","FAQ","Điểm uy tín phản ánh mức độ tin cậy dựa trên hồ sơ xác thực, lịch sử thanh toán và phản hồi giữa các bên. Điểm cao giúp tăng niềm tin khi giao dịch.","1"
"Thuê phòng kỳ hạn 12 tháng thì cần lưu ý điều gì để tránh tranh chấp? (v2)","","FAQ","Bạn nên kiểm tra kỹ thời hạn, điều khoản cọc, chu kỳ thanh toán, quy định phát sinh phí và lưu lại mọi xác nhận quan trọng trong hệ thống.","1"
"Tôi mới dùng SmartRental, nên bắt đầu từ đâu để thuê phòng nhanh? (v8)","","FAQ","Bạn nên bắt đầu bằng việc lưu phòng yêu thích để so sánh, sau đó tìm phòng theo khu vực và ngân sách, cuối cùng đặt lịch xem với các phòng đã xác thực.","1"
"Làm sao tìm phòng ở Bình Thạnh mà không bị quá nhiều kết quả?","","FAQ","Bạn chỉ nên bật 3 bộ lọc chính trước: khu vực, mức giá và loại phòng. Khi đã có danh sách hẹp, mới thêm tiện ích để tối ưu lựa chọn.","1"
"Sau khi đặt lịch xem phòng tháng 9 thì tôi cần làm gì?","","FAQ","Bạn vào mục lịch hẹn để theo dõi trạng thái. Khi chủ trọ duyệt hoặc từ chối, hệ thống sẽ gửi thông báo ngay để bạn chủ động bước tiếp theo.","1"
"Ký hợp đồng truyền thống có an toàn không? (v8)","","FAQ","Có. Hợp đồng truyền thống vẫn là luồng chuẩn, dễ dùng cho người mới. Bạn chỉ cần đọc kỹ điều khoản, kiểm tra thông tin phòng và xác nhận đúng số tiền cọc.","1"
"Ký blockchain khác gì so với ký truyền thống? (v8)","","FAQ","Ký blockchain bổ sung bằng chứng chống chỉnh sửa và khả năng kiểm chứng giao dịch. Luồng thao tác vẫn tương tự, chỉ thêm bước xác nhận ví khi bạn chọn blockchain.","1"
"Nếu tôi không rành blockchain thì có bắt buộc dùng không? (v8)","","FAQ","Không bắt buộc. Bạn có thể hoàn tất toàn bộ quy trình bằng hợp đồng truyền thống. Blockchain chỉ là tùy chọn tăng minh bạch khi bạn cần.","1"
"Thanh toán bằng ví điện tử bị chậm cập nhật thì xử lý thế nào? (v2)","","FAQ","Bạn kiểm tra lại đúng nội dung thanh toán, chờ vài phút để hệ thống đồng bộ, sau đó bấm thử lại. Nếu vẫn lỗi, gửi mã giao dịch cho hỗ trợ để đối soát.","1"
"Khi nào tôi cần kết nối ví Coin98 Wallet? (v8)","","FAQ","Chỉ khi bạn dùng tính năng blockchain như ký hợp đồng on-chain hoặc xác minh giao dịch. Các tính năng tìm phòng và đặt lịch không yêu cầu ví.","1"
"Điểm uy tín trên hệ thống được hiểu thế nào? (v8)","","FAQ","Điểm uy tín phản ánh mức độ tin cậy dựa trên hồ sơ xác thực, lịch sử thanh toán và phản hồi giữa các bên. Điểm cao giúp tăng niềm tin khi giao dịch.","1"
"Thuê phòng kỳ hạn 24 tháng thì cần lưu ý điều gì để tránh tranh chấp? (v2)","","FAQ","Bạn nên kiểm tra kỹ thời hạn, điều khoản cọc, chu kỳ thanh toán, quy định phát sinh phí và lưu lại mọi xác nhận quan trọng trong hệ thống.","1"
"Tôi mới dùng SmartRental, nên bắt đầu từ đâu để thuê phòng nhanh? (v9)","","FAQ","Bạn nên bắt đầu bằng việc bật thông báo phản hồi lịch hẹn, sau đó tìm phòng theo khu vực và ngân sách, cuối cùng đặt lịch xem với các phòng đã xác thực.","1"
"Làm sao tìm phòng ở Tân Bình mà không bị quá nhiều kết quả?","","FAQ","Bạn chỉ nên bật 3 bộ lọc chính trước: khu vực, mức giá và loại phòng. Khi đã có danh sách hẹp, mới thêm tiện ích để tối ưu lựa chọn.","1"
"Sau khi đặt lịch xem phòng tháng 10 thì tôi cần làm gì?","","FAQ","Bạn vào mục lịch hẹn để theo dõi trạng thái. Khi chủ trọ duyệt hoặc từ chối, hệ thống sẽ gửi thông báo ngay để bạn chủ động bước tiếp theo.","1"
"Ký hợp đồng truyền thống có an toàn không? (v9)","","FAQ","Có. Hợp đồng truyền thống vẫn là luồng chuẩn, dễ dùng cho người mới. Bạn chỉ cần đọc kỹ điều khoản, kiểm tra thông tin phòng và xác nhận đúng số tiền cọc.","1"
"Ký blockchain khác gì so với ký truyền thống? (v9)","","FAQ","Ký blockchain bổ sung bằng chứng chống chỉnh sửa và khả năng kiểm chứng giao dịch. Luồng thao tác vẫn tương tự, chỉ thêm bước xác nhận ví khi bạn chọn blockchain.","1"
"Nếu tôi không rành blockchain thì có bắt buộc dùng không? (v9)","","FAQ","Không bắt buộc. Bạn có thể hoàn tất toàn bộ quy trình bằng hợp đồng truyền thống. Blockchain chỉ là tùy chọn tăng minh bạch khi bạn cần.","1"
"Thanh toán bằng SePay bị chậm cập nhật thì xử lý thế nào? (v3)","","FAQ","Bạn kiểm tra lại đúng nội dung thanh toán, chờ vài phút để hệ thống đồng bộ, sau đó bấm thử lại. Nếu vẫn lỗi, gửi mã giao dịch cho hỗ trợ để đối soát.","1"
"Khi nào tôi cần kết nối ví MetaMask? (v9)","","FAQ","Chỉ khi bạn dùng tính năng blockchain như ký hợp đồng on-chain hoặc xác minh giao dịch. Các tính năng tìm phòng và đặt lịch không yêu cầu ví.","1"
"Điểm uy tín trên hệ thống được hiểu thế nào? (v9)","","FAQ","Điểm uy tín phản ánh mức độ tin cậy dựa trên hồ sơ xác thực, lịch sử thanh toán và phản hồi giữa các bên. Điểm cao giúp tăng niềm tin khi giao dịch.","1"
"Thuê phòng kỳ hạn 6 tháng thì cần lưu ý điều gì để tránh tranh chấp? (v3)","","FAQ","Bạn nên kiểm tra kỹ thời hạn, điều khoản cọc, chu kỳ thanh toán, quy định phát sinh phí và lưu lại mọi xác nhận quan trọng trong hệ thống.","1"
"Tôi mới dùng SmartRental, nên bắt đầu từ đâu để thuê phòng nhanh? (v10)","","FAQ","Bạn nên bắt đầu bằng việc hoàn tất hồ sơ cá nhân, sau đó tìm phòng theo khu vực và ngân sách, cuối cùng đặt lịch xem với các phòng đã xác thực.","1"
"Làm sao tìm phòng ở Thủ Đức mà không bị quá nhiều kết quả?","","FAQ","Bạn chỉ nên bật 3 bộ lọc chính trước: khu vực, mức giá và loại phòng. Khi đã có danh sách hẹp, mới thêm tiện ích để tối ưu lựa chọn.","1"
"Sau khi đặt lịch xem phòng tháng 11 thì tôi cần làm gì?","","FAQ","Bạn vào mục lịch hẹn để theo dõi trạng thái. Khi chủ trọ duyệt hoặc từ chối, hệ thống sẽ gửi thông báo ngay để bạn chủ động bước tiếp theo.","1"
"Ký hợp đồng truyền thống có an toàn không? (v10)","","FAQ","Có. Hợp đồng truyền thống vẫn là luồng chuẩn, dễ dùng cho người mới. Bạn chỉ cần đọc kỹ điều khoản, kiểm tra thông tin phòng và xác nhận đúng số tiền cọc.","1"
"Ký blockchain khác gì so với ký truyền thống? (v10)","","FAQ","Ký blockchain bổ sung bằng chứng chống chỉnh sửa và khả năng kiểm chứng giao dịch. Luồng thao tác vẫn tương tự, chỉ thêm bước xác nhận ví khi bạn chọn blockchain.","1"
"Nếu tôi không rành blockchain thì có bắt buộc dùng không? (v10)","","FAQ","Không bắt buộc. Bạn có thể hoàn tất toàn bộ quy trình bằng hợp đồng truyền thống. Blockchain chỉ là tùy chọn tăng minh bạch khi bạn cần.","1"
"Thanh toán bằng chuyển khoản ngân hàng bị chậm cập nhật thì xử lý thế nào? (v3)","","FAQ","Bạn kiểm tra lại đúng nội dung thanh toán, chờ vài phút để hệ thống đồng bộ, sau đó bấm thử lại. Nếu vẫn lỗi, gửi mã giao dịch cho hỗ trợ để đối soát.","1"
"Khi nào tôi cần kết nối ví Rabby? (v10)","","FAQ","Chỉ khi bạn dùng tính năng blockchain như ký hợp đồng on-chain hoặc xác minh giao dịch. Các tính năng tìm phòng và đặt lịch không yêu cầu ví.","1"
"Điểm uy tín trên hệ thống được hiểu thế nào? (v10)","","FAQ","Điểm uy tín phản ánh mức độ tin cậy dựa trên hồ sơ xác thực, lịch sử thanh toán và phản hồi giữa các bên. Điểm cao giúp tăng niềm tin khi giao dịch.","1"
"Thuê phòng kỳ hạn 12 tháng thì cần lưu ý điều gì để tránh tranh chấp? (v3)","","FAQ","Bạn nên kiểm tra kỹ thời hạn, điều khoản cọc, chu kỳ thanh toán, quy định phát sinh phí và lưu lại mọi xác nhận quan trọng trong hệ thống.","1"
"Tôi mới dùng SmartRental, nên bắt đầu từ đâu để thuê phòng nhanh? (v11)","","FAQ","Bạn nên bắt đầu bằng việc xác thực email và số điện thoại, sau đó tìm phòng theo khu vực và ngân sách, cuối cùng đặt lịch xem với các phòng đã xác thực.","1"
"Làm sao tìm phòng ở Phú Nhuận mà không bị quá nhiều kết quả?","","FAQ","Bạn chỉ nên bật 3 bộ lọc chính trước: khu vực, mức giá và loại phòng. Khi đã có danh sách hẹp, mới thêm tiện ích để tối ưu lựa chọn.","1"
"Sau khi đặt lịch xem phòng tháng 12 thì tôi cần làm gì?","","FAQ","Bạn vào mục lịch hẹn để theo dõi trạng thái. Khi chủ trọ duyệt hoặc từ chối, hệ thống sẽ gửi thông báo ngay để bạn chủ động bước tiếp theo.","1"
"Ký hợp đồng truyền thống có an toàn không? (v11)","","FAQ","Có. Hợp đồng truyền thống vẫn là luồng chuẩn, dễ dùng cho người mới. Bạn chỉ cần đọc kỹ điều khoản, kiểm tra thông tin phòng và xác nhận đúng số tiền cọc.","1"
"Ký blockchain khác gì so với ký truyền thống? (v11)","","FAQ","Ký blockchain bổ sung bằng chứng chống chỉnh sửa và khả năng kiểm chứng giao dịch. Luồng thao tác vẫn tương tự, chỉ thêm bước xác nhận ví khi bạn chọn blockchain.","1"
"Nếu tôi không rành blockchain thì có bắt buộc dùng không? (v11)","","FAQ","Không bắt buộc. Bạn có thể hoàn tất toàn bộ quy trình bằng hợp đồng truyền thống. Blockchain chỉ là tùy chọn tăng minh bạch khi bạn cần.","1"
"Thanh toán bằng ví điện tử bị chậm cập nhật thì xử lý thế nào? (v3)","","FAQ","Bạn kiểm tra lại đúng nội dung thanh toán, chờ vài phút để hệ thống đồng bộ, sau đó bấm thử lại. Nếu vẫn lỗi, gửi mã giao dịch cho hỗ trợ để đối soát.","1"
"Khi nào tôi cần kết nối ví Coin98 Wallet? (v11)","","FAQ","Chỉ khi bạn dùng tính năng blockchain như ký hợp đồng on-chain hoặc xác minh giao dịch. Các tính năng tìm phòng và đặt lịch không yêu cầu ví.","1"
"Điểm uy tín trên hệ thống được hiểu thế nào? (v11)","","FAQ","Điểm uy tín phản ánh mức độ tin cậy dựa trên hồ sơ xác thực, lịch sử thanh toán và phản hồi giữa các bên. Điểm cao giúp tăng niềm tin khi giao dịch.","1"
"Thuê phòng kỳ hạn 24 tháng thì cần lưu ý điều gì để tránh tranh chấp? (v3)","","FAQ","Bạn nên kiểm tra kỹ thời hạn, điều khoản cọc, chu kỳ thanh toán, quy định phát sinh phí và lưu lại mọi xác nhận quan trọng trong hệ thống.","1"
"Tôi mới dùng SmartRental, nên bắt đầu từ đâu để thuê phòng nhanh? (v12)","","FAQ","Bạn nên bắt đầu bằng việc đặt ngân sách tối đa theo tháng, sau đó tìm phòng theo khu vực và ngân sách, cuối cùng đặt lịch xem với các phòng đã xác thực.","1"
"Làm sao tìm phòng ở Bình Tân mà không bị quá nhiều kết quả?","","FAQ","Bạn chỉ nên bật 3 bộ lọc chính trước: khu vực, mức giá và loại phòng. Khi đã có danh sách hẹp, mới thêm tiện ích để tối ưu lựa chọn.","1"
"Sau khi đặt lịch xem phòng tháng 1 thì tôi cần làm gì? (v1)","","FAQ","Bạn vào mục lịch hẹn để theo dõi trạng thái. Khi chủ trọ duyệt hoặc từ chối, hệ thống sẽ gửi thông báo ngay để bạn chủ động bước tiếp theo.","1"
"Ký hợp đồng truyền thống có an toàn không? (v12)","","FAQ","Có. Hợp đồng truyền thống vẫn là luồng chuẩn, dễ dùng cho người mới. Bạn chỉ cần đọc kỹ điều khoản, kiểm tra thông tin phòng và xác nhận đúng số tiền cọc.","1"
"Ký blockchain khác gì so với ký truyền thống? (v12)","","FAQ","Ký blockchain bổ sung bằng chứng chống chỉnh sửa và khả năng kiểm chứng giao dịch. Luồng thao tác vẫn tương tự, chỉ thêm bước xác nhận ví khi bạn chọn blockchain.","1"
"Nếu tôi không rành blockchain thì có bắt buộc dùng không? (v12)","","FAQ","Không bắt buộc. Bạn có thể hoàn tất toàn bộ quy trình bằng hợp đồng truyền thống. Blockchain chỉ là tùy chọn tăng minh bạch khi bạn cần.","1"
"Thanh toán bằng SePay bị chậm cập nhật thì xử lý thế nào? (v4)","","FAQ","Bạn kiểm tra lại đúng nội dung thanh toán, chờ vài phút để hệ thống đồng bộ, sau đó bấm thử lại. Nếu vẫn lỗi, gửi mã giao dịch cho hỗ trợ để đối soát.","1"
"Khi nào tôi cần kết nối ví MetaMask? (v12)","","FAQ","Chỉ khi bạn dùng tính năng blockchain như ký hợp đồng on-chain hoặc xác minh giao dịch. Các tính năng tìm phòng và đặt lịch không yêu cầu ví.","1"
"Điểm uy tín trên hệ thống được hiểu thế nào? (v12)","","FAQ","Điểm uy tín phản ánh mức độ tin cậy dựa trên hồ sơ xác thực, lịch sử thanh toán và phản hồi giữa các bên. Điểm cao giúp tăng niềm tin khi giao dịch.","1"
"Thuê phòng kỳ hạn 6 tháng thì cần lưu ý điều gì để tránh tranh chấp? (v4)","","FAQ","Bạn nên kiểm tra kỹ thời hạn, điều khoản cọc, chu kỳ thanh toán, quy định phát sinh phí và lưu lại mọi xác nhận quan trọng trong hệ thống.","1"
"Tôi mới dùng SmartRental, nên bắt đầu từ đâu để thuê phòng nhanh? (v13)","","FAQ","Bạn nên bắt đầu bằng việc lưu phòng yêu thích để so sánh, sau đó tìm phòng theo khu vực và ngân sách, cuối cùng đặt lịch xem với các phòng đã xác thực.","1"
"Làm sao tìm phòng ở Bình Chánh mà không bị quá nhiều kết quả?","","FAQ","Bạn chỉ nên bật 3 bộ lọc chính trước: khu vực, mức giá và loại phòng. Khi đã có danh sách hẹp, mới thêm tiện ích để tối ưu lựa chọn.","1"
"Sau khi đặt lịch xem phòng tháng 2 thì tôi cần làm gì? (v1)","","FAQ","Bạn vào mục lịch hẹn để theo dõi trạng thái. Khi chủ trọ duyệt hoặc từ chối, hệ thống sẽ gửi thông báo ngay để bạn chủ động bước tiếp theo.","1"
"Ký hợp đồng truyền thống có an toàn không? (v13)","","FAQ","Có. Hợp đồng truyền thống vẫn là luồng chuẩn, dễ dùng cho người mới. Bạn chỉ cần đọc kỹ điều khoản, kiểm tra thông tin phòng và xác nhận đúng số tiền cọc.","1"
"Ký blockchain khác gì so với ký truyền thống? (v13)","","FAQ","Ký blockchain bổ sung bằng chứng chống chỉnh sửa và khả năng kiểm chứng giao dịch. Luồng thao tác vẫn tương tự, chỉ thêm bước xác nhận ví khi bạn chọn blockchain.","1"
"Nếu tôi không rành blockchain thì có bắt buộc dùng không? (v13)","","FAQ","Không bắt buộc. Bạn có thể hoàn tất toàn bộ quy trình bằng hợp đồng truyền thống. Blockchain chỉ là tùy chọn tăng minh bạch khi bạn cần.","1"
"Thanh toán bằng chuyển khoản ngân hàng bị chậm cập nhật thì xử lý thế nào? (v4)","","FAQ","Bạn kiểm tra lại đúng nội dung thanh toán, chờ vài phút để hệ thống đồng bộ, sau đó bấm thử lại. Nếu vẫn lỗi, gửi mã giao dịch cho hỗ trợ để đối soát.","1"
"Khi nào tôi cần kết nối ví Rabby? (v13)","","FAQ","Chỉ khi bạn dùng tính năng blockchain như ký hợp đồng on-chain hoặc xác minh giao dịch. Các tính năng tìm phòng và đặt lịch không yêu cầu ví.","1"
"Điểm uy tín trên hệ thống được hiểu thế nào? (v13)","","FAQ","Điểm uy tín phản ánh mức độ tin cậy dựa trên hồ sơ xác thực, lịch sử thanh toán và phản hồi giữa các bên. Điểm cao giúp tăng niềm tin khi giao dịch.","1"
"Thuê phòng kỳ hạn 12 tháng thì cần lưu ý điều gì để tránh tranh chấp? (v4)","","FAQ","Bạn nên kiểm tra kỹ thời hạn, điều khoản cọc, chu kỳ thanh toán, quy định phát sinh phí và lưu lại mọi xác nhận quan trọng trong hệ thống.","1"
"Tôi mới dùng SmartRental, nên bắt đầu từ đâu để thuê phòng nhanh? (v14)","","FAQ","Bạn nên bắt đầu bằng việc bật thông báo phản hồi lịch hẹn, sau đó tìm phòng theo khu vực và ngân sách, cuối cùng đặt lịch xem với các phòng đã xác thực.","1"
"Làm sao tìm phòng ở Nhà Bè mà không bị quá nhiều kết quả?","","FAQ","Bạn chỉ nên bật 3 bộ lọc chính trước: khu vực, mức giá và loại phòng. Khi đã có danh sách hẹp, mới thêm tiện ích để tối ưu lựa chọn.","1"
"Sau khi đặt lịch xem phòng tháng 3 thì tôi cần làm gì? (v1)","","FAQ","Bạn vào mục lịch hẹn để theo dõi trạng thái. Khi chủ trọ duyệt hoặc từ chối, hệ thống sẽ gửi thông báo ngay để bạn chủ động bước tiếp theo.","1"
"Ký hợp đồng truyền thống có an toàn không? (v14)","","FAQ","Có. Hợp đồng truyền thống vẫn là luồng chuẩn, dễ dùng cho người mới. Bạn chỉ cần đọc kỹ điều khoản, kiểm tra thông tin phòng và xác nhận đúng số tiền cọc.","1"
"Ký blockchain khác gì so với ký truyền thống? (v14)","","FAQ","Ký blockchain bổ sung bằng chứng chống chỉnh sửa và khả năng kiểm chứng giao dịch. Luồng thao tác vẫn tương tự, chỉ thêm bước xác nhận ví khi bạn chọn blockchain.","1"
"Nếu tôi không rành blockchain thì có bắt buộc dùng không? (v14)","","FAQ","Không bắt buộc. Bạn có thể hoàn tất toàn bộ quy trình bằng hợp đồng truyền thống. Blockchain chỉ là tùy chọn tăng minh bạch khi bạn cần.","1"
"Thanh toán bằng ví điện tử bị chậm cập nhật thì xử lý thế nào? (v4)","","FAQ","Bạn kiểm tra lại đúng nội dung thanh toán, chờ vài phút để hệ thống đồng bộ, sau đó bấm thử lại. Nếu vẫn lỗi, gửi mã giao dịch cho hỗ trợ để đối soát.","1"
"Khi nào tôi cần kết nối ví Coin98 Wallet? (v14)","","FAQ","Chỉ khi bạn dùng tính năng blockchain như ký hợp đồng on-chain hoặc xác minh giao dịch. Các tính năng tìm phòng và đặt lịch không yêu cầu ví.","1"
"Điểm uy tín trên hệ thống được hiểu thế nào? (v14)","","FAQ","Điểm uy tín phản ánh mức độ tin cậy dựa trên hồ sơ xác thực, lịch sử thanh toán và phản hồi giữa các bên. Điểm cao giúp tăng niềm tin khi giao dịch.","1"
"Thuê phòng kỳ hạn 24 tháng thì cần lưu ý điều gì để tránh tranh chấp? (v4)","","FAQ","Bạn nên kiểm tra kỹ thời hạn, điều khoản cọc, chu kỳ thanh toán, quy định phát sinh phí và lưu lại mọi xác nhận quan trọng trong hệ thống.","1"
"Tôi mới dùng SmartRental, nên bắt đầu từ đâu để thuê phòng nhanh? (v15)","","FAQ","Bạn nên bắt đầu bằng việc hoàn tất hồ sơ cá nhân, sau đó tìm phòng theo khu vực và ngân sách, cuối cùng đặt lịch xem với các phòng đã xác thực.","1"
"Làm sao tìm phòng ở Hóc Môn mà không bị quá nhiều kết quả?","","FAQ","Bạn chỉ nên bật 3 bộ lọc chính trước: khu vực, mức giá và loại phòng. Khi đã có danh sách hẹp, mới thêm tiện ích để tối ưu lựa chọn.","1"
"Sau khi đặt lịch xem phòng tháng 4 thì tôi cần làm gì? (v1)","","FAQ","Bạn vào mục lịch hẹn để theo dõi trạng thái. Khi chủ trọ duyệt hoặc từ chối, hệ thống sẽ gửi thông báo ngay để bạn chủ động bước tiếp theo.","1"
"Ký hợp đồng truyền thống có an toàn không? (v15)","","FAQ","Có. Hợp đồng truyền thống vẫn là luồng chuẩn, dễ dùng cho người mới. Bạn chỉ cần đọc kỹ điều khoản, kiểm tra thông tin phòng và xác nhận đúng số tiền cọc.","1"
"Ký blockchain khác gì so với ký truyền thống? (v15)","","FAQ","Ký blockchain bổ sung bằng chứng chống chỉnh sửa và khả năng kiểm chứng giao dịch. Luồng thao tác vẫn tương tự, chỉ thêm bước xác nhận ví khi bạn chọn blockchain.","1"
"Nếu tôi không rành blockchain thì có bắt buộc dùng không? (v15)","","FAQ","Không bắt buộc. Bạn có thể hoàn tất toàn bộ quy trình bằng hợp đồng truyền thống. Blockchain chỉ là tùy chọn tăng minh bạch khi bạn cần.","1"
"Thanh toán bằng SePay bị chậm cập nhật thì xử lý thế nào? (v5)","","FAQ","Bạn kiểm tra lại đúng nội dung thanh toán, chờ vài phút để hệ thống đồng bộ, sau đó bấm thử lại. Nếu vẫn lỗi, gửi mã giao dịch cho hỗ trợ để đối soát.","1"
"Khi nào tôi cần kết nối ví MetaMask? (v15)","","FAQ","Chỉ khi bạn dùng tính năng blockchain như ký hợp đồng on-chain hoặc xác minh giao dịch. Các tính năng tìm phòng và đặt lịch không yêu cầu ví.","1"
"Điểm uy tín trên hệ thống được hiểu thế nào? (v15)","","FAQ","Điểm uy tín phản ánh mức độ tin cậy dựa trên hồ sơ xác thực, lịch sử thanh toán và phản hồi giữa các bên. Điểm cao giúp tăng niềm tin khi giao dịch.","1"
"Thuê phòng kỳ hạn 6 tháng thì cần lưu ý điều gì để tránh tranh chấp? (v5)","","FAQ","Bạn nên kiểm tra kỹ thời hạn, điều khoản cọc, chu kỳ thanh toán, quy định phát sinh phí và lưu lại mọi xác nhận quan trọng trong hệ thống.","1"
"Tôi mới dùng SmartRental, nên bắt đầu từ đâu để thuê phòng nhanh? (v16)","","FAQ","Bạn nên bắt đầu bằng việc xác thực email và số điện thoại, sau đó tìm phòng theo khu vực và ngân sách, cuối cùng đặt lịch xem với các phòng đã xác thực.","1"
"Làm sao tìm phòng ở Quận 1 mà không bị quá nhiều kết quả? (v1)","","FAQ","Bạn chỉ nên bật 3 bộ lọc chính trước: khu vực, mức giá và loại phòng. Khi đã có danh sách hẹp, mới thêm tiện ích để tối ưu lựa chọn.","1"
"Sau khi đặt lịch xem phòng tháng 5 thì tôi cần làm gì? (v1)","","FAQ","Bạn vào mục lịch hẹn để theo dõi trạng thái. Khi chủ trọ duyệt hoặc từ chối, hệ thống sẽ gửi thông báo ngay để bạn chủ động bước tiếp theo.","1"
"Ký hợp đồng truyền thống có an toàn không? (v16)","","FAQ","Có. Hợp đồng truyền thống vẫn là luồng chuẩn, dễ dùng cho người mới. Bạn chỉ cần đọc kỹ điều khoản, kiểm tra thông tin phòng và xác nhận đúng số tiền cọc.","1"
"Ký blockchain khác gì so với ký truyền thống? (v16)","","FAQ","Ký blockchain bổ sung bằng chứng chống chỉnh sửa và khả năng kiểm chứng giao dịch. Luồng thao tác vẫn tương tự, chỉ thêm bước xác nhận ví khi bạn chọn blockchain.","1"
"Nếu tôi không rành blockchain thì có bắt buộc dùng không? (v16)","","FAQ","Không bắt buộc. Bạn có thể hoàn tất toàn bộ quy trình bằng hợp đồng truyền thống. Blockchain chỉ là tùy chọn tăng minh bạch khi bạn cần.","1"
"Thanh toán bằng chuyển khoản ngân hàng bị chậm cập nhật thì xử lý thế nào? (v5)","","FAQ","Bạn kiểm tra lại đúng nội dung thanh toán, chờ vài phút để hệ thống đồng bộ, sau đó bấm thử lại. Nếu vẫn lỗi, gửi mã giao dịch cho hỗ trợ để đối soát.","1"
"Khi nào tôi cần kết nối ví Rabby? (v16)","","FAQ","Chỉ khi bạn dùng tính năng blockchain như ký hợp đồng on-chain hoặc xác minh giao dịch. Các tính năng tìm phòng và đặt lịch không yêu cầu ví.","1"
"Điểm uy tín trên hệ thống được hiểu thế nào? (v16)","","FAQ","Điểm uy tín phản ánh mức độ tin cậy dựa trên hồ sơ xác thực, lịch sử thanh toán và phản hồi giữa các bên. Điểm cao giúp tăng niềm tin khi giao dịch.","1"
"Thuê phòng kỳ hạn 12 tháng thì cần lưu ý điều gì để tránh tranh chấp? (v5)","","FAQ","Bạn nên kiểm tra kỹ thời hạn, điều khoản cọc, chu kỳ thanh toán, quy định phát sinh phí và lưu lại mọi xác nhận quan trọng trong hệ thống.","1"
"Tôi mới dùng SmartRental, nên bắt đầu từ đâu để thuê phòng nhanh? (v17)","","FAQ","Bạn nên bắt đầu bằng việc đặt ngân sách tối đa theo tháng, sau đó tìm phòng theo khu vực và ngân sách, cuối cùng đặt lịch xem với các phòng đã xác thực.","1"
"Làm sao tìm phòng ở Quận 3 mà không bị quá nhiều kết quả? (v1)","","FAQ","Bạn chỉ nên bật 3 bộ lọc chính trước: khu vực, mức giá và loại phòng. Khi đã có danh sách hẹp, mới thêm tiện ích để tối ưu lựa chọn.","1"
"Sau khi đặt lịch xem phòng tháng 6 thì tôi cần làm gì? (v1)","","FAQ","Bạn vào mục lịch hẹn để theo dõi trạng thái. Khi chủ trọ duyệt hoặc từ chối, hệ thống sẽ gửi thông báo ngay để bạn chủ động bước tiếp theo.","1"
"Ký hợp đồng truyền thống có an toàn không? (v17)","","FAQ","Có. Hợp đồng truyền thống vẫn là luồng chuẩn, dễ dùng cho người mới. Bạn chỉ cần đọc kỹ điều khoản, kiểm tra thông tin phòng và xác nhận đúng số tiền cọc.","1"
"Ký blockchain khác gì so với ký truyền thống? (v17)","","FAQ","Ký blockchain bổ sung bằng chứng chống chỉnh sửa và khả năng kiểm chứng giao dịch. Luồng thao tác vẫn tương tự, chỉ thêm bước xác nhận ví khi bạn chọn blockchain.","1"
"Nếu tôi không rành blockchain thì có bắt buộc dùng không? (v17)","","FAQ","Không bắt buộc. Bạn có thể hoàn tất toàn bộ quy trình bằng hợp đồng truyền thống. Blockchain chỉ là tùy chọn tăng minh bạch khi bạn cần.","1"
"Thanh toán bằng ví điện tử bị chậm cập nhật thì xử lý thế nào? (v5)","","FAQ","Bạn kiểm tra lại đúng nội dung thanh toán, chờ vài phút để hệ thống đồng bộ, sau đó bấm thử lại. Nếu vẫn lỗi, gửi mã giao dịch cho hỗ trợ để đối soát.","1"
"Khi nào tôi cần kết nối ví Coin98 Wallet? (v17)","","FAQ","Chỉ khi bạn dùng tính năng blockchain như ký hợp đồng on-chain hoặc xác minh giao dịch. Các tính năng tìm phòng và đặt lịch không yêu cầu ví.","1"
"Điểm uy tín trên hệ thống được hiểu thế nào? (v17)","","FAQ","Điểm uy tín phản ánh mức độ tin cậy dựa trên hồ sơ xác thực, lịch sử thanh toán và phản hồi giữa các bên. Điểm cao giúp tăng niềm tin khi giao dịch.","1"
"Thuê phòng kỳ hạn 24 tháng thì cần lưu ý điều gì để tránh tranh chấp? (v5)","","FAQ","Bạn nên kiểm tra kỹ thời hạn, điều khoản cọc, chu kỳ thanh toán, quy định phát sinh phí và lưu lại mọi xác nhận quan trọng trong hệ thống.","1"
"Tôi mới dùng SmartRental, nên bắt đầu từ đâu để thuê phòng nhanh? (v18)","","FAQ","Bạn nên bắt đầu bằng việc lưu phòng yêu thích để so sánh, sau đó tìm phòng theo khu vực và ngân sách, cuối cùng đặt lịch xem với các phòng đã xác thực.","1"
"Làm sao tìm phòng ở Quận 4 mà không bị quá nhiều kết quả? (v1)","","FAQ","Bạn chỉ nên bật 3 bộ lọc chính trước: khu vực, mức giá và loại phòng. Khi đã có danh sách hẹp, mới thêm tiện ích để tối ưu lựa chọn.","1"
"Sau khi đặt lịch xem phòng tháng 7 thì tôi cần làm gì? (v1)","","FAQ","Bạn vào mục lịch hẹn để theo dõi trạng thái. Khi chủ trọ duyệt hoặc từ chối, hệ thống sẽ gửi thông báo ngay để bạn chủ động bước tiếp theo.","1"
"Ký hợp đồng truyền thống có an toàn không? (v18)","","FAQ","Có. Hợp đồng truyền thống vẫn là luồng chuẩn, dễ dùng cho người mới. Bạn chỉ cần đọc kỹ điều khoản, kiểm tra thông tin phòng và xác nhận đúng số tiền cọc.","1"
"Ký blockchain khác gì so với ký truyền thống? (v18)","","FAQ","Ký blockchain bổ sung bằng chứng chống chỉnh sửa và khả năng kiểm chứng giao dịch. Luồng thao tác vẫn tương tự, chỉ thêm bước xác nhận ví khi bạn chọn blockchain.","1"
"Nếu tôi không rành blockchain thì có bắt buộc dùng không? (v18)","","FAQ","Không bắt buộc. Bạn có thể hoàn tất toàn bộ quy trình bằng hợp đồng truyền thống. Blockchain chỉ là tùy chọn tăng minh bạch khi bạn cần.","1"
"Thanh toán bằng SePay bị chậm cập nhật thì xử lý thế nào? (v6)","","FAQ","Bạn kiểm tra lại đúng nội dung thanh toán, chờ vài phút để hệ thống đồng bộ, sau đó bấm thử lại. Nếu vẫn lỗi, gửi mã giao dịch cho hỗ trợ để đối soát.","1"
"Khi nào tôi cần kết nối ví MetaMask? (v18)","","FAQ","Chỉ khi bạn dùng tính năng blockchain như ký hợp đồng on-chain hoặc xác minh giao dịch. Các tính năng tìm phòng và đặt lịch không yêu cầu ví.","1"
"Điểm uy tín trên hệ thống được hiểu thế nào? (v18)","","FAQ","Điểm uy tín phản ánh mức độ tin cậy dựa trên hồ sơ xác thực, lịch sử thanh toán và phản hồi giữa các bên. Điểm cao giúp tăng niềm tin khi giao dịch.","1"
"Thuê phòng kỳ hạn 6 tháng thì cần lưu ý điều gì để tránh tranh chấp? (v6)","","FAQ","Bạn nên kiểm tra kỹ thời hạn, điều khoản cọc, chu kỳ thanh toán, quy định phát sinh phí và lưu lại mọi xác nhận quan trọng trong hệ thống.","1"
"Tôi mới dùng SmartRental, nên bắt đầu từ đâu để thuê phòng nhanh? (v19)","","FAQ","Bạn nên bắt đầu bằng việc bật thông báo phản hồi lịch hẹn, sau đó tìm phòng theo khu vực và ngân sách, cuối cùng đặt lịch xem với các phòng đã xác thực.","1"
"Làm sao tìm phòng ở Quận 5 mà không bị quá nhiều kết quả? (v1)","","FAQ","Bạn chỉ nên bật 3 bộ lọc chính trước: khu vực, mức giá và loại phòng. Khi đã có danh sách hẹp, mới thêm tiện ích để tối ưu lựa chọn.","1"
"Sau khi đặt lịch xem phòng tháng 8 thì tôi cần làm gì? (v1)","","FAQ","Bạn vào mục lịch hẹn để theo dõi trạng thái. Khi chủ trọ duyệt hoặc từ chối, hệ thống sẽ gửi thông báo ngay để bạn chủ động bước tiếp theo.","1"
"Ký hợp đồng truyền thống có an toàn không? (v19)","","FAQ","Có. Hợp đồng truyền thống vẫn là luồng chuẩn, dễ dùng cho người mới. Bạn chỉ cần đọc kỹ điều khoản, kiểm tra thông tin phòng và xác nhận đúng số tiền cọc.","1"
"Ký blockchain khác gì so với ký truyền thống? (v19)","","FAQ","Ký blockchain bổ sung bằng chứng chống chỉnh sửa và khả năng kiểm chứng giao dịch. Luồng thao tác vẫn tương tự, chỉ thêm bước xác nhận ví khi bạn chọn blockchain.","1"
"Nếu tôi không rành blockchain thì có bắt buộc dùng không? (v19)","","FAQ","Không bắt buộc. Bạn có thể hoàn tất toàn bộ quy trình bằng hợp đồng truyền thống. Blockchain chỉ là tùy chọn tăng minh bạch khi bạn cần.","1"
"Thanh toán bằng chuyển khoản ngân hàng bị chậm cập nhật thì xử lý thế nào? (v6)","","FAQ","Bạn kiểm tra lại đúng nội dung thanh toán, chờ vài phút để hệ thống đồng bộ, sau đó bấm thử lại. Nếu vẫn lỗi, gửi mã giao dịch cho hỗ trợ để đối soát.","1"
"Khi nào tôi cần kết nối ví Rabby? (v19)","","FAQ","Chỉ khi bạn dùng tính năng blockchain như ký hợp đồng on-chain hoặc xác minh giao dịch. Các tính năng tìm phòng và đặt lịch không yêu cầu ví.","1"
"Điểm uy tín trên hệ thống được hiểu thế nào? (v19)","","FAQ","Điểm uy tín phản ánh mức độ tin cậy dựa trên hồ sơ xác thực, lịch sử thanh toán và phản hồi giữa các bên. Điểm cao giúp tăng niềm tin khi giao dịch.","1"
"Thuê phòng kỳ hạn 12 tháng thì cần lưu ý điều gì để tránh tranh chấp? (v6)","","FAQ","Bạn nên kiểm tra kỹ thời hạn, điều khoản cọc, chu kỳ thanh toán, quy định phát sinh phí và lưu lại mọi xác nhận quan trọng trong hệ thống.","1"
"Tôi mới dùng SmartRental, nên bắt đầu từ đâu để thuê phòng nhanh? (v20)","","FAQ","Bạn nên bắt đầu bằng việc hoàn tất hồ sơ cá nhân, sau đó tìm phòng theo khu vực và ngân sách, cuối cùng đặt lịch xem với các phòng đã xác thực.","1"
"Làm sao tìm phòng ở Quận 7 mà không bị quá nhiều kết quả? (v1)","","FAQ","Bạn chỉ nên bật 3 bộ lọc chính trước: khu vực, mức giá và loại phòng. Khi đã có danh sách hẹp, mới thêm tiện ích để tối ưu lựa chọn.","1"
"Sau khi đặt lịch xem phòng tháng 9 thì tôi cần làm gì? (v1)","","FAQ","Bạn vào mục lịch hẹn để theo dõi trạng thái. Khi chủ trọ duyệt hoặc từ chối, hệ thống sẽ gửi thông báo ngay để bạn chủ động bước tiếp theo.","1"
"Ký hợp đồng truyền thống có an toàn không? (v20)","","FAQ","Có. Hợp đồng truyền thống vẫn là luồng chuẩn, dễ dùng cho người mới. Bạn chỉ cần đọc kỹ điều khoản, kiểm tra thông tin phòng và xác nhận đúng số tiền cọc.","1"
"Ký blockchain khác gì so với ký truyền thống? (v20)","","FAQ","Ký blockchain bổ sung bằng chứng chống chỉnh sửa và khả năng kiểm chứng giao dịch. Luồng thao tác vẫn tương tự, chỉ thêm bước xác nhận ví khi bạn chọn blockchain.","1"
"Nếu tôi không rành blockchain thì có bắt buộc dùng không? (v20)","","FAQ","Không bắt buộc. Bạn có thể hoàn tất toàn bộ quy trình bằng hợp đồng truyền thống. Blockchain chỉ là tùy chọn tăng minh bạch khi bạn cần.","1"
"Thanh toán bằng ví điện tử bị chậm cập nhật thì xử lý thế nào? (v6)","","FAQ","Bạn kiểm tra lại đúng nội dung thanh toán, chờ vài phút để hệ thống đồng bộ, sau đó bấm thử lại. Nếu vẫn lỗi, gửi mã giao dịch cho hỗ trợ để đối soát.","1"
"Khi nào tôi cần kết nối ví Coin98 Wallet? (v20)","","FAQ","Chỉ khi bạn dùng tính năng blockchain như ký hợp đồng on-chain hoặc xác minh giao dịch. Các tính năng tìm phòng và đặt lịch không yêu cầu ví.","1"
"Điểm uy tín trên hệ thống được hiểu thế nào? (v20)","","FAQ","Điểm uy tín phản ánh mức độ tin cậy dựa trên hồ sơ xác thực, lịch sử thanh toán và phản hồi giữa các bên. Điểm cao giúp tăng niềm tin khi giao dịch.","1"
"Thuê phòng kỳ hạn 24 tháng thì cần lưu ý điều gì để tránh tranh chấp? (v6)","","FAQ","Bạn nên kiểm tra kỹ thời hạn, điều khoản cọc, chu kỳ thanh toán, quy định phát sinh phí và lưu lại mọi xác nhận quan trọng trong hệ thống.","1"
"Tôi mới dùng SmartRental, nên bắt đầu từ đâu để thuê phòng nhanh? (v21)","","FAQ","Bạn nên bắt đầu bằng việc xác thực email và số điện thoại, sau đó tìm phòng theo khu vực và ngân sách, cuối cùng đặt lịch xem với các phòng đã xác thực.","1"
"Làm sao tìm phòng ở Quận 10 mà không bị quá nhiều kết quả? (v1)","","FAQ","Bạn chỉ nên bật 3 bộ lọc chính trước: khu vực, mức giá và loại phòng. Khi đã có danh sách hẹp, mới thêm tiện ích để tối ưu lựa chọn.","1"
"Sau khi đặt lịch xem phòng tháng 10 thì tôi cần làm gì? (v1)","","FAQ","Bạn vào mục lịch hẹn để theo dõi trạng thái. Khi chủ trọ duyệt hoặc từ chối, hệ thống sẽ gửi thông báo ngay để bạn chủ động bước tiếp theo.","1"
"Ký hợp đồng truyền thống có an toàn không? (v21)","","FAQ","Có. Hợp đồng truyền thống vẫn là luồng chuẩn, dễ dùng cho người mới. Bạn chỉ cần đọc kỹ điều khoản, kiểm tra thông tin phòng và xác nhận đúng số tiền cọc.","1"
"Ký blockchain khác gì so với ký truyền thống? (v21)","","FAQ","Ký blockchain bổ sung bằng chứng chống chỉnh sửa và khả năng kiểm chứng giao dịch. Luồng thao tác vẫn tương tự, chỉ thêm bước xác nhận ví khi bạn chọn blockchain.","1"
"Nếu tôi không rành blockchain thì có bắt buộc dùng không? (v21)","","FAQ","Không bắt buộc. Bạn có thể hoàn tất toàn bộ quy trình bằng hợp đồng truyền thống. Blockchain chỉ là tùy chọn tăng minh bạch khi bạn cần.","1"
"Thanh toán bằng SePay bị chậm cập nhật thì xử lý thế nào? (v7)","","FAQ","Bạn kiểm tra lại đúng nội dung thanh toán, chờ vài phút để hệ thống đồng bộ, sau đó bấm thử lại. Nếu vẫn lỗi, gửi mã giao dịch cho hỗ trợ để đối soát.","1"
"Khi nào tôi cần kết nối ví MetaMask? (v21)","","FAQ","Chỉ khi bạn dùng tính năng blockchain như ký hợp đồng on-chain hoặc xác minh giao dịch. Các tính năng tìm phòng và đặt lịch không yêu cầu ví.","1"
"Điểm uy tín trên hệ thống được hiểu thế nào? (v21)","","FAQ","Điểm uy tín phản ánh mức độ tin cậy dựa trên hồ sơ xác thực, lịch sử thanh toán và phản hồi giữa các bên. Điểm cao giúp tăng niềm tin khi giao dịch.","1"
"Thuê phòng kỳ hạn 6 tháng thì cần lưu ý điều gì để tránh tranh chấp? (v7)","","FAQ","Bạn nên kiểm tra kỹ thời hạn, điều khoản cọc, chu kỳ thanh toán, quy định phát sinh phí và lưu lại mọi xác nhận quan trọng trong hệ thống.","1"
"Tôi mới dùng SmartRental, nên bắt đầu từ đâu để thuê phòng nhanh? (v22)","","FAQ","Bạn nên bắt đầu bằng việc đặt ngân sách tối đa theo tháng, sau đó tìm phòng theo khu vực và ngân sách, cuối cùng đặt lịch xem với các phòng đã xác thực.","1"
"Làm sao tìm phòng ở Quận 12 mà không bị quá nhiều kết quả? (v1)","","FAQ","Bạn chỉ nên bật 3 bộ lọc chính trước: khu vực, mức giá và loại phòng. Khi đã có danh sách hẹp, mới thêm tiện ích để tối ưu lựa chọn.","1"
"Sau khi đặt lịch xem phòng tháng 11 thì tôi cần làm gì? (v1)","","FAQ","Bạn vào mục lịch hẹn để theo dõi trạng thái. Khi chủ trọ duyệt hoặc từ chối, hệ thống sẽ gửi thông báo ngay để bạn chủ động bước tiếp theo.","1"
"Ký hợp đồng truyền thống có an toàn không? (v22)","","FAQ","Có. Hợp đồng truyền thống vẫn là luồng chuẩn, dễ dùng cho người mới. Bạn chỉ cần đọc kỹ điều khoản, kiểm tra thông tin phòng và xác nhận đúng số tiền cọc.","1"
"Ký blockchain khác gì so với ký truyền thống? (v22)","","FAQ","Ký blockchain bổ sung bằng chứng chống chỉnh sửa và khả năng kiểm chứng giao dịch. Luồng thao tác vẫn tương tự, chỉ thêm bước xác nhận ví khi bạn chọn blockchain.","1"
"Nếu tôi không rành blockchain thì có bắt buộc dùng không? (v22)","","FAQ","Không bắt buộc. Bạn có thể hoàn tất toàn bộ quy trình bằng hợp đồng truyền thống. Blockchain chỉ là tùy chọn tăng minh bạch khi bạn cần.","1"
"Thanh toán bằng chuyển khoản ngân hàng bị chậm cập nhật thì xử lý thế nào? (v7)","","FAQ","Bạn kiểm tra lại đúng nội dung thanh toán, chờ vài phút để hệ thống đồng bộ, sau đó bấm thử lại. Nếu vẫn lỗi, gửi mã giao dịch cho hỗ trợ để đối soát.","1"
"Khi nào tôi cần kết nối ví Rabby? (v22)","","FAQ","Chỉ khi bạn dùng tính năng blockchain như ký hợp đồng on-chain hoặc xác minh giao dịch. Các tính năng tìm phòng và đặt lịch không yêu cầu ví.","1"
"Điểm uy tín trên hệ thống được hiểu thế nào? (v22)","","FAQ","Điểm uy tín phản ánh mức độ tin cậy dựa trên hồ sơ xác thực, lịch sử thanh toán và phản hồi giữa các bên. Điểm cao giúp tăng niềm tin khi giao dịch.","1"
"Thuê phòng kỳ hạn 12 tháng thì cần lưu ý điều gì để tránh tranh chấp? (v7)","","FAQ","Bạn nên kiểm tra kỹ thời hạn, điều khoản cọc, chu kỳ thanh toán, quy định phát sinh phí và lưu lại mọi xác nhận quan trọng trong hệ thống.","1"
"Tôi mới dùng SmartRental, nên bắt đầu từ đâu để thuê phòng nhanh? (v23)","","FAQ","Bạn nên bắt đầu bằng việc lưu phòng yêu thích để so sánh, sau đó tìm phòng theo khu vực và ngân sách, cuối cùng đặt lịch xem với các phòng đã xác thực.","1"
"Làm sao tìm phòng ở Gò Vấp mà không bị quá nhiều kết quả? (v1)","","FAQ","Bạn chỉ nên bật 3 bộ lọc chính trước: khu vực, mức giá và loại phòng. Khi đã có danh sách hẹp, mới thêm tiện ích để tối ưu lựa chọn.","1"
"Sau khi đặt lịch xem phòng tháng 12 thì tôi cần làm gì? (v1)","","FAQ","Bạn vào mục lịch hẹn để theo dõi trạng thái. Khi chủ trọ duyệt hoặc từ chối, hệ thống sẽ gửi thông báo ngay để bạn chủ động bước tiếp theo.","1"
"Ký hợp đồng truyền thống có an toàn không? (v23)","","FAQ","Có. Hợp đồng truyền thống vẫn là luồng chuẩn, dễ dùng cho người mới. Bạn chỉ cần đọc kỹ điều khoản, kiểm tra thông tin phòng và xác nhận đúng số tiền cọc.","1"
"Ký blockchain khác gì so với ký truyền thống? (v23)","","FAQ","Ký blockchain bổ sung bằng chứng chống chỉnh sửa và khả năng kiểm chứng giao dịch. Luồng thao tác vẫn tương tự, chỉ thêm bước xác nhận ví khi bạn chọn blockchain.","1"
"Nếu tôi không rành blockchain thì có bắt buộc dùng không? (v23)","","FAQ","Không bắt buộc. Bạn có thể hoàn tất toàn bộ quy trình bằng hợp đồng truyền thống. Blockchain chỉ là tùy chọn tăng minh bạch khi bạn cần.","1"
"Thanh toán bằng ví điện tử bị chậm cập nhật thì xử lý thế nào? (v7)","","FAQ","Bạn kiểm tra lại đúng nội dung thanh toán, chờ vài phút để hệ thống đồng bộ, sau đó bấm thử lại. Nếu vẫn lỗi, gửi mã giao dịch cho hỗ trợ để đối soát.","1"
"Khi nào tôi cần kết nối ví Coin98 Wallet? (v23)","","FAQ","Chỉ khi bạn dùng tính năng blockchain như ký hợp đồng on-chain hoặc xác minh giao dịch. Các tính năng tìm phòng và đặt lịch không yêu cầu ví.","1"
"Điểm uy tín trên hệ thống được hiểu thế nào? (v23)","","FAQ","Điểm uy tín phản ánh mức độ tin cậy dựa trên hồ sơ xác thực, lịch sử thanh toán và phản hồi giữa các bên. Điểm cao giúp tăng niềm tin khi giao dịch.","1"
"Thuê phòng kỳ hạn 24 tháng thì cần lưu ý điều gì để tránh tranh chấp? (v7)","","FAQ","Bạn nên kiểm tra kỹ thời hạn, điều khoản cọc, chu kỳ thanh toán, quy định phát sinh phí và lưu lại mọi xác nhận quan trọng trong hệ thống.","1"
"Tôi mới dùng SmartRental, nên bắt đầu từ đâu để thuê phòng nhanh? (v24)","","FAQ","Bạn nên bắt đầu bằng việc bật thông báo phản hồi lịch hẹn, sau đó tìm phòng theo khu vực và ngân sách, cuối cùng đặt lịch xem với các phòng đã xác thực.","1"
"Làm sao tìm phòng ở Bình Thạnh mà không bị quá nhiều kết quả? (v1)","","FAQ","Bạn chỉ nên bật 3 bộ lọc chính trước: khu vực, mức giá và loại phòng. Khi đã có danh sách hẹp, mới thêm tiện ích để tối ưu lựa chọn.","1"
"Sau khi đặt lịch xem phòng tháng 1 thì tôi cần làm gì? (v2)","","FAQ","Bạn vào mục lịch hẹn để theo dõi trạng thái. Khi chủ trọ duyệt hoặc từ chối, hệ thống sẽ gửi thông báo ngay để bạn chủ động bước tiếp theo.","1"
"Ký hợp đồng truyền thống có an toàn không? (v24)","","FAQ","Có. Hợp đồng truyền thống vẫn là luồng chuẩn, dễ dùng cho người mới. Bạn chỉ cần đọc kỹ điều khoản, kiểm tra thông tin phòng và xác nhận đúng số tiền cọc.","1"
"Ký blockchain khác gì so với ký truyền thống? (v24)","","FAQ","Ký blockchain bổ sung bằng chứng chống chỉnh sửa và khả năng kiểm chứng giao dịch. Luồng thao tác vẫn tương tự, chỉ thêm bước xác nhận ví khi bạn chọn blockchain.","1"
"Nếu tôi không rành blockchain thì có bắt buộc dùng không? (v24)","","FAQ","Không bắt buộc. Bạn có thể hoàn tất toàn bộ quy trình bằng hợp đồng truyền thống. Blockchain chỉ là tùy chọn tăng minh bạch khi bạn cần.","1"
"Thanh toán bằng SePay bị chậm cập nhật thì xử lý thế nào? (v8)","","FAQ","Bạn kiểm tra lại đúng nội dung thanh toán, chờ vài phút để hệ thống đồng bộ, sau đó bấm thử lại. Nếu vẫn lỗi, gửi mã giao dịch cho hỗ trợ để đối soát.","1"
"Khi nào tôi cần kết nối ví MetaMask? (v24)","","FAQ","Chỉ khi bạn dùng tính năng blockchain như ký hợp đồng on-chain hoặc xác minh giao dịch. Các tính năng tìm phòng và đặt lịch không yêu cầu ví.","1"
"Điểm uy tín trên hệ thống được hiểu thế nào? (v24)","","FAQ","Điểm uy tín phản ánh mức độ tin cậy dựa trên hồ sơ xác thực, lịch sử thanh toán và phản hồi giữa các bên. Điểm cao giúp tăng niềm tin khi giao dịch.","1"
"Thuê phòng kỳ hạn 6 tháng thì cần lưu ý điều gì để tránh tranh chấp? (v8)","","FAQ","Bạn nên kiểm tra kỹ thời hạn, điều khoản cọc, chu kỳ thanh toán, quy định phát sinh phí và lưu lại mọi xác nhận quan trọng trong hệ thống.","1"
"Tôi mới dùng SmartRental, nên bắt đầu từ đâu để thuê phòng nhanh? (v25)","","FAQ","Bạn nên bắt đầu bằng việc hoàn tất hồ sơ cá nhân, sau đó tìm phòng theo khu vực và ngân sách, cuối cùng đặt lịch xem với các phòng đã xác thực.","1"
"Làm sao tìm phòng ở Tân Bình mà không bị quá nhiều kết quả? (v1)","","FAQ","Bạn chỉ nên bật 3 bộ lọc chính trước: khu vực, mức giá và loại phòng. Khi đã có danh sách hẹp, mới thêm tiện ích để tối ưu lựa chọn.","1"
"Sau khi đặt lịch xem phòng tháng 2 thì tôi cần làm gì? (v2)","","FAQ","Bạn vào mục lịch hẹn để theo dõi trạng thái. Khi chủ trọ duyệt hoặc từ chối, hệ thống sẽ gửi thông báo ngay để bạn chủ động bước tiếp theo.","1"
"Ký hợp đồng truyền thống có an toàn không? (v25)","","FAQ","Có. Hợp đồng truyền thống vẫn là luồng chuẩn, dễ dùng cho người mới. Bạn chỉ cần đọc kỹ điều khoản, kiểm tra thông tin phòng và xác nhận đúng số tiền cọc.","1"
"Ký blockchain khác gì so với ký truyền thống? (v25)","","FAQ","Ký blockchain bổ sung bằng chứng chống chỉnh sửa và khả năng kiểm chứng giao dịch. Luồng thao tác vẫn tương tự, chỉ thêm bước xác nhận ví khi bạn chọn blockchain.","1"
"Nếu tôi không rành blockchain thì có bắt buộc dùng không? (v25)","","FAQ","Không bắt buộc. Bạn có thể hoàn tất toàn bộ quy trình bằng hợp đồng truyền thống. Blockchain chỉ là tùy chọn tăng minh bạch khi bạn cần.","1"
"Thanh toán bằng chuyển khoản ngân hàng bị chậm cập nhật thì xử lý thế nào? (v8)","","FAQ","Bạn kiểm tra lại đúng nội dung thanh toán, chờ vài phút để hệ thống đồng bộ, sau đó bấm thử lại. Nếu vẫn lỗi, gửi mã giao dịch cho hỗ trợ để đối soát.","1"
"Khi nào tôi cần kết nối ví Rabby? (v25)","","FAQ","Chỉ khi bạn dùng tính năng blockchain như ký hợp đồng on-chain hoặc xác minh giao dịch. Các tính năng tìm phòng và đặt lịch không yêu cầu ví.","1"
"Điểm uy tín trên hệ thống được hiểu thế nào? (v25)","","FAQ","Điểm uy tín phản ánh mức độ tin cậy dựa trên hồ sơ xác thực, lịch sử thanh toán và phản hồi giữa các bên. Điểm cao giúp tăng niềm tin khi giao dịch.","1"
"Thuê phòng kỳ hạn 12 tháng thì cần lưu ý điều gì để tránh tranh chấp? (v8)","","FAQ","Bạn nên kiểm tra kỹ thời hạn, điều khoản cọc, chu kỳ thanh toán, quy định phát sinh phí và lưu lại mọi xác nhận quan trọng trong hệ thống.","1"
"Tôi mới dùng SmartRental, nên bắt đầu từ đâu để thuê phòng nhanh? (v26)","","FAQ","Bạn nên bắt đầu bằng việc xác thực email và số điện thoại, sau đó tìm phòng theo khu vực và ngân sách, cuối cùng đặt lịch xem với các phòng đã xác thực.","1"
"Làm sao tìm phòng ở Thủ Đức mà không bị quá nhiều kết quả? (v1)","","FAQ","Bạn chỉ nên bật 3 bộ lọc chính trước: khu vực, mức giá và loại phòng. Khi đã có danh sách hẹp, mới thêm tiện ích để tối ưu lựa chọn.","1"
"Sau khi đặt lịch xem phòng tháng 3 thì tôi cần làm gì? (v2)","","FAQ","Bạn vào mục lịch hẹn để theo dõi trạng thái. Khi chủ trọ duyệt hoặc từ chối, hệ thống sẽ gửi thông báo ngay để bạn chủ động bước tiếp theo.","1"
"Ký hợp đồng truyền thống có an toàn không? (v26)","","FAQ","Có. Hợp đồng truyền thống vẫn là luồng chuẩn, dễ dùng cho người mới. Bạn chỉ cần đọc kỹ điều khoản, kiểm tra thông tin phòng và xác nhận đúng số tiền cọc.","1"
"Ký blockchain khác gì so với ký truyền thống? (v26)","","FAQ","Ký blockchain bổ sung bằng chứng chống chỉnh sửa và khả năng kiểm chứng giao dịch. Luồng thao tác vẫn tương tự, chỉ thêm bước xác nhận ví khi bạn chọn blockchain.","1"
"Nếu tôi không rành blockchain thì có bắt buộc dùng không? (v26)","","FAQ","Không bắt buộc. Bạn có thể hoàn tất toàn bộ quy trình bằng hợp đồng truyền thống. Blockchain chỉ là tùy chọn tăng minh bạch khi bạn cần.","1"
"Thanh toán bằng ví điện tử bị chậm cập nhật thì xử lý thế nào? (v8)","","FAQ","Bạn kiểm tra lại đúng nội dung thanh toán, chờ vài phút để hệ thống đồng bộ, sau đó bấm thử lại. Nếu vẫn lỗi, gửi mã giao dịch cho hỗ trợ để đối soát.","1"
"Khi nào tôi cần kết nối ví Coin98 Wallet? (v26)","","FAQ","Chỉ khi bạn dùng tính năng blockchain như ký hợp đồng on-chain hoặc xác minh giao dịch. Các tính năng tìm phòng và đặt lịch không yêu cầu ví.","1"
"Điểm uy tín trên hệ thống được hiểu thế nào? (v26)","","FAQ","Điểm uy tín phản ánh mức độ tin cậy dựa trên hồ sơ xác thực, lịch sử thanh toán và phản hồi giữa các bên. Điểm cao giúp tăng niềm tin khi giao dịch.","1"
"Thuê phòng kỳ hạn 24 tháng thì cần lưu ý điều gì để tránh tranh chấp? (v8)","","FAQ","Bạn nên kiểm tra kỹ thời hạn, điều khoản cọc, chu kỳ thanh toán, quy định phát sinh phí và lưu lại mọi xác nhận quan trọng trong hệ thống.","1"
"Tôi mới dùng SmartRental, nên bắt đầu từ đâu để thuê phòng nhanh? (v27)","","FAQ","Bạn nên bắt đầu bằng việc đặt ngân sách tối đa theo tháng, sau đó tìm phòng theo khu vực và ngân sách, cuối cùng đặt lịch xem với các phòng đã xác thực.","1"
"Làm sao tìm phòng ở Phú Nhuận mà không bị quá nhiều kết quả? (v1)","","FAQ","Bạn chỉ nên bật 3 bộ lọc chính trước: khu vực, mức giá và loại phòng. Khi đã có danh sách hẹp, mới thêm tiện ích để tối ưu lựa chọn.","1"
"Sau khi đặt lịch xem phòng tháng 4 thì tôi cần làm gì? (v2)","","FAQ","Bạn vào mục lịch hẹn để theo dõi trạng thái. Khi chủ trọ duyệt hoặc từ chối, hệ thống sẽ gửi thông báo ngay để bạn chủ động bước tiếp theo.","1"
"Ký hợp đồng truyền thống có an toàn không? (v27)","","FAQ","Có. Hợp đồng truyền thống vẫn là luồng chuẩn, dễ dùng cho người mới. Bạn chỉ cần đọc kỹ điều khoản, kiểm tra thông tin phòng và xác nhận đúng số tiền cọc.","1"
"Ký blockchain khác gì so với ký truyền thống? (v27)","","FAQ","Ký blockchain bổ sung bằng chứng chống chỉnh sửa và khả năng kiểm chứng giao dịch. Luồng thao tác vẫn tương tự, chỉ thêm bước xác nhận ví khi bạn chọn blockchain.","1"
"Nếu tôi không rành blockchain thì có bắt buộc dùng không? (v27)","","FAQ","Không bắt buộc. Bạn có thể hoàn tất toàn bộ quy trình bằng hợp đồng truyền thống. Blockchain chỉ là tùy chọn tăng minh bạch khi bạn cần.","1"
"Thanh toán bằng SePay bị chậm cập nhật thì xử lý thế nào? (v9)","","FAQ","Bạn kiểm tra lại đúng nội dung thanh toán, chờ vài phút để hệ thống đồng bộ, sau đó bấm thử lại. Nếu vẫn lỗi, gửi mã giao dịch cho hỗ trợ để đối soát.","1"
"Khi nào tôi cần kết nối ví MetaMask? (v27)","","FAQ","Chỉ khi bạn dùng tính năng blockchain như ký hợp đồng on-chain hoặc xác minh giao dịch. Các tính năng tìm phòng và đặt lịch không yêu cầu ví.","1"
"Điểm uy tín trên hệ thống được hiểu thế nào? (v27)","","FAQ","Điểm uy tín phản ánh mức độ tin cậy dựa trên hồ sơ xác thực, lịch sử thanh toán và phản hồi giữa các bên. Điểm cao giúp tăng niềm tin khi giao dịch.","1"
"Thuê phòng kỳ hạn 6 tháng thì cần lưu ý điều gì để tránh tranh chấp? (v9)","","FAQ","Bạn nên kiểm tra kỹ thời hạn, điều khoản cọc, chu kỳ thanh toán, quy định phát sinh phí và lưu lại mọi xác nhận quan trọng trong hệ thống.","1"
"Tôi mới dùng SmartRental, nên bắt đầu từ đâu để thuê phòng nhanh? (v28)","","FAQ","Bạn nên bắt đầu bằng việc lưu phòng yêu thích để so sánh, sau đó tìm phòng theo khu vực và ngân sách, cuối cùng đặt lịch xem với các phòng đã xác thực.","1"
"Làm sao tìm phòng ở Bình Tân mà không bị quá nhiều kết quả? (v1)","","FAQ","Bạn chỉ nên bật 3 bộ lọc chính trước: khu vực, mức giá và loại phòng. Khi đã có danh sách hẹp, mới thêm tiện ích để tối ưu lựa chọn.","1"
"Sau khi đặt lịch xem phòng tháng 5 thì tôi cần làm gì? (v2)","","FAQ","Bạn vào mục lịch hẹn để theo dõi trạng thái. Khi chủ trọ duyệt hoặc từ chối, hệ thống sẽ gửi thông báo ngay để bạn chủ động bước tiếp theo.","1"
"Ký hợp đồng truyền thống có an toàn không? (v28)","","FAQ","Có. Hợp đồng truyền thống vẫn là luồng chuẩn, dễ dùng cho người mới. Bạn chỉ cần đọc kỹ điều khoản, kiểm tra thông tin phòng và xác nhận đúng số tiền cọc.","1"
"Ký blockchain khác gì so với ký truyền thống? (v28)","","FAQ","Ký blockchain bổ sung bằng chứng chống chỉnh sửa và khả năng kiểm chứng giao dịch. Luồng thao tác vẫn tương tự, chỉ thêm bước xác nhận ví khi bạn chọn blockchain.","1"
"Nếu tôi không rành blockchain thì có bắt buộc dùng không? (v28)","","FAQ","Không bắt buộc. Bạn có thể hoàn tất toàn bộ quy trình bằng hợp đồng truyền thống. Blockchain chỉ là tùy chọn tăng minh bạch khi bạn cần.","1"
"Thanh toán bằng chuyển khoản ngân hàng bị chậm cập nhật thì xử lý thế nào? (v9)","","FAQ","Bạn kiểm tra lại đúng nội dung thanh toán, chờ vài phút để hệ thống đồng bộ, sau đó bấm thử lại. Nếu vẫn lỗi, gửi mã giao dịch cho hỗ trợ để đối soát.","1"
"Khi nào tôi cần kết nối ví Rabby? (v28)","","FAQ","Chỉ khi bạn dùng tính năng blockchain như ký hợp đồng on-chain hoặc xác minh giao dịch. Các tính năng tìm phòng và đặt lịch không yêu cầu ví.","1"
"Điểm uy tín trên hệ thống được hiểu thế nào? (v28)","","FAQ","Điểm uy tín phản ánh mức độ tin cậy dựa trên hồ sơ xác thực, lịch sử thanh toán và phản hồi giữa các bên. Điểm cao giúp tăng niềm tin khi giao dịch.","1"
"Thuê phòng kỳ hạn 12 tháng thì cần lưu ý điều gì để tránh tranh chấp? (v9)","","FAQ","Bạn nên kiểm tra kỹ thời hạn, điều khoản cọc, chu kỳ thanh toán, quy định phát sinh phí và lưu lại mọi xác nhận quan trọng trong hệ thống.","1"
"Tôi mới dùng SmartRental, nên bắt đầu từ đâu để thuê phòng nhanh? (v29)","","FAQ","Bạn nên bắt đầu bằng việc bật thông báo phản hồi lịch hẹn, sau đó tìm phòng theo khu vực và ngân sách, cuối cùng đặt lịch xem với các phòng đã xác thực.","1"
"Làm sao tìm phòng ở Bình Chánh mà không bị quá nhiều kết quả? (v1)","","FAQ","Bạn chỉ nên bật 3 bộ lọc chính trước: khu vực, mức giá và loại phòng. Khi đã có danh sách hẹp, mới thêm tiện ích để tối ưu lựa chọn.","1"
"Sau khi đặt lịch xem phòng tháng 6 thì tôi cần làm gì? (v2)","","FAQ","Bạn vào mục lịch hẹn để theo dõi trạng thái. Khi chủ trọ duyệt hoặc từ chối, hệ thống sẽ gửi thông báo ngay để bạn chủ động bước tiếp theo.","1"
"Ký hợp đồng truyền thống có an toàn không? (v29)","","FAQ","Có. Hợp đồng truyền thống vẫn là luồng chuẩn, dễ dùng cho người mới. Bạn chỉ cần đọc kỹ điều khoản, kiểm tra thông tin phòng và xác nhận đúng số tiền cọc.","1"
"Ký blockchain khác gì so với ký truyền thống? (v29)","","FAQ","Ký blockchain bổ sung bằng chứng chống chỉnh sửa và khả năng kiểm chứng giao dịch. Luồng thao tác vẫn tương tự, chỉ thêm bước xác nhận ví khi bạn chọn blockchain.","1"
"Nếu tôi không rành blockchain thì có bắt buộc dùng không? (v29)","","FAQ","Không bắt buộc. Bạn có thể hoàn tất toàn bộ quy trình bằng hợp đồng truyền thống. Blockchain chỉ là tùy chọn tăng minh bạch khi bạn cần.","1"
"Thanh toán bằng ví điện tử bị chậm cập nhật thì xử lý thế nào? (v9)","","FAQ","Bạn kiểm tra lại đúng nội dung thanh toán, chờ vài phút để hệ thống đồng bộ, sau đó bấm thử lại. Nếu vẫn lỗi, gửi mã giao dịch cho hỗ trợ để đối soát.","1"
"Khi nào tôi cần kết nối ví Coin98 Wallet? (v29)","","FAQ","Chỉ khi bạn dùng tính năng blockchain như ký hợp đồng on-chain hoặc xác minh giao dịch. Các tính năng tìm phòng và đặt lịch không yêu cầu ví.","1"
"Điểm uy tín trên hệ thống được hiểu thế nào? (v29)","","FAQ","Điểm uy tín phản ánh mức độ tin cậy dựa trên hồ sơ xác thực, lịch sử thanh toán và phản hồi giữa các bên. Điểm cao giúp tăng niềm tin khi giao dịch.","1"
"Thuê phòng kỳ hạn 24 tháng thì cần lưu ý điều gì để tránh tranh chấp? (v9)","","FAQ","Bạn nên kiểm tra kỹ thời hạn, điều khoản cọc, chu kỳ thanh toán, quy định phát sinh phí và lưu lại mọi xác nhận quan trọng trong hệ thống.","1"
"Tôi mới dùng SmartRental, nên bắt đầu từ đâu để thuê phòng nhanh? (v30)","","FAQ","Bạn nên bắt đầu bằng việc hoàn tất hồ sơ cá nhân, sau đó tìm phòng theo khu vực và ngân sách, cuối cùng đặt lịch xem với các phòng đã xác thực.","1"
"Làm sao tìm phòng ở Nhà Bè mà không bị quá nhiều kết quả? (v1)","","FAQ","Bạn chỉ nên bật 3 bộ lọc chính trước: khu vực, mức giá và loại phòng. Khi đã có danh sách hẹp, mới thêm tiện ích để tối ưu lựa chọn.","1"
"Sau khi đặt lịch xem phòng tháng 7 thì tôi cần làm gì? (v2)","","FAQ","Bạn vào mục lịch hẹn để theo dõi trạng thái. Khi chủ trọ duyệt hoặc từ chối, hệ thống sẽ gửi thông báo ngay để bạn chủ động bước tiếp theo.","1"
"Ký hợp đồng truyền thống có an toàn không? (v30)","","FAQ","Có. Hợp đồng truyền thống vẫn là luồng chuẩn, dễ dùng cho người mới. Bạn chỉ cần đọc kỹ điều khoản, kiểm tra thông tin phòng và xác nhận đúng số tiền cọc.","1"
"Ký blockchain khác gì so với ký truyền thống? (v30)","","FAQ","Ký blockchain bổ sung bằng chứng chống chỉnh sửa và khả năng kiểm chứng giao dịch. Luồng thao tác vẫn tương tự, chỉ thêm bước xác nhận ví khi bạn chọn blockchain.","1"
"Nếu tôi không rành blockchain thì có bắt buộc dùng không? (v30)","","FAQ","Không bắt buộc. Bạn có thể hoàn tất toàn bộ quy trình bằng hợp đồng truyền thống. Blockchain chỉ là tùy chọn tăng minh bạch khi bạn cần.","1"
"Thanh toán bằng SePay bị chậm cập nhật thì xử lý thế nào? (v10)","","FAQ","Bạn kiểm tra lại đúng nội dung thanh toán, chờ vài phút để hệ thống đồng bộ, sau đó bấm thử lại. Nếu vẫn lỗi, gửi mã giao dịch cho hỗ trợ để đối soát.","1"
"Khi nào tôi cần kết nối ví MetaMask? (v30)","","FAQ","Chỉ khi bạn dùng tính năng blockchain như ký hợp đồng on-chain hoặc xác minh giao dịch. Các tính năng tìm phòng và đặt lịch không yêu cầu ví.","1"
"Điểm uy tín trên hệ thống được hiểu thế nào? (v30)","","FAQ","Điểm uy tín phản ánh mức độ tin cậy dựa trên hồ sơ xác thực, lịch sử thanh toán và phản hồi giữa các bên. Điểm cao giúp tăng niềm tin khi giao dịch.","1"
"Thuê phòng kỳ hạn 6 tháng thì cần lưu ý điều gì để tránh tranh chấp? (v10)","","FAQ","Bạn nên kiểm tra kỹ thời hạn, điều khoản cọc, chu kỳ thanh toán, quy định phát sinh phí và lưu lại mọi xác nhận quan trọng trong hệ thống.","1"
"Tôi mới dùng SmartRental, nên bắt đầu từ đâu để thuê phòng nhanh? (v31)","","FAQ","Bạn nên bắt đầu bằng việc xác thực email và số điện thoại, sau đó tìm phòng theo khu vực và ngân sách, cuối cùng đặt lịch xem với các phòng đã xác thực.","1"
"Làm sao tìm phòng ở Hóc Môn mà không bị quá nhiều kết quả? (v1)","","FAQ","Bạn chỉ nên bật 3 bộ lọc chính trước: khu vực, mức giá và loại phòng. Khi đã có danh sách hẹp, mới thêm tiện ích để tối ưu lựa chọn.","1"
"Sau khi đặt lịch xem phòng tháng 8 thì tôi cần làm gì? (v2)","","FAQ","Bạn vào mục lịch hẹn để theo dõi trạng thái. Khi chủ trọ duyệt hoặc từ chối, hệ thống sẽ gửi thông báo ngay để bạn chủ động bước tiếp theo.","1"
"Ký hợp đồng truyền thống có an toàn không? (v31)","","FAQ","Có. Hợp đồng truyền thống vẫn là luồng chuẩn, dễ dùng cho người mới. Bạn chỉ cần đọc kỹ điều khoản, kiểm tra thông tin phòng và xác nhận đúng số tiền cọc.","1"
"Ký blockchain khác gì so với ký truyền thống? (v31)","","FAQ","Ký blockchain bổ sung bằng chứng chống chỉnh sửa và khả năng kiểm chứng giao dịch. Luồng thao tác vẫn tương tự, chỉ thêm bước xác nhận ví khi bạn chọn blockchain.","1"
"Nếu tôi không rành blockchain thì có bắt buộc dùng không? (v31)","","FAQ","Không bắt buộc. Bạn có thể hoàn tất toàn bộ quy trình bằng hợp đồng truyền thống. Blockchain chỉ là tùy chọn tăng minh bạch khi bạn cần.","1"
"Thanh toán bằng chuyển khoản ngân hàng bị chậm cập nhật thì xử lý thế nào? (v10)","","FAQ","Bạn kiểm tra lại đúng nội dung thanh toán, chờ vài phút để hệ thống đồng bộ, sau đó bấm thử lại. Nếu vẫn lỗi, gửi mã giao dịch cho hỗ trợ để đối soát.","1"
"Khi nào tôi cần kết nối ví Rabby? (v31)","","FAQ","Chỉ khi bạn dùng tính năng blockchain như ký hợp đồng on-chain hoặc xác minh giao dịch. Các tính năng tìm phòng và đặt lịch không yêu cầu ví.","1"
"Điểm uy tín trên hệ thống được hiểu thế nào? (v31)","","FAQ","Điểm uy tín phản ánh mức độ tin cậy dựa trên hồ sơ xác thực, lịch sử thanh toán và phản hồi giữa các bên. Điểm cao giúp tăng niềm tin khi giao dịch.","1"
"Thuê phòng kỳ hạn 12 tháng thì cần lưu ý điều gì để tránh tranh chấp? (v10)","","FAQ","Bạn nên kiểm tra kỹ thời hạn, điều khoản cọc, chu kỳ thanh toán, quy định phát sinh phí và lưu lại mọi xác nhận quan trọng trong hệ thống.","1"
"Tôi mới dùng SmartRental, nên bắt đầu từ đâu để thuê phòng nhanh? (v32)","","FAQ","Bạn nên bắt đầu bằng việc đặt ngân sách tối đa theo tháng, sau đó tìm phòng theo khu vực và ngân sách, cuối cùng đặt lịch xem với các phòng đã xác thực.","1"
"Làm sao tìm phòng ở Quận 1 mà không bị quá nhiều kết quả? (v2)","","FAQ","Bạn chỉ nên bật 3 bộ lọc chính trước: khu vực, mức giá và loại phòng. Khi đã có danh sách hẹp, mới thêm tiện ích để tối ưu lựa chọn.","1"
"Sau khi đặt lịch xem phòng tháng 9 thì tôi cần làm gì? (v2)","","FAQ","Bạn vào mục lịch hẹn để theo dõi trạng thái. Khi chủ trọ duyệt hoặc từ chối, hệ thống sẽ gửi thông báo ngay để bạn chủ động bước tiếp theo.","1"
"Ký hợp đồng truyền thống có an toàn không? (v32)","","FAQ","Có. Hợp đồng truyền thống vẫn là luồng chuẩn, dễ dùng cho người mới. Bạn chỉ cần đọc kỹ điều khoản, kiểm tra thông tin phòng và xác nhận đúng số tiền cọc.","1"
"Ký blockchain khác gì so với ký truyền thống? (v32)","","FAQ","Ký blockchain bổ sung bằng chứng chống chỉnh sửa và khả năng kiểm chứng giao dịch. Luồng thao tác vẫn tương tự, chỉ thêm bước xác nhận ví khi bạn chọn blockchain.","1"
"Nếu tôi không rành blockchain thì có bắt buộc dùng không? (v32)","","FAQ","Không bắt buộc. Bạn có thể hoàn tất toàn bộ quy trình bằng hợp đồng truyền thống. Blockchain chỉ là tùy chọn tăng minh bạch khi bạn cần.","1"
"Thanh toán bằng ví điện tử bị chậm cập nhật thì xử lý thế nào? (v10)","","FAQ","Bạn kiểm tra lại đúng nội dung thanh toán, chờ vài phút để hệ thống đồng bộ, sau đó bấm thử lại. Nếu vẫn lỗi, gửi mã giao dịch cho hỗ trợ để đối soát.","1"
"Khi nào tôi cần kết nối ví Coin98 Wallet? (v32)","","FAQ","Chỉ khi bạn dùng tính năng blockchain như ký hợp đồng on-chain hoặc xác minh giao dịch. Các tính năng tìm phòng và đặt lịch không yêu cầu ví.","1"
"Điểm uy tín trên hệ thống được hiểu thế nào? (v32)","","FAQ","Điểm uy tín phản ánh mức độ tin cậy dựa trên hồ sơ xác thực, lịch sử thanh toán và phản hồi giữa các bên. Điểm cao giúp tăng niềm tin khi giao dịch.","1"
"Thuê phòng kỳ hạn 24 tháng thì cần lưu ý điều gì để tránh tranh chấp? (v10)","","FAQ","Bạn nên kiểm tra kỹ thời hạn, điều khoản cọc, chu kỳ thanh toán, quy định phát sinh phí và lưu lại mọi xác nhận quan trọng trong hệ thống.","1"
"Tôi mới dùng SmartRental, nên bắt đầu từ đâu để thuê phòng nhanh? (v33)","","FAQ","Bạn nên bắt đầu bằng việc lưu phòng yêu thích để so sánh, sau đó tìm phòng theo khu vực và ngân sách, cuối cùng đặt lịch xem với các phòng đã xác thực.","1"
"Làm sao tìm phòng ở Quận 3 mà không bị quá nhiều kết quả? (v2)","","FAQ","Bạn chỉ nên bật 3 bộ lọc chính trước: khu vực, mức giá và loại phòng. Khi đã có danh sách hẹp, mới thêm tiện ích để tối ưu lựa chọn.","1"
"Sau khi đặt lịch xem phòng tháng 10 thì tôi cần làm gì? (v2)","","FAQ","Bạn vào mục lịch hẹn để theo dõi trạng thái. Khi chủ trọ duyệt hoặc từ chối, hệ thống sẽ gửi thông báo ngay để bạn chủ động bước tiếp theo.","1"
"Ký hợp đồng truyền thống có an toàn không? (v33)","","FAQ","Có. Hợp đồng truyền thống vẫn là luồng chuẩn, dễ dùng cho người mới. Bạn chỉ cần đọc kỹ điều khoản, kiểm tra thông tin phòng và xác nhận đúng số tiền cọc.","1"
"Ký blockchain khác gì so với ký truyền thống? (v33)","","FAQ","Ký blockchain bổ sung bằng chứng chống chỉnh sửa và khả năng kiểm chứng giao dịch. Luồng thao tác vẫn tương tự, chỉ thêm bước xác nhận ví khi bạn chọn blockchain.","1"
"Nếu tôi không rành blockchain thì có bắt buộc dùng không? (v33)","","FAQ","Không bắt buộc. Bạn có thể hoàn tất toàn bộ quy trình bằng hợp đồng truyền thống. Blockchain chỉ là tùy chọn tăng minh bạch khi bạn cần.","1"
"Thanh toán bằng SePay bị chậm cập nhật thì xử lý thế nào? (v11)","","FAQ","Bạn kiểm tra lại đúng nội dung thanh toán, chờ vài phút để hệ thống đồng bộ, sau đó bấm thử lại. Nếu vẫn lỗi, gửi mã giao dịch cho hỗ trợ để đối soát.","1"
"Khi nào tôi cần kết nối ví MetaMask? (v33)","","FAQ","Chỉ khi bạn dùng tính năng blockchain như ký hợp đồng on-chain hoặc xác minh giao dịch. Các tính năng tìm phòng và đặt lịch không yêu cầu ví.","1"
"Điểm uy tín trên hệ thống được hiểu thế nào? (v33)","","FAQ","Điểm uy tín phản ánh mức độ tin cậy dựa trên hồ sơ xác thực, lịch sử thanh toán và phản hồi giữa các bên. Điểm cao giúp tăng niềm tin khi giao dịch.","1"
"Thuê phòng kỳ hạn 6 tháng thì cần lưu ý điều gì để tránh tranh chấp? (v11)","","FAQ","Bạn nên kiểm tra kỹ thời hạn, điều khoản cọc, chu kỳ thanh toán, quy định phát sinh phí và lưu lại mọi xác nhận quan trọng trong hệ thống.","1"
"Tôi mới dùng SmartRental, nên bắt đầu từ đâu để thuê phòng nhanh? (v34)","","FAQ","Bạn nên bắt đầu bằng việc bật thông báo phản hồi lịch hẹn, sau đó tìm phòng theo khu vực và ngân sách, cuối cùng đặt lịch xem với các phòng đã xác thực.","1"
"Làm sao tìm phòng ở Quận 4 mà không bị quá nhiều kết quả? (v2)","","FAQ","Bạn chỉ nên bật 3 bộ lọc chính trước: khu vực, mức giá và loại phòng. Khi đã có danh sách hẹp, mới thêm tiện ích để tối ưu lựa chọn.","1"
"Sau khi đặt lịch xem phòng tháng 11 thì tôi cần làm gì? (v2)","","FAQ","Bạn vào mục lịch hẹn để theo dõi trạng thái. Khi chủ trọ duyệt hoặc từ chối, hệ thống sẽ gửi thông báo ngay để bạn chủ động bước tiếp theo.","1"
"Ký hợp đồng truyền thống có an toàn không? (v34)","","FAQ","Có. Hợp đồng truyền thống vẫn là luồng chuẩn, dễ dùng cho người mới. Bạn chỉ cần đọc kỹ điều khoản, kiểm tra thông tin phòng và xác nhận đúng số tiền cọc.","1"
"Ký blockchain khác gì so với ký truyền thống? (v34)","","FAQ","Ký blockchain bổ sung bằng chứng chống chỉnh sửa và khả năng kiểm chứng giao dịch. Luồng thao tác vẫn tương tự, chỉ thêm bước xác nhận ví khi bạn chọn blockchain.","1"
"Nếu tôi không rành blockchain thì có bắt buộc dùng không? (v34)","","FAQ","Không bắt buộc. Bạn có thể hoàn tất toàn bộ quy trình bằng hợp đồng truyền thống. Blockchain chỉ là tùy chọn tăng minh bạch khi bạn cần.","1"
"Thanh toán bằng chuyển khoản ngân hàng bị chậm cập nhật thì xử lý thế nào? (v11)","","FAQ","Bạn kiểm tra lại đúng nội dung thanh toán, chờ vài phút để hệ thống đồng bộ, sau đó bấm thử lại. Nếu vẫn lỗi, gửi mã giao dịch cho hỗ trợ để đối soát.","1"
"Khi nào tôi cần kết nối ví Rabby? (v34)","","FAQ","Chỉ khi bạn dùng tính năng blockchain như ký hợp đồng on-chain hoặc xác minh giao dịch. Các tính năng tìm phòng và đặt lịch không yêu cầu ví.","1"
"Điểm uy tín trên hệ thống được hiểu thế nào? (v34)","","FAQ","Điểm uy tín phản ánh mức độ tin cậy dựa trên hồ sơ xác thực, lịch sử thanh toán và phản hồi giữa các bên. Điểm cao giúp tăng niềm tin khi giao dịch.","1"
"Thuê phòng kỳ hạn 12 tháng thì cần lưu ý điều gì để tránh tranh chấp? (v11)","","FAQ","Bạn nên kiểm tra kỹ thời hạn, điều khoản cọc, chu kỳ thanh toán, quy định phát sinh phí và lưu lại mọi xác nhận quan trọng trong hệ thống.","1"
"Tôi mới dùng SmartRental, nên bắt đầu từ đâu để thuê phòng nhanh? (v35)","","FAQ","Bạn nên bắt đầu bằng việc hoàn tất hồ sơ cá nhân, sau đó tìm phòng theo khu vực và ngân sách, cuối cùng đặt lịch xem với các phòng đã xác thực.","1"
"Làm sao tìm phòng ở Quận 5 mà không bị quá nhiều kết quả? (v2)","","FAQ","Bạn chỉ nên bật 3 bộ lọc chính trước: khu vực, mức giá và loại phòng. Khi đã có danh sách hẹp, mới thêm tiện ích để tối ưu lựa chọn.","1"
"Sau khi đặt lịch xem phòng tháng 12 thì tôi cần làm gì? (v2)","","FAQ","Bạn vào mục lịch hẹn để theo dõi trạng thái. Khi chủ trọ duyệt hoặc từ chối, hệ thống sẽ gửi thông báo ngay để bạn chủ động bước tiếp theo.","1"
"Ký hợp đồng truyền thống có an toàn không? (v35)","","FAQ","Có. Hợp đồng truyền thống vẫn là luồng chuẩn, dễ dùng cho người mới. Bạn chỉ cần đọc kỹ điều khoản, kiểm tra thông tin phòng và xác nhận đúng số tiền cọc.","1"
"Ký blockchain khác gì so với ký truyền thống? (v35)","","FAQ","Ký blockchain bổ sung bằng chứng chống chỉnh sửa và khả năng kiểm chứng giao dịch. Luồng thao tác vẫn tương tự, chỉ thêm bước xác nhận ví khi bạn chọn blockchain.","1"
"Nếu tôi không rành blockchain thì có bắt buộc dùng không? (v35)","","FAQ","Không bắt buộc. Bạn có thể hoàn tất toàn bộ quy trình bằng hợp đồng truyền thống. Blockchain chỉ là tùy chọn tăng minh bạch khi bạn cần.","1"
"Thanh toán bằng ví điện tử bị chậm cập nhật thì xử lý thế nào? (v11)","","FAQ","Bạn kiểm tra lại đúng nội dung thanh toán, chờ vài phút để hệ thống đồng bộ, sau đó bấm thử lại. Nếu vẫn lỗi, gửi mã giao dịch cho hỗ trợ để đối soát.","1"
"Khi nào tôi cần kết nối ví Coin98 Wallet? (v35)","","FAQ","Chỉ khi bạn dùng tính năng blockchain như ký hợp đồng on-chain hoặc xác minh giao dịch. Các tính năng tìm phòng và đặt lịch không yêu cầu ví.","1"
"Điểm uy tín trên hệ thống được hiểu thế nào? (v35)","","FAQ","Điểm uy tín phản ánh mức độ tin cậy dựa trên hồ sơ xác thực, lịch sử thanh toán và phản hồi giữa các bên. Điểm cao giúp tăng niềm tin khi giao dịch.","1"
"Thuê phòng kỳ hạn 24 tháng thì cần lưu ý điều gì để tránh tranh chấp? (v11)","","FAQ","Bạn nên kiểm tra kỹ thời hạn, điều khoản cọc, chu kỳ thanh toán, quy định phát sinh phí và lưu lại mọi xác nhận quan trọng trong hệ thống.","1"
"Tôi mới dùng SmartRental, nên bắt đầu từ đâu để thuê phòng nhanh? (v36)","","FAQ","Bạn nên bắt đầu bằng việc xác thực email và số điện thoại, sau đó tìm phòng theo khu vực và ngân sách, cuối cùng đặt lịch xem với các phòng đã xác thực.","1"
"Làm sao tìm phòng ở Quận 7 mà không bị quá nhiều kết quả? (v2)","","FAQ","Bạn chỉ nên bật 3 bộ lọc chính trước: khu vực, mức giá và loại phòng. Khi đã có danh sách hẹp, mới thêm tiện ích để tối ưu lựa chọn.","1"
"Sau khi đặt lịch xem phòng tháng 1 thì tôi cần làm gì? (v3)","","FAQ","Bạn vào mục lịch hẹn để theo dõi trạng thái. Khi chủ trọ duyệt hoặc từ chối, hệ thống sẽ gửi thông báo ngay để bạn chủ động bước tiếp theo.","1"
"Ký hợp đồng truyền thống có an toàn không? (v36)","","FAQ","Có. Hợp đồng truyền thống vẫn là luồng chuẩn, dễ dùng cho người mới. Bạn chỉ cần đọc kỹ điều khoản, kiểm tra thông tin phòng và xác nhận đúng số tiền cọc.","1"
"Ký blockchain khác gì so với ký truyền thống? (v36)","","FAQ","Ký blockchain bổ sung bằng chứng chống chỉnh sửa và khả năng kiểm chứng giao dịch. Luồng thao tác vẫn tương tự, chỉ thêm bước xác nhận ví khi bạn chọn blockchain.","1"
"Nếu tôi không rành blockchain thì có bắt buộc dùng không? (v36)","","FAQ","Không bắt buộc. Bạn có thể hoàn tất toàn bộ quy trình bằng hợp đồng truyền thống. Blockchain chỉ là tùy chọn tăng minh bạch khi bạn cần.","1"
"Thanh toán bằng SePay bị chậm cập nhật thì xử lý thế nào? (v12)","","FAQ","Bạn kiểm tra lại đúng nội dung thanh toán, chờ vài phút để hệ thống đồng bộ, sau đó bấm thử lại. Nếu vẫn lỗi, gửi mã giao dịch cho hỗ trợ để đối soát.","1"
"Khi nào tôi cần kết nối ví MetaMask? (v36)","","FAQ","Chỉ khi bạn dùng tính năng blockchain như ký hợp đồng on-chain hoặc xác minh giao dịch. Các tính năng tìm phòng và đặt lịch không yêu cầu ví.","1"
"Điểm uy tín trên hệ thống được hiểu thế nào? (v36)","","FAQ","Điểm uy tín phản ánh mức độ tin cậy dựa trên hồ sơ xác thực, lịch sử thanh toán và phản hồi giữa các bên. Điểm cao giúp tăng niềm tin khi giao dịch.","1"
"Thuê phòng kỳ hạn 6 tháng thì cần lưu ý điều gì để tránh tranh chấp? (v12)","","FAQ","Bạn nên kiểm tra kỹ thời hạn, điều khoản cọc, chu kỳ thanh toán, quy định phát sinh phí và lưu lại mọi xác nhận quan trọng trong hệ thống.","1"
"Tôi mới dùng SmartRental, nên bắt đầu từ đâu để thuê phòng nhanh? (v37)","","FAQ","Bạn nên bắt đầu bằng việc đặt ngân sách tối đa theo tháng, sau đó tìm phòng theo khu vực và ngân sách, cuối cùng đặt lịch xem với các phòng đã xác thực.","1"
"Làm sao tìm phòng ở Quận 10 mà không bị quá nhiều kết quả? (v2)","","FAQ","Bạn chỉ nên bật 3 bộ lọc chính trước: khu vực, mức giá và loại phòng. Khi đã có danh sách hẹp, mới thêm tiện ích để tối ưu lựa chọn.","1"
"Sau khi đặt lịch xem phòng tháng 2 thì tôi cần làm gì? (v3)","","FAQ","Bạn vào mục lịch hẹn để theo dõi trạng thái. Khi chủ trọ duyệt hoặc từ chối, hệ thống sẽ gửi thông báo ngay để bạn chủ động bước tiếp theo.","1"
"Ký hợp đồng truyền thống có an toàn không? (v37)","","FAQ","Có. Hợp đồng truyền thống vẫn là luồng chuẩn, dễ dùng cho người mới. Bạn chỉ cần đọc kỹ điều khoản, kiểm tra thông tin phòng và xác nhận đúng số tiền cọc.","1"
"Ký blockchain khác gì so với ký truyền thống? (v37)","","FAQ","Ký blockchain bổ sung bằng chứng chống chỉnh sửa và khả năng kiểm chứng giao dịch. Luồng thao tác vẫn tương tự, chỉ thêm bước xác nhận ví khi bạn chọn blockchain.","1"
"Nếu tôi không rành blockchain thì có bắt buộc dùng không? (v37)","","FAQ","Không bắt buộc. Bạn có thể hoàn tất toàn bộ quy trình bằng hợp đồng truyền thống. Blockchain chỉ là tùy chọn tăng minh bạch khi bạn cần.","1"
"Thanh toán bằng chuyển khoản ngân hàng bị chậm cập nhật thì xử lý thế nào? (v12)","","FAQ","Bạn kiểm tra lại đúng nội dung thanh toán, chờ vài phút để hệ thống đồng bộ, sau đó bấm thử lại. Nếu vẫn lỗi, gửi mã giao dịch cho hỗ trợ để đối soát.","1"
"Khi nào tôi cần kết nối ví Rabby? (v37)","","FAQ","Chỉ khi bạn dùng tính năng blockchain như ký hợp đồng on-chain hoặc xác minh giao dịch. Các tính năng tìm phòng và đặt lịch không yêu cầu ví.","1"
"Điểm uy tín trên hệ thống được hiểu thế nào? (v37)","","FAQ","Điểm uy tín phản ánh mức độ tin cậy dựa trên hồ sơ xác thực, lịch sử thanh toán và phản hồi giữa các bên. Điểm cao giúp tăng niềm tin khi giao dịch.","1"
"Thuê phòng kỳ hạn 12 tháng thì cần lưu ý điều gì để tránh tranh chấp? (v12)","","FAQ","Bạn nên kiểm tra kỹ thời hạn, điều khoản cọc, chu kỳ thanh toán, quy định phát sinh phí và lưu lại mọi xác nhận quan trọng trong hệ thống.","1"
"Tôi mới dùng SmartRental, nên bắt đầu từ đâu để thuê phòng nhanh? (v38)","","FAQ","Bạn nên bắt đầu bằng việc lưu phòng yêu thích để so sánh, sau đó tìm phòng theo khu vực và ngân sách, cuối cùng đặt lịch xem với các phòng đã xác thực.","1"
"Làm sao tìm phòng ở Quận 12 mà không bị quá nhiều kết quả? (v2)","","FAQ","Bạn chỉ nên bật 3 bộ lọc chính trước: khu vực, mức giá và loại phòng. Khi đã có danh sách hẹp, mới thêm tiện ích để tối ưu lựa chọn.","1"
"Sau khi đặt lịch xem phòng tháng 3 thì tôi cần làm gì? (v3)","","FAQ","Bạn vào mục lịch hẹn để theo dõi trạng thái. Khi chủ trọ duyệt hoặc từ chối, hệ thống sẽ gửi thông báo ngay để bạn chủ động bước tiếp theo.","1"
"Ký hợp đồng truyền thống có an toàn không? (v38)","","FAQ","Có. Hợp đồng truyền thống vẫn là luồng chuẩn, dễ dùng cho người mới. Bạn chỉ cần đọc kỹ điều khoản, kiểm tra thông tin phòng và xác nhận đúng số tiền cọc.","1"
"Ký blockchain khác gì so với ký truyền thống? (v38)","","FAQ","Ký blockchain bổ sung bằng chứng chống chỉnh sửa và khả năng kiểm chứng giao dịch. Luồng thao tác vẫn tương tự, chỉ thêm bước xác nhận ví khi bạn chọn blockchain.","1"
"Nếu tôi không rành blockchain thì có bắt buộc dùng không? (v38)","","FAQ","Không bắt buộc. Bạn có thể hoàn tất toàn bộ quy trình bằng hợp đồng truyền thống. Blockchain chỉ là tùy chọn tăng minh bạch khi bạn cần.","1"
"Thanh toán bằng ví điện tử bị chậm cập nhật thì xử lý thế nào? (v12)","","FAQ","Bạn kiểm tra lại đúng nội dung thanh toán, chờ vài phút để hệ thống đồng bộ, sau đó bấm thử lại. Nếu vẫn lỗi, gửi mã giao dịch cho hỗ trợ để đối soát.","1"
"Khi nào tôi cần kết nối ví Coin98 Wallet? (v38)","","FAQ","Chỉ khi bạn dùng tính năng blockchain như ký hợp đồng on-chain hoặc xác minh giao dịch. Các tính năng tìm phòng và đặt lịch không yêu cầu ví.","1"
"Điểm uy tín trên hệ thống được hiểu thế nào? (v38)","","FAQ","Điểm uy tín phản ánh mức độ tin cậy dựa trên hồ sơ xác thực, lịch sử thanh toán và phản hồi giữa các bên. Điểm cao giúp tăng niềm tin khi giao dịch.","1"
"Thuê phòng kỳ hạn 24 tháng thì cần lưu ý điều gì để tránh tranh chấp? (v12)","","FAQ","Bạn nên kiểm tra kỹ thời hạn, điều khoản cọc, chu kỳ thanh toán, quy định phát sinh phí và lưu lại mọi xác nhận quan trọng trong hệ thống.","1"
"Tôi mới dùng SmartRental, nên bắt đầu từ đâu để thuê phòng nhanh? (v39)","","FAQ","Bạn nên bắt đầu bằng việc bật thông báo phản hồi lịch hẹn, sau đó tìm phòng theo khu vực và ngân sách, cuối cùng đặt lịch xem với các phòng đã xác thực.","1"
"Làm sao tìm phòng ở Gò Vấp mà không bị quá nhiều kết quả? (v2)","","FAQ","Bạn chỉ nên bật 3 bộ lọc chính trước: khu vực, mức giá và loại phòng. Khi đã có danh sách hẹp, mới thêm tiện ích để tối ưu lựa chọn.","1"
"Sau khi đặt lịch xem phòng tháng 4 thì tôi cần làm gì? (v3)","","FAQ","Bạn vào mục lịch hẹn để theo dõi trạng thái. Khi chủ trọ duyệt hoặc từ chối, hệ thống sẽ gửi thông báo ngay để bạn chủ động bước tiếp theo.","1"
"Ký hợp đồng truyền thống có an toàn không? (v39)","","FAQ","Có. Hợp đồng truyền thống vẫn là luồng chuẩn, dễ dùng cho người mới. Bạn chỉ cần đọc kỹ điều khoản, kiểm tra thông tin phòng và xác nhận đúng số tiền cọc.","1"
"Ký blockchain khác gì so với ký truyền thống? (v39)","","FAQ","Ký blockchain bổ sung bằng chứng chống chỉnh sửa và khả năng kiểm chứng giao dịch. Luồng thao tác vẫn tương tự, chỉ thêm bước xác nhận ví khi bạn chọn blockchain.","1"
"Nếu tôi không rành blockchain thì có bắt buộc dùng không? (v39)","","FAQ","Không bắt buộc. Bạn có thể hoàn tất toàn bộ quy trình bằng hợp đồng truyền thống. Blockchain chỉ là tùy chọn tăng minh bạch khi bạn cần.","1"
"Thanh toán bằng SePay bị chậm cập nhật thì xử lý thế nào? (v13)","","FAQ","Bạn kiểm tra lại đúng nội dung thanh toán, chờ vài phút để hệ thống đồng bộ, sau đó bấm thử lại. Nếu vẫn lỗi, gửi mã giao dịch cho hỗ trợ để đối soát.","1"
"Khi nào tôi cần kết nối ví MetaMask? (v39)","","FAQ","Chỉ khi bạn dùng tính năng blockchain như ký hợp đồng on-chain hoặc xác minh giao dịch. Các tính năng tìm phòng và đặt lịch không yêu cầu ví.","1"
"Điểm uy tín trên hệ thống được hiểu thế nào? (v39)","","FAQ","Điểm uy tín phản ánh mức độ tin cậy dựa trên hồ sơ xác thực, lịch sử thanh toán và phản hồi giữa các bên. Điểm cao giúp tăng niềm tin khi giao dịch.","1"
"Thuê phòng kỳ hạn 6 tháng thì cần lưu ý điều gì để tránh tranh chấp? (v13)","","FAQ","Bạn nên kiểm tra kỹ thời hạn, điều khoản cọc, chu kỳ thanh toán, quy định phát sinh phí và lưu lại mọi xác nhận quan trọng trong hệ thống.","1"
"Tôi mới dùng SmartRental, nên bắt đầu từ đâu để thuê phòng nhanh? (v40)","","FAQ","Bạn nên bắt đầu bằng việc hoàn tất hồ sơ cá nhân, sau đó tìm phòng theo khu vực và ngân sách, cuối cùng đặt lịch xem với các phòng đã xác thực.","1"
"Làm sao tìm phòng ở Bình Thạnh mà không bị quá nhiều kết quả? (v2)","","FAQ","Bạn chỉ nên bật 3 bộ lọc chính trước: khu vực, mức giá và loại phòng. Khi đã có danh sách hẹp, mới thêm tiện ích để tối ưu lựa chọn.","1"
"Sau khi đặt lịch xem phòng tháng 5 thì tôi cần làm gì? (v3)","","FAQ","Bạn vào mục lịch hẹn để theo dõi trạng thái. Khi chủ trọ duyệt hoặc từ chối, hệ thống sẽ gửi thông báo ngay để bạn chủ động bước tiếp theo.","1"
"Ký hợp đồng truyền thống có an toàn không? (v40)","","FAQ","Có. Hợp đồng truyền thống vẫn là luồng chuẩn, dễ dùng cho người mới. Bạn chỉ cần đọc kỹ điều khoản, kiểm tra thông tin phòng và xác nhận đúng số tiền cọc.","1"
"Ký blockchain khác gì so với ký truyền thống? (v40)","","FAQ","Ký blockchain bổ sung bằng chứng chống chỉnh sửa và khả năng kiểm chứng giao dịch. Luồng thao tác vẫn tương tự, chỉ thêm bước xác nhận ví khi bạn chọn blockchain.","1"
"Nếu tôi không rành blockchain thì có bắt buộc dùng không? (v40)","","FAQ","Không bắt buộc. Bạn có thể hoàn tất toàn bộ quy trình bằng hợp đồng truyền thống. Blockchain chỉ là tùy chọn tăng minh bạch khi bạn cần.","1"
"Thanh toán bằng chuyển khoản ngân hàng bị chậm cập nhật thì xử lý thế nào? (v13)","","FAQ","Bạn kiểm tra lại đúng nội dung thanh toán, chờ vài phút để hệ thống đồng bộ, sau đó bấm thử lại. Nếu vẫn lỗi, gửi mã giao dịch cho hỗ trợ để đối soát.","1"
"Khi nào tôi cần kết nối ví Rabby? (v40)","","FAQ","Chỉ khi bạn dùng tính năng blockchain như ký hợp đồng on-chain hoặc xác minh giao dịch. Các tính năng tìm phòng và đặt lịch không yêu cầu ví.","1"
"Điểm uy tín trên hệ thống được hiểu thế nào? (v40)","","FAQ","Điểm uy tín phản ánh mức độ tin cậy dựa trên hồ sơ xác thực, lịch sử thanh toán và phản hồi giữa các bên. Điểm cao giúp tăng niềm tin khi giao dịch.","1"
"Thuê phòng kỳ hạn 12 tháng thì cần lưu ý điều gì để tránh tranh chấp? (v13)","","FAQ","Bạn nên kiểm tra kỹ thời hạn, điều khoản cọc, chu kỳ thanh toán, quy định phát sinh phí và lưu lại mọi xác nhận quan trọng trong hệ thống.","1"
"Tôi mới dùng SmartRental, nên bắt đầu từ đâu để thuê phòng nhanh? (v41)","","FAQ","Bạn nên bắt đầu bằng việc xác thực email và số điện thoại, sau đó tìm phòng theo khu vực và ngân sách, cuối cùng đặt lịch xem với các phòng đã xác thực.","1"
"Làm sao tìm phòng ở Tân Bình mà không bị quá nhiều kết quả? (v2)","","FAQ","Bạn chỉ nên bật 3 bộ lọc chính trước: khu vực, mức giá và loại phòng. Khi đã có danh sách hẹp, mới thêm tiện ích để tối ưu lựa chọn.","1"
"Sau khi đặt lịch xem phòng tháng 6 thì tôi cần làm gì? (v3)","","FAQ","Bạn vào mục lịch hẹn để theo dõi trạng thái. Khi chủ trọ duyệt hoặc từ chối, hệ thống sẽ gửi thông báo ngay để bạn chủ động bước tiếp theo.","1"
"Ký hợp đồng truyền thống có an toàn không? (v41)","","FAQ","Có. Hợp đồng truyền thống vẫn là luồng chuẩn, dễ dùng cho người mới. Bạn chỉ cần đọc kỹ điều khoản, kiểm tra thông tin phòng và xác nhận đúng số tiền cọc.","1"
"Ký blockchain khác gì so với ký truyền thống? (v41)","","FAQ","Ký blockchain bổ sung bằng chứng chống chỉnh sửa và khả năng kiểm chứng giao dịch. Luồng thao tác vẫn tương tự, chỉ thêm bước xác nhận ví khi bạn chọn blockchain.","1"
"Nếu tôi không rành blockchain thì có bắt buộc dùng không? (v41)","","FAQ","Không bắt buộc. Bạn có thể hoàn tất toàn bộ quy trình bằng hợp đồng truyền thống. Blockchain chỉ là tùy chọn tăng minh bạch khi bạn cần.","1"
"Thanh toán bằng ví điện tử bị chậm cập nhật thì xử lý thế nào? (v13)","","FAQ","Bạn kiểm tra lại đúng nội dung thanh toán, chờ vài phút để hệ thống đồng bộ, sau đó bấm thử lại. Nếu vẫn lỗi, gửi mã giao dịch cho hỗ trợ để đối soát.","1"
"Khi nào tôi cần kết nối ví Coin98 Wallet? (v41)","","FAQ","Chỉ khi bạn dùng tính năng blockchain như ký hợp đồng on-chain hoặc xác minh giao dịch. Các tính năng tìm phòng và đặt lịch không yêu cầu ví.","1"
"Điểm uy tín trên hệ thống được hiểu thế nào? (v41)","","FAQ","Điểm uy tín phản ánh mức độ tin cậy dựa trên hồ sơ xác thực, lịch sử thanh toán và phản hồi giữa các bên. Điểm cao giúp tăng niềm tin khi giao dịch.","1"
"Thuê phòng kỳ hạn 24 tháng thì cần lưu ý điều gì để tránh tranh chấp? (v13)","","FAQ","Bạn nên kiểm tra kỹ thời hạn, điều khoản cọc, chu kỳ thanh toán, quy định phát sinh phí và lưu lại mọi xác nhận quan trọng trong hệ thống.","1"
"Tôi mới dùng SmartRental, nên bắt đầu từ đâu để thuê phòng nhanh? (v42)","","FAQ","Bạn nên bắt đầu bằng việc đặt ngân sách tối đa theo tháng, sau đó tìm phòng theo khu vực và ngân sách, cuối cùng đặt lịch xem với các phòng đã xác thực.","1"
"Làm sao tìm phòng ở Thủ Đức mà không bị quá nhiều kết quả? (v2)","","FAQ","Bạn chỉ nên bật 3 bộ lọc chính trước: khu vực, mức giá và loại phòng. Khi đã có danh sách hẹp, mới thêm tiện ích để tối ưu lựa chọn.","1"
"Sau khi đặt lịch xem phòng tháng 7 thì tôi cần làm gì? (v3)","","FAQ","Bạn vào mục lịch hẹn để theo dõi trạng thái. Khi chủ trọ duyệt hoặc từ chối, hệ thống sẽ gửi thông báo ngay để bạn chủ động bước tiếp theo.","1"
"Ký hợp đồng truyền thống có an toàn không? (v42)","","FAQ","Có. Hợp đồng truyền thống vẫn là luồng chuẩn, dễ dùng cho người mới. Bạn chỉ cần đọc kỹ điều khoản, kiểm tra thông tin phòng và xác nhận đúng số tiền cọc.","1"
"Ký blockchain khác gì so với ký truyền thống? (v42)","","FAQ","Ký blockchain bổ sung bằng chứng chống chỉnh sửa và khả năng kiểm chứng giao dịch. Luồng thao tác vẫn tương tự, chỉ thêm bước xác nhận ví khi bạn chọn blockchain.","1"
"Nếu tôi không rành blockchain thì có bắt buộc dùng không? (v42)","","FAQ","Không bắt buộc. Bạn có thể hoàn tất toàn bộ quy trình bằng hợp đồng truyền thống. Blockchain chỉ là tùy chọn tăng minh bạch khi bạn cần.","1"
"Thanh toán bằng SePay bị chậm cập nhật thì xử lý thế nào? (v14)","","FAQ","Bạn kiểm tra lại đúng nội dung thanh toán, chờ vài phút để hệ thống đồng bộ, sau đó bấm thử lại. Nếu vẫn lỗi, gửi mã giao dịch cho hỗ trợ để đối soát.","1"
"Khi nào tôi cần kết nối ví MetaMask? (v42)","","FAQ","Chỉ khi bạn dùng tính năng blockchain như ký hợp đồng on-chain hoặc xác minh giao dịch. Các tính năng tìm phòng và đặt lịch không yêu cầu ví.","1"
"Điểm uy tín trên hệ thống được hiểu thế nào? (v42)","","FAQ","Điểm uy tín phản ánh mức độ tin cậy dựa trên hồ sơ xác thực, lịch sử thanh toán và phản hồi giữa các bên. Điểm cao giúp tăng niềm tin khi giao dịch.","1"
"Thuê phòng kỳ hạn 6 tháng thì cần lưu ý điều gì để tránh tranh chấp? (v14)","","FAQ","Bạn nên kiểm tra kỹ thời hạn, điều khoản cọc, chu kỳ thanh toán, quy định phát sinh phí và lưu lại mọi xác nhận quan trọng trong hệ thống.","1"
"Tôi mới dùng SmartRental, nên bắt đầu từ đâu để thuê phòng nhanh? (v43)","","FAQ","Bạn nên bắt đầu bằng việc lưu phòng yêu thích để so sánh, sau đó tìm phòng theo khu vực và ngân sách, cuối cùng đặt lịch xem với các phòng đã xác thực.","1"
"Làm sao tìm phòng ở Phú Nhuận mà không bị quá nhiều kết quả? (v2)","","FAQ","Bạn chỉ nên bật 3 bộ lọc chính trước: khu vực, mức giá và loại phòng. Khi đã có danh sách hẹp, mới thêm tiện ích để tối ưu lựa chọn.","1"
"Sau khi đặt lịch xem phòng tháng 8 thì tôi cần làm gì? (v3)","","FAQ","Bạn vào mục lịch hẹn để theo dõi trạng thái. Khi chủ trọ duyệt hoặc từ chối, hệ thống sẽ gửi thông báo ngay để bạn chủ động bước tiếp theo.","1"
"Ký hợp đồng truyền thống có an toàn không? (v43)","","FAQ","Có. Hợp đồng truyền thống vẫn là luồng chuẩn, dễ dùng cho người mới. Bạn chỉ cần đọc kỹ điều khoản, kiểm tra thông tin phòng và xác nhận đúng số tiền cọc.","1"
"Ký blockchain khác gì so với ký truyền thống? (v43)","","FAQ","Ký blockchain bổ sung bằng chứng chống chỉnh sửa và khả năng kiểm chứng giao dịch. Luồng thao tác vẫn tương tự, chỉ thêm bước xác nhận ví khi bạn chọn blockchain.","1"
"Nếu tôi không rành blockchain thì có bắt buộc dùng không? (v43)","","FAQ","Không bắt buộc. Bạn có thể hoàn tất toàn bộ quy trình bằng hợp đồng truyền thống. Blockchain chỉ là tùy chọn tăng minh bạch khi bạn cần.","1"
"Thanh toán bằng chuyển khoản ngân hàng bị chậm cập nhật thì xử lý thế nào? (v14)","","FAQ","Bạn kiểm tra lại đúng nội dung thanh toán, chờ vài phút để hệ thống đồng bộ, sau đó bấm thử lại. Nếu vẫn lỗi, gửi mã giao dịch cho hỗ trợ để đối soát.","1"
"Khi nào tôi cần kết nối ví Rabby? (v43)","","FAQ","Chỉ khi bạn dùng tính năng blockchain như ký hợp đồng on-chain hoặc xác minh giao dịch. Các tính năng tìm phòng và đặt lịch không yêu cầu ví.","1"
"Điểm uy tín trên hệ thống được hiểu thế nào? (v43)","","FAQ","Điểm uy tín phản ánh mức độ tin cậy dựa trên hồ sơ xác thực, lịch sử thanh toán và phản hồi giữa các bên. Điểm cao giúp tăng niềm tin khi giao dịch.","1"
"Thuê phòng kỳ hạn 12 tháng thì cần lưu ý điều gì để tránh tranh chấp? (v14)","","FAQ","Bạn nên kiểm tra kỹ thời hạn, điều khoản cọc, chu kỳ thanh toán, quy định phát sinh phí và lưu lại mọi xác nhận quan trọng trong hệ thống.","1"
"Tôi mới dùng SmartRental, nên bắt đầu từ đâu để thuê phòng nhanh? (v44)","","FAQ","Bạn nên bắt đầu bằng việc bật thông báo phản hồi lịch hẹn, sau đó tìm phòng theo khu vực và ngân sách, cuối cùng đặt lịch xem với các phòng đã xác thực.","1"
"Làm sao tìm phòng ở Bình Tân mà không bị quá nhiều kết quả? (v2)","","FAQ","Bạn chỉ nên bật 3 bộ lọc chính trước: khu vực, mức giá và loại phòng. Khi đã có danh sách hẹp, mới thêm tiện ích để tối ưu lựa chọn.","1"
"Sau khi đặt lịch xem phòng tháng 9 thì tôi cần làm gì? (v3)","","FAQ","Bạn vào mục lịch hẹn để theo dõi trạng thái. Khi chủ trọ duyệt hoặc từ chối, hệ thống sẽ gửi thông báo ngay để bạn chủ động bước tiếp theo.","1"
"Ký hợp đồng truyền thống có an toàn không? (v44)","","FAQ","Có. Hợp đồng truyền thống vẫn là luồng chuẩn, dễ dùng cho người mới. Bạn chỉ cần đọc kỹ điều khoản, kiểm tra thông tin phòng và xác nhận đúng số tiền cọc.","1"
"Ký blockchain khác gì so với ký truyền thống? (v44)","","FAQ","Ký blockchain bổ sung bằng chứng chống chỉnh sửa và khả năng kiểm chứng giao dịch. Luồng thao tác vẫn tương tự, chỉ thêm bước xác nhận ví khi bạn chọn blockchain.","1"
"Nếu tôi không rành blockchain thì có bắt buộc dùng không? (v44)","","FAQ","Không bắt buộc. Bạn có thể hoàn tất toàn bộ quy trình bằng hợp đồng truyền thống. Blockchain chỉ là tùy chọn tăng minh bạch khi bạn cần.","1"
"Thanh toán bằng ví điện tử bị chậm cập nhật thì xử lý thế nào? (v14)","","FAQ","Bạn kiểm tra lại đúng nội dung thanh toán, chờ vài phút để hệ thống đồng bộ, sau đó bấm thử lại. Nếu vẫn lỗi, gửi mã giao dịch cho hỗ trợ để đối soát.","1"
"Khi nào tôi cần kết nối ví Coin98 Wallet? (v44)","","FAQ","Chỉ khi bạn dùng tính năng blockchain như ký hợp đồng on-chain hoặc xác minh giao dịch. Các tính năng tìm phòng và đặt lịch không yêu cầu ví.","1"
"Điểm uy tín trên hệ thống được hiểu thế nào? (v44)","","FAQ","Điểm uy tín phản ánh mức độ tin cậy dựa trên hồ sơ xác thực, lịch sử thanh toán và phản hồi giữa các bên. Điểm cao giúp tăng niềm tin khi giao dịch.","1"
"Thuê phòng kỳ hạn 24 tháng thì cần lưu ý điều gì để tránh tranh chấp? (v14)","","FAQ","Bạn nên kiểm tra kỹ thời hạn, điều khoản cọc, chu kỳ thanh toán, quy định phát sinh phí và lưu lại mọi xác nhận quan trọng trong hệ thống.","1"
"Tôi mới dùng SmartRental, nên bắt đầu từ đâu để thuê phòng nhanh? (v45)","","FAQ","Bạn nên bắt đầu bằng việc hoàn tất hồ sơ cá nhân, sau đó tìm phòng theo khu vực và ngân sách, cuối cùng đặt lịch xem với các phòng đã xác thực.","1"
"Làm sao tìm phòng ở Bình Chánh mà không bị quá nhiều kết quả? (v2)","","FAQ","Bạn chỉ nên bật 3 bộ lọc chính trước: khu vực, mức giá và loại phòng. Khi đã có danh sách hẹp, mới thêm tiện ích để tối ưu lựa chọn.","1"
"Sau khi đặt lịch xem phòng tháng 10 thì tôi cần làm gì? (v3)","","FAQ","Bạn vào mục lịch hẹn để theo dõi trạng thái. Khi chủ trọ duyệt hoặc từ chối, hệ thống sẽ gửi thông báo ngay để bạn chủ động bước tiếp theo.","1"
"Ký hợp đồng truyền thống có an toàn không? (v45)","","FAQ","Có. Hợp đồng truyền thống vẫn là luồng chuẩn, dễ dùng cho người mới. Bạn chỉ cần đọc kỹ điều khoản, kiểm tra thông tin phòng và xác nhận đúng số tiền cọc.","1"
"Ký blockchain khác gì so với ký truyền thống? (v45)","","FAQ","Ký blockchain bổ sung bằng chứng chống chỉnh sửa và khả năng kiểm chứng giao dịch. Luồng thao tác vẫn tương tự, chỉ thêm bước xác nhận ví khi bạn chọn blockchain.","1"
"Nếu tôi không rành blockchain thì có bắt buộc dùng không? (v45)","","FAQ","Không bắt buộc. Bạn có thể hoàn tất toàn bộ quy trình bằng hợp đồng truyền thống. Blockchain chỉ là tùy chọn tăng minh bạch khi bạn cần.","1"
"Thanh toán bằng SePay bị chậm cập nhật thì xử lý thế nào? (v15)","","FAQ","Bạn kiểm tra lại đúng nội dung thanh toán, chờ vài phút để hệ thống đồng bộ, sau đó bấm thử lại. Nếu vẫn lỗi, gửi mã giao dịch cho hỗ trợ để đối soát.","1"
"Khi nào tôi cần kết nối ví MetaMask? (v45)","","FAQ","Chỉ khi bạn dùng tính năng blockchain như ký hợp đồng on-chain hoặc xác minh giao dịch. Các tính năng tìm phòng và đặt lịch không yêu cầu ví.","1"
"Điểm uy tín trên hệ thống được hiểu thế nào? (v45)","","FAQ","Điểm uy tín phản ánh mức độ tin cậy dựa trên hồ sơ xác thực, lịch sử thanh toán và phản hồi giữa các bên. Điểm cao giúp tăng niềm tin khi giao dịch.","1"
"Thuê phòng kỳ hạn 6 tháng thì cần lưu ý điều gì để tránh tranh chấp? (v15)","","FAQ","Bạn nên kiểm tra kỹ thời hạn, điều khoản cọc, chu kỳ thanh toán, quy định phát sinh phí và lưu lại mọi xác nhận quan trọng trong hệ thống.","1"
"Tôi mới dùng SmartRental, nên bắt đầu từ đâu để thuê phòng nhanh? (v46)","","FAQ","Bạn nên bắt đầu bằng việc xác thực email và số điện thoại, sau đó tìm phòng theo khu vực và ngân sách, cuối cùng đặt lịch xem với các phòng đã xác thực.","1"
"Làm sao tìm phòng ở Nhà Bè mà không bị quá nhiều kết quả? (v2)","","FAQ","Bạn chỉ nên bật 3 bộ lọc chính trước: khu vực, mức giá và loại phòng. Khi đã có danh sách hẹp, mới thêm tiện ích để tối ưu lựa chọn.","1"
"Sau khi đặt lịch xem phòng tháng 11 thì tôi cần làm gì? (v3)","","FAQ","Bạn vào mục lịch hẹn để theo dõi trạng thái. Khi chủ trọ duyệt hoặc từ chối, hệ thống sẽ gửi thông báo ngay để bạn chủ động bước tiếp theo.","1"
"Ký hợp đồng truyền thống có an toàn không? (v46)","","FAQ","Có. Hợp đồng truyền thống vẫn là luồng chuẩn, dễ dùng cho người mới. Bạn chỉ cần đọc kỹ điều khoản, kiểm tra thông tin phòng và xác nhận đúng số tiền cọc.","1"
"Ký blockchain khác gì so với ký truyền thống? (v46)","","FAQ","Ký blockchain bổ sung bằng chứng chống chỉnh sửa và khả năng kiểm chứng giao dịch. Luồng thao tác vẫn tương tự, chỉ thêm bước xác nhận ví khi bạn chọn blockchain.","1"
"Nếu tôi không rành blockchain thì có bắt buộc dùng không? (v46)","","FAQ","Không bắt buộc. Bạn có thể hoàn tất toàn bộ quy trình bằng hợp đồng truyền thống. Blockchain chỉ là tùy chọn tăng minh bạch khi bạn cần.","1"
"Thanh toán bằng chuyển khoản ngân hàng bị chậm cập nhật thì xử lý thế nào? (v15)","","FAQ","Bạn kiểm tra lại đúng nội dung thanh toán, chờ vài phút để hệ thống đồng bộ, sau đó bấm thử lại. Nếu vẫn lỗi, gửi mã giao dịch cho hỗ trợ để đối soát.","1"
"Khi nào tôi cần kết nối ví Rabby? (v46)","","FAQ","Chỉ khi bạn dùng tính năng blockchain như ký hợp đồng on-chain hoặc xác minh giao dịch. Các tính năng tìm phòng và đặt lịch không yêu cầu ví.","1"
"Điểm uy tín trên hệ thống được hiểu thế nào? (v46)","","FAQ","Điểm uy tín phản ánh mức độ tin cậy dựa trên hồ sơ xác thực, lịch sử thanh toán và phản hồi giữa các bên. Điểm cao giúp tăng niềm tin khi giao dịch.","1"
"Thuê phòng kỳ hạn 12 tháng thì cần lưu ý điều gì để tránh tranh chấp? (v15)","","FAQ","Bạn nên kiểm tra kỹ thời hạn, điều khoản cọc, chu kỳ thanh toán, quy định phát sinh phí và lưu lại mọi xác nhận quan trọng trong hệ thống.","1"
"Tôi mới dùng SmartRental, nên bắt đầu từ đâu để thuê phòng nhanh? (v47)","","FAQ","Bạn nên bắt đầu bằng việc đặt ngân sách tối đa theo tháng, sau đó tìm phòng theo khu vực và ngân sách, cuối cùng đặt lịch xem với các phòng đã xác thực.","1"
"Làm sao tìm phòng ở Hóc Môn mà không bị quá nhiều kết quả? (v2)","","FAQ","Bạn chỉ nên bật 3 bộ lọc chính trước: khu vực, mức giá và loại phòng. Khi đã có danh sách hẹp, mới thêm tiện ích để tối ưu lựa chọn.","1"
"Sau khi đặt lịch xem phòng tháng 12 thì tôi cần làm gì? (v3)","","FAQ","Bạn vào mục lịch hẹn để theo dõi trạng thái. Khi chủ trọ duyệt hoặc từ chối, hệ thống sẽ gửi thông báo ngay để bạn chủ động bước tiếp theo.","1"
"Ký hợp đồng truyền thống có an toàn không? (v47)","","FAQ","Có. Hợp đồng truyền thống vẫn là luồng chuẩn, dễ dùng cho người mới. Bạn chỉ cần đọc kỹ điều khoản, kiểm tra thông tin phòng và xác nhận đúng số tiền cọc.","1"
"Ký blockchain khác gì so với ký truyền thống? (v47)","","FAQ","Ký blockchain bổ sung bằng chứng chống chỉnh sửa và khả năng kiểm chứng giao dịch. Luồng thao tác vẫn tương tự, chỉ thêm bước xác nhận ví khi bạn chọn blockchain.","1"
"Nếu tôi không rành blockchain thì có bắt buộc dùng không? (v47)","","FAQ","Không bắt buộc. Bạn có thể hoàn tất toàn bộ quy trình bằng hợp đồng truyền thống. Blockchain chỉ là tùy chọn tăng minh bạch khi bạn cần.","1"
"Thanh toán bằng ví điện tử bị chậm cập nhật thì xử lý thế nào? (v15)","","FAQ","Bạn kiểm tra lại đúng nội dung thanh toán, chờ vài phút để hệ thống đồng bộ, sau đó bấm thử lại. Nếu vẫn lỗi, gửi mã giao dịch cho hỗ trợ để đối soát.","1"
"Khi nào tôi cần kết nối ví Coin98 Wallet? (v47)","","FAQ","Chỉ khi bạn dùng tính năng blockchain như ký hợp đồng on-chain hoặc xác minh giao dịch. Các tính năng tìm phòng và đặt lịch không yêu cầu ví.","1"
"Điểm uy tín trên hệ thống được hiểu thế nào? (v47)","","FAQ","Điểm uy tín phản ánh mức độ tin cậy dựa trên hồ sơ xác thực, lịch sử thanh toán và phản hồi giữa các bên. Điểm cao giúp tăng niềm tin khi giao dịch.","1"
"Thuê phòng kỳ hạn 24 tháng thì cần lưu ý điều gì để tránh tranh chấp? (v15)","","FAQ","Bạn nên kiểm tra kỹ thời hạn, điều khoản cọc, chu kỳ thanh toán, quy định phát sinh phí và lưu lại mọi xác nhận quan trọng trong hệ thống.","1"
"Tôi mới dùng SmartRental, nên bắt đầu từ đâu để thuê phòng nhanh? (v48)","","FAQ","Bạn nên bắt đầu bằng việc lưu phòng yêu thích để so sánh, sau đó tìm phòng theo khu vực và ngân sách, cuối cùng đặt lịch xem với các phòng đã xác thực.","1"
"Làm sao tìm phòng ở Quận 1 mà không bị quá nhiều kết quả? (v3)","","FAQ","Bạn chỉ nên bật 3 bộ lọc chính trước: khu vực, mức giá và loại phòng. Khi đã có danh sách hẹp, mới thêm tiện ích để tối ưu lựa chọn.","1"
"Sau khi đặt lịch xem phòng tháng 1 thì tôi cần làm gì? (v4)","","FAQ","Bạn vào mục lịch hẹn để theo dõi trạng thái. Khi chủ trọ duyệt hoặc từ chối, hệ thống sẽ gửi thông báo ngay để bạn chủ động bước tiếp theo.","1"
"Ký hợp đồng truyền thống có an toàn không? (v48)","","FAQ","Có. Hợp đồng truyền thống vẫn là luồng chuẩn, dễ dùng cho người mới. Bạn chỉ cần đọc kỹ điều khoản, kiểm tra thông tin phòng và xác nhận đúng số tiền cọc.","1"
"Ký blockchain khác gì so với ký truyền thống? (v48)","","FAQ","Ký blockchain bổ sung bằng chứng chống chỉnh sửa và khả năng kiểm chứng giao dịch. Luồng thao tác vẫn tương tự, chỉ thêm bước xác nhận ví khi bạn chọn blockchain.","1"
"Nếu tôi không rành blockchain thì có bắt buộc dùng không? (v48)","","FAQ","Không bắt buộc. Bạn có thể hoàn tất toàn bộ quy trình bằng hợp đồng truyền thống. Blockchain chỉ là tùy chọn tăng minh bạch khi bạn cần.","1"
"Thanh toán bằng SePay bị chậm cập nhật thì xử lý thế nào? (v16)","","FAQ","Bạn kiểm tra lại đúng nội dung thanh toán, chờ vài phút để hệ thống đồng bộ, sau đó bấm thử lại. Nếu vẫn lỗi, gửi mã giao dịch cho hỗ trợ để đối soát.","1"
"Khi nào tôi cần kết nối ví MetaMask? (v48)","","FAQ","Chỉ khi bạn dùng tính năng blockchain như ký hợp đồng on-chain hoặc xác minh giao dịch. Các tính năng tìm phòng và đặt lịch không yêu cầu ví.","1"
"Điểm uy tín trên hệ thống được hiểu thế nào? (v48)","","FAQ","Điểm uy tín phản ánh mức độ tin cậy dựa trên hồ sơ xác thực, lịch sử thanh toán và phản hồi giữa các bên. Điểm cao giúp tăng niềm tin khi giao dịch.","1"
"Thuê phòng kỳ hạn 6 tháng thì cần lưu ý điều gì để tránh tranh chấp? (v16)","","FAQ","Bạn nên kiểm tra kỹ thời hạn, điều khoản cọc, chu kỳ thanh toán, quy định phát sinh phí và lưu lại mọi xác nhận quan trọng trong hệ thống.","1"
"Tôi mới dùng SmartRental, nên bắt đầu từ đâu để thuê phòng nhanh? (v49)","","FAQ","Bạn nên bắt đầu bằng việc bật thông báo phản hồi lịch hẹn, sau đó tìm phòng theo khu vực và ngân sách, cuối cùng đặt lịch xem với các phòng đã xác thực.","1"
"Làm sao tìm phòng ở Quận 3 mà không bị quá nhiều kết quả? (v3)","","FAQ","Bạn chỉ nên bật 3 bộ lọc chính trước: khu vực, mức giá và loại phòng. Khi đã có danh sách hẹp, mới thêm tiện ích để tối ưu lựa chọn.","1"
"Sau khi đặt lịch xem phòng tháng 2 thì tôi cần làm gì? (v4)","","FAQ","Bạn vào mục lịch hẹn để theo dõi trạng thái. Khi chủ trọ duyệt hoặc từ chối, hệ thống sẽ gửi thông báo ngay để bạn chủ động bước tiếp theo.","1"
"Ký hợp đồng truyền thống có an toàn không? (v49)","","FAQ","Có. Hợp đồng truyền thống vẫn là luồng chuẩn, dễ dùng cho người mới. Bạn chỉ cần đọc kỹ điều khoản, kiểm tra thông tin phòng và xác nhận đúng số tiền cọc.","1"
"Ký blockchain khác gì so với ký truyền thống? (v49)","","FAQ","Ký blockchain bổ sung bằng chứng chống chỉnh sửa và khả năng kiểm chứng giao dịch. Luồng thao tác vẫn tương tự, chỉ thêm bước xác nhận ví khi bạn chọn blockchain.","1"
"Nếu tôi không rành blockchain thì có bắt buộc dùng không? (v49)","","FAQ","Không bắt buộc. Bạn có thể hoàn tất toàn bộ quy trình bằng hợp đồng truyền thống. Blockchain chỉ là tùy chọn tăng minh bạch khi bạn cần.","1"
"Thanh toán bằng chuyển khoản ngân hàng bị chậm cập nhật thì xử lý thế nào? (v16)","","FAQ","Bạn kiểm tra lại đúng nội dung thanh toán, chờ vài phút để hệ thống đồng bộ, sau đó bấm thử lại. Nếu vẫn lỗi, gửi mã giao dịch cho hỗ trợ để đối soát.","1"
"Khi nào tôi cần kết nối ví Rabby? (v49)","","FAQ","Chỉ khi bạn dùng tính năng blockchain như ký hợp đồng on-chain hoặc xác minh giao dịch. Các tính năng tìm phòng và đặt lịch không yêu cầu ví.","1"
"Điểm uy tín trên hệ thống được hiểu thế nào? (v49)","","FAQ","Điểm uy tín phản ánh mức độ tin cậy dựa trên hồ sơ xác thực, lịch sử thanh toán và phản hồi giữa các bên. Điểm cao giúp tăng niềm tin khi giao dịch.","1"
"Thuê phòng kỳ hạn 12 tháng thì cần lưu ý điều gì để tránh tranh chấp? (v16)","","FAQ","Bạn nên kiểm tra kỹ thời hạn, điều khoản cọc, chu kỳ thanh toán, quy định phát sinh phí và lưu lại mọi xác nhận quan trọng trong hệ thống.","1"
"Tôi mới dùng SmartRental, nên bắt đầu từ đâu để thuê phòng nhanh? (v50)","","FAQ","Bạn nên bắt đầu bằng việc hoàn tất hồ sơ cá nhân, sau đó tìm phòng theo khu vực và ngân sách, cuối cùng đặt lịch xem với các phòng đã xác thực.","1"
"Làm sao tìm phòng ở Quận 4 mà không bị quá nhiều kết quả? (v3)","","FAQ","Bạn chỉ nên bật 3 bộ lọc chính trước: khu vực, mức giá và loại phòng. Khi đã có danh sách hẹp, mới thêm tiện ích để tối ưu lựa chọn.","1"
"Sau khi đặt lịch xem phòng tháng 3 thì tôi cần làm gì? (v4)","","FAQ","Bạn vào mục lịch hẹn để theo dõi trạng thái. Khi chủ trọ duyệt hoặc từ chối, hệ thống sẽ gửi thông báo ngay để bạn chủ động bước tiếp theo.","1"
"Ký hợp đồng truyền thống có an toàn không? (v50)","","FAQ","Có. Hợp đồng truyền thống vẫn là luồng chuẩn, dễ dùng cho người mới. Bạn chỉ cần đọc kỹ điều khoản, kiểm tra thông tin phòng và xác nhận đúng số tiền cọc.","1"
"Ký blockchain khác gì so với ký truyền thống? (v50)","","FAQ","Ký blockchain bổ sung bằng chứng chống chỉnh sửa và khả năng kiểm chứng giao dịch. Luồng thao tác vẫn tương tự, chỉ thêm bước xác nhận ví khi bạn chọn blockchain.","1"
"Nếu tôi không rành blockchain thì có bắt buộc dùng không? (v50)","","FAQ","Không bắt buộc. Bạn có thể hoàn tất toàn bộ quy trình bằng hợp đồng truyền thống. Blockchain chỉ là tùy chọn tăng minh bạch khi bạn cần.","1"
"Thanh toán bằng ví điện tử bị chậm cập nhật thì xử lý thế nào? (v16)","","FAQ","Bạn kiểm tra lại đúng nội dung thanh toán, chờ vài phút để hệ thống đồng bộ, sau đó bấm thử lại. Nếu vẫn lỗi, gửi mã giao dịch cho hỗ trợ để đối soát.","1"
"Khi nào tôi cần kết nối ví Coin98 Wallet? (v50)","","FAQ","Chỉ khi bạn dùng tính năng blockchain như ký hợp đồng on-chain hoặc xác minh giao dịch. Các tính năng tìm phòng và đặt lịch không yêu cầu ví.","1"
"Điểm uy tín trên hệ thống được hiểu thế nào? (v50)","","FAQ","Điểm uy tín phản ánh mức độ tin cậy dựa trên hồ sơ xác thực, lịch sử thanh toán và phản hồi giữa các bên. Điểm cao giúp tăng niềm tin khi giao dịch.","1"
"Thuê phòng kỳ hạn 24 tháng thì cần lưu ý điều gì để tránh tranh chấp? (v16)","","FAQ","Bạn nên kiểm tra kỹ thời hạn, điều khoản cọc, chu kỳ thanh toán, quy định phát sinh phí và lưu lại mọi xác nhận quan trọng trong hệ thống.","1"
"Tôi mới dùng SmartRental, nên bắt đầu từ đâu để thuê phòng nhanh? (v51)","","FAQ","Bạn nên bắt đầu bằng việc xác thực email và số điện thoại, sau đó tìm phòng theo khu vực và ngân sách, cuối cùng đặt lịch xem với các phòng đã xác thực.","1"
"Làm sao tìm phòng ở Quận 5 mà không bị quá nhiều kết quả? (v3)","","FAQ","Bạn chỉ nên bật 3 bộ lọc chính trước: khu vực, mức giá và loại phòng. Khi đã có danh sách hẹp, mới thêm tiện ích để tối ưu lựa chọn.","1"
"Sau khi đặt lịch xem phòng tháng 4 thì tôi cần làm gì? (v4)","","FAQ","Bạn vào mục lịch hẹn để theo dõi trạng thái. Khi chủ trọ duyệt hoặc từ chối, hệ thống sẽ gửi thông báo ngay để bạn chủ động bước tiếp theo.","1"
"Ký hợp đồng truyền thống có an toàn không? (v51)","","FAQ","Có. Hợp đồng truyền thống vẫn là luồng chuẩn, dễ dùng cho người mới. Bạn chỉ cần đọc kỹ điều khoản, kiểm tra thông tin phòng và xác nhận đúng số tiền cọc.","1"
"Ký blockchain khác gì so với ký truyền thống? (v51)","","FAQ","Ký blockchain bổ sung bằng chứng chống chỉnh sửa và khả năng kiểm chứng giao dịch. Luồng thao tác vẫn tương tự, chỉ thêm bước xác nhận ví khi bạn chọn blockchain.","1"
"Nếu tôi không rành blockchain thì có bắt buộc dùng không? (v51)","","FAQ","Không bắt buộc. Bạn có thể hoàn tất toàn bộ quy trình bằng hợp đồng truyền thống. Blockchain chỉ là tùy chọn tăng minh bạch khi bạn cần.","1"
"Thanh toán bằng SePay bị chậm cập nhật thì xử lý thế nào? (v17)","","FAQ","Bạn kiểm tra lại đúng nội dung thanh toán, chờ vài phút để hệ thống đồng bộ, sau đó bấm thử lại. Nếu vẫn lỗi, gửi mã giao dịch cho hỗ trợ để đối soát.","1"
"Khi nào tôi cần kết nối ví MetaMask? (v51)","","FAQ","Chỉ khi bạn dùng tính năng blockchain như ký hợp đồng on-chain hoặc xác minh giao dịch. Các tính năng tìm phòng và đặt lịch không yêu cầu ví.","1"
"Điểm uy tín trên hệ thống được hiểu thế nào? (v51)","","FAQ","Điểm uy tín phản ánh mức độ tin cậy dựa trên hồ sơ xác thực, lịch sử thanh toán và phản hồi giữa các bên. Điểm cao giúp tăng niềm tin khi giao dịch.","1"
"Thuê phòng kỳ hạn 6 tháng thì cần lưu ý điều gì để tránh tranh chấp? (v17)","","FAQ","Bạn nên kiểm tra kỹ thời hạn, điều khoản cọc, chu kỳ thanh toán, quy định phát sinh phí và lưu lại mọi xác nhận quan trọng trong hệ thống.","1"
"Tôi mới dùng SmartRental, nên bắt đầu từ đâu để thuê phòng nhanh? (v52)","","FAQ","Bạn nên bắt đầu bằng việc đặt ngân sách tối đa theo tháng, sau đó tìm phòng theo khu vực và ngân sách, cuối cùng đặt lịch xem với các phòng đã xác thực.","1"
"Làm sao tìm phòng ở Quận 7 mà không bị quá nhiều kết quả? (v3)","","FAQ","Bạn chỉ nên bật 3 bộ lọc chính trước: khu vực, mức giá và loại phòng. Khi đã có danh sách hẹp, mới thêm tiện ích để tối ưu lựa chọn.","1"
"Sau khi đặt lịch xem phòng tháng 5 thì tôi cần làm gì? (v4)","","FAQ","Bạn vào mục lịch hẹn để theo dõi trạng thái. Khi chủ trọ duyệt hoặc từ chối, hệ thống sẽ gửi thông báo ngay để bạn chủ động bước tiếp theo.","1"
"Ký hợp đồng truyền thống có an toàn không? (v52)","","FAQ","Có. Hợp đồng truyền thống vẫn là luồng chuẩn, dễ dùng cho người mới. Bạn chỉ cần đọc kỹ điều khoản, kiểm tra thông tin phòng và xác nhận đúng số tiền cọc.","1"
"Ký blockchain khác gì so với ký truyền thống? (v52)","","FAQ","Ký blockchain bổ sung bằng chứng chống chỉnh sửa và khả năng kiểm chứng giao dịch. Luồng thao tác vẫn tương tự, chỉ thêm bước xác nhận ví khi bạn chọn blockchain.","1"
"Nếu tôi không rành blockchain thì có bắt buộc dùng không? (v52)","","FAQ","Không bắt buộc. Bạn có thể hoàn tất toàn bộ quy trình bằng hợp đồng truyền thống. Blockchain chỉ là tùy chọn tăng minh bạch khi bạn cần.","1"
"Thanh toán bằng chuyển khoản ngân hàng bị chậm cập nhật thì xử lý thế nào? (v17)","","FAQ","Bạn kiểm tra lại đúng nội dung thanh toán, chờ vài phút để hệ thống đồng bộ, sau đó bấm thử lại. Nếu vẫn lỗi, gửi mã giao dịch cho hỗ trợ để đối soát.","1"
"Khi nào tôi cần kết nối ví Rabby? (v52)","","FAQ","Chỉ khi bạn dùng tính năng blockchain như ký hợp đồng on-chain hoặc xác minh giao dịch. Các tính năng tìm phòng và đặt lịch không yêu cầu ví.","1"
"Điểm uy tín trên hệ thống được hiểu thế nào? (v52)","","FAQ","Điểm uy tín phản ánh mức độ tin cậy dựa trên hồ sơ xác thực, lịch sử thanh toán và phản hồi giữa các bên. Điểm cao giúp tăng niềm tin khi giao dịch.","1"
"Thuê phòng kỳ hạn 12 tháng thì cần lưu ý điều gì để tránh tranh chấp? (v17)","","FAQ","Bạn nên kiểm tra kỹ thời hạn, điều khoản cọc, chu kỳ thanh toán, quy định phát sinh phí và lưu lại mọi xác nhận quan trọng trong hệ thống.","1"
"Tôi mới dùng SmartRental, nên bắt đầu từ đâu để thuê phòng nhanh? (v53)","","FAQ","Bạn nên bắt đầu bằng việc lưu phòng yêu thích để so sánh, sau đó tìm phòng theo khu vực và ngân sách, cuối cùng đặt lịch xem với các phòng đã xác thực.","1"
"Làm sao tìm phòng ở Quận 10 mà không bị quá nhiều kết quả? (v3)","","FAQ","Bạn chỉ nên bật 3 bộ lọc chính trước: khu vực, mức giá và loại phòng. Khi đã có danh sách hẹp, mới thêm tiện ích để tối ưu lựa chọn.","1"
"Sau khi đặt lịch xem phòng tháng 6 thì tôi cần làm gì? (v4)","","FAQ","Bạn vào mục lịch hẹn để theo dõi trạng thái. Khi chủ trọ duyệt hoặc từ chối, hệ thống sẽ gửi thông báo ngay để bạn chủ động bước tiếp theo.","1"
"Ký hợp đồng truyền thống có an toàn không? (v53)","","FAQ","Có. Hợp đồng truyền thống vẫn là luồng chuẩn, dễ dùng cho người mới. Bạn chỉ cần đọc kỹ điều khoản, kiểm tra thông tin phòng và xác nhận đúng số tiền cọc.","1"
"Ký blockchain khác gì so với ký truyền thống? (v53)","","FAQ","Ký blockchain bổ sung bằng chứng chống chỉnh sửa và khả năng kiểm chứng giao dịch. Luồng thao tác vẫn tương tự, chỉ thêm bước xác nhận ví khi bạn chọn blockchain.","1"
"Nếu tôi không rành blockchain thì có bắt buộc dùng không? (v53)","","FAQ","Không bắt buộc. Bạn có thể hoàn tất toàn bộ quy trình bằng hợp đồng truyền thống. Blockchain chỉ là tùy chọn tăng minh bạch khi bạn cần.","1"
"Thanh toán bằng ví điện tử bị chậm cập nhật thì xử lý thế nào? (v17)","","FAQ","Bạn kiểm tra lại đúng nội dung thanh toán, chờ vài phút để hệ thống đồng bộ, sau đó bấm thử lại. Nếu vẫn lỗi, gửi mã giao dịch cho hỗ trợ để đối soát.","1"
"Khi nào tôi cần kết nối ví Coin98 Wallet? (v53)","","FAQ","Chỉ khi bạn dùng tính năng blockchain như ký hợp đồng on-chain hoặc xác minh giao dịch. Các tính năng tìm phòng và đặt lịch không yêu cầu ví.","1"
"Điểm uy tín trên hệ thống được hiểu thế nào? (v53)","","FAQ","Điểm uy tín phản ánh mức độ tin cậy dựa trên hồ sơ xác thực, lịch sử thanh toán và phản hồi giữa các bên. Điểm cao giúp tăng niềm tin khi giao dịch.","1"
"Thuê phòng kỳ hạn 24 tháng thì cần lưu ý điều gì để tránh tranh chấp? (v17)","","FAQ","Bạn nên kiểm tra kỹ thời hạn, điều khoản cọc, chu kỳ thanh toán, quy định phát sinh phí và lưu lại mọi xác nhận quan trọng trong hệ thống.","1"
"Tôi mới dùng SmartRental, nên bắt đầu từ đâu để thuê phòng nhanh? (v54)","","FAQ","Bạn nên bắt đầu bằng việc bật thông báo phản hồi lịch hẹn, sau đó tìm phòng theo khu vực và ngân sách, cuối cùng đặt lịch xem với các phòng đã xác thực.","1"
"Làm sao tìm phòng ở Quận 12 mà không bị quá nhiều kết quả? (v3)","","FAQ","Bạn chỉ nên bật 3 bộ lọc chính trước: khu vực, mức giá và loại phòng. Khi đã có danh sách hẹp, mới thêm tiện ích để tối ưu lựa chọn.","1"
"Sau khi đặt lịch xem phòng tháng 7 thì tôi cần làm gì? (v4)","","FAQ","Bạn vào mục lịch hẹn để theo dõi trạng thái. Khi chủ trọ duyệt hoặc từ chối, hệ thống sẽ gửi thông báo ngay để bạn chủ động bước tiếp theo.","1"
"Ký hợp đồng truyền thống có an toàn không? (v54)","","FAQ","Có. Hợp đồng truyền thống vẫn là luồng chuẩn, dễ dùng cho người mới. Bạn chỉ cần đọc kỹ điều khoản, kiểm tra thông tin phòng và xác nhận đúng số tiền cọc.","1"
"Ký blockchain khác gì so với ký truyền thống? (v54)","","FAQ","Ký blockchain bổ sung bằng chứng chống chỉnh sửa và khả năng kiểm chứng giao dịch. Luồng thao tác vẫn tương tự, chỉ thêm bước xác nhận ví khi bạn chọn blockchain.","1"
"Nếu tôi không rành blockchain thì có bắt buộc dùng không? (v54)","","FAQ","Không bắt buộc. Bạn có thể hoàn tất toàn bộ quy trình bằng hợp đồng truyền thống. Blockchain chỉ là tùy chọn tăng minh bạch khi bạn cần.","1"
"Thanh toán bằng SePay bị chậm cập nhật thì xử lý thế nào? (v18)","","FAQ","Bạn kiểm tra lại đúng nội dung thanh toán, chờ vài phút để hệ thống đồng bộ, sau đó bấm thử lại. Nếu vẫn lỗi, gửi mã giao dịch cho hỗ trợ để đối soát.","1"
"Khi nào tôi cần kết nối ví MetaMask? (v54)","","FAQ","Chỉ khi bạn dùng tính năng blockchain như ký hợp đồng on-chain hoặc xác minh giao dịch. Các tính năng tìm phòng và đặt lịch không yêu cầu ví.","1"
"Điểm uy tín trên hệ thống được hiểu thế nào? (v54)","","FAQ","Điểm uy tín phản ánh mức độ tin cậy dựa trên hồ sơ xác thực, lịch sử thanh toán và phản hồi giữa các bên. Điểm cao giúp tăng niềm tin khi giao dịch.","1"
"Thuê phòng kỳ hạn 6 tháng thì cần lưu ý điều gì để tránh tranh chấp? (v18)","","FAQ","Bạn nên kiểm tra kỹ thời hạn, điều khoản cọc, chu kỳ thanh toán, quy định phát sinh phí và lưu lại mọi xác nhận quan trọng trong hệ thống.","1"
"Tôi mới dùng SmartRental, nên bắt đầu từ đâu để thuê phòng nhanh? (v55)","","FAQ","Bạn nên bắt đầu bằng việc hoàn tất hồ sơ cá nhân, sau đó tìm phòng theo khu vực và ngân sách, cuối cùng đặt lịch xem với các phòng đã xác thực.","1"
"Làm sao tìm phòng ở Gò Vấp mà không bị quá nhiều kết quả? (v3)","","FAQ","Bạn chỉ nên bật 3 bộ lọc chính trước: khu vực, mức giá và loại phòng. Khi đã có danh sách hẹp, mới thêm tiện ích để tối ưu lựa chọn.","1"
"Sau khi đặt lịch xem phòng tháng 8 thì tôi cần làm gì? (v4)","","FAQ","Bạn vào mục lịch hẹn để theo dõi trạng thái. Khi chủ trọ duyệt hoặc từ chối, hệ thống sẽ gửi thông báo ngay để bạn chủ động bước tiếp theo.","1"
"Ký hợp đồng truyền thống có an toàn không? (v55)","","FAQ","Có. Hợp đồng truyền thống vẫn là luồng chuẩn, dễ dùng cho người mới. Bạn chỉ cần đọc kỹ điều khoản, kiểm tra thông tin phòng và xác nhận đúng số tiền cọc.","1"
"Ký blockchain khác gì so với ký truyền thống? (v55)","","FAQ","Ký blockchain bổ sung bằng chứng chống chỉnh sửa và khả năng kiểm chứng giao dịch. Luồng thao tác vẫn tương tự, chỉ thêm bước xác nhận ví khi bạn chọn blockchain.","1"
"Nếu tôi không rành blockchain thì có bắt buộc dùng không? (v55)","","FAQ","Không bắt buộc. Bạn có thể hoàn tất toàn bộ quy trình bằng hợp đồng truyền thống. Blockchain chỉ là tùy chọn tăng minh bạch khi bạn cần.","1"
"Thanh toán bằng chuyển khoản ngân hàng bị chậm cập nhật thì xử lý thế nào? (v18)","","FAQ","Bạn kiểm tra lại đúng nội dung thanh toán, chờ vài phút để hệ thống đồng bộ, sau đó bấm thử lại. Nếu vẫn lỗi, gửi mã giao dịch cho hỗ trợ để đối soát.","1"
"Khi nào tôi cần kết nối ví Rabby? (v55)","","FAQ","Chỉ khi bạn dùng tính năng blockchain như ký hợp đồng on-chain hoặc xác minh giao dịch. Các tính năng tìm phòng và đặt lịch không yêu cầu ví.","1"
"Điểm uy tín trên hệ thống được hiểu thế nào? (v55)","","FAQ","Điểm uy tín phản ánh mức độ tin cậy dựa trên hồ sơ xác thực, lịch sử thanh toán và phản hồi giữa các bên. Điểm cao giúp tăng niềm tin khi giao dịch.","1"
"Thuê phòng kỳ hạn 12 tháng thì cần lưu ý điều gì để tránh tranh chấp? (v18)","","FAQ","Bạn nên kiểm tra kỹ thời hạn, điều khoản cọc, chu kỳ thanh toán, quy định phát sinh phí và lưu lại mọi xác nhận quan trọng trong hệ thống.","1"
"Tôi mới dùng SmartRental, nên bắt đầu từ đâu để thuê phòng nhanh? (v56)","","FAQ","Bạn nên bắt đầu bằng việc xác thực email và số điện thoại, sau đó tìm phòng theo khu vực và ngân sách, cuối cùng đặt lịch xem với các phòng đã xác thực.","1"
"Làm sao tìm phòng ở Bình Thạnh mà không bị quá nhiều kết quả? (v3)","","FAQ","Bạn chỉ nên bật 3 bộ lọc chính trước: khu vực, mức giá và loại phòng. Khi đã có danh sách hẹp, mới thêm tiện ích để tối ưu lựa chọn.","1"
"Sau khi đặt lịch xem phòng tháng 9 thì tôi cần làm gì? (v4)","","FAQ","Bạn vào mục lịch hẹn để theo dõi trạng thái. Khi chủ trọ duyệt hoặc từ chối, hệ thống sẽ gửi thông báo ngay để bạn chủ động bước tiếp theo.","1"
"Ký hợp đồng truyền thống có an toàn không? (v56)","","FAQ","Có. Hợp đồng truyền thống vẫn là luồng chuẩn, dễ dùng cho người mới. Bạn chỉ cần đọc kỹ điều khoản, kiểm tra thông tin phòng và xác nhận đúng số tiền cọc.","1"
"Ký blockchain khác gì so với ký truyền thống? (v56)","","FAQ","Ký blockchain bổ sung bằng chứng chống chỉnh sửa và khả năng kiểm chứng giao dịch. Luồng thao tác vẫn tương tự, chỉ thêm bước xác nhận ví khi bạn chọn blockchain.","1"
"Nếu tôi không rành blockchain thì có bắt buộc dùng không? (v56)","","FAQ","Không bắt buộc. Bạn có thể hoàn tất toàn bộ quy trình bằng hợp đồng truyền thống. Blockchain chỉ là tùy chọn tăng minh bạch khi bạn cần.","1"
"Thanh toán bằng ví điện tử bị chậm cập nhật thì xử lý thế nào? (v18)","","FAQ","Bạn kiểm tra lại đúng nội dung thanh toán, chờ vài phút để hệ thống đồng bộ, sau đó bấm thử lại. Nếu vẫn lỗi, gửi mã giao dịch cho hỗ trợ để đối soát.","1"
"Khi nào tôi cần kết nối ví Coin98 Wallet? (v56)","","FAQ","Chỉ khi bạn dùng tính năng blockchain như ký hợp đồng on-chain hoặc xác minh giao dịch. Các tính năng tìm phòng và đặt lịch không yêu cầu ví.","1"
"Điểm uy tín trên hệ thống được hiểu thế nào? (v56)","","FAQ","Điểm uy tín phản ánh mức độ tin cậy dựa trên hồ sơ xác thực, lịch sử thanh toán và phản hồi giữa các bên. Điểm cao giúp tăng niềm tin khi giao dịch.","1"
"Thuê phòng kỳ hạn 24 tháng thì cần lưu ý điều gì để tránh tranh chấp? (v18)","","FAQ","Bạn nên kiểm tra kỹ thời hạn, điều khoản cọc, chu kỳ thanh toán, quy định phát sinh phí và lưu lại mọi xác nhận quan trọng trong hệ thống.","1"
"Tôi mới dùng SmartRental, nên bắt đầu từ đâu để thuê phòng nhanh? (v57)","","FAQ","Bạn nên bắt đầu bằng việc đặt ngân sách tối đa theo tháng, sau đó tìm phòng theo khu vực và ngân sách, cuối cùng đặt lịch xem với các phòng đã xác thực.","1"
"Làm sao tìm phòng ở Tân Bình mà không bị quá nhiều kết quả? (v3)","","FAQ","Bạn chỉ nên bật 3 bộ lọc chính trước: khu vực, mức giá và loại phòng. Khi đã có danh sách hẹp, mới thêm tiện ích để tối ưu lựa chọn.","1"
"Sau khi đặt lịch xem phòng tháng 10 thì tôi cần làm gì? (v4)","","FAQ","Bạn vào mục lịch hẹn để theo dõi trạng thái. Khi chủ trọ duyệt hoặc từ chối, hệ thống sẽ gửi thông báo ngay để bạn chủ động bước tiếp theo.","1"
"Ký hợp đồng truyền thống có an toàn không? (v57)","","FAQ","Có. Hợp đồng truyền thống vẫn là luồng chuẩn, dễ dùng cho người mới. Bạn chỉ cần đọc kỹ điều khoản, kiểm tra thông tin phòng và xác nhận đúng số tiền cọc.","1"
"Ký blockchain khác gì so với ký truyền thống? (v57)","","FAQ","Ký blockchain bổ sung bằng chứng chống chỉnh sửa và khả năng kiểm chứng giao dịch. Luồng thao tác vẫn tương tự, chỉ thêm bước xác nhận ví khi bạn chọn blockchain.","1"
"Nếu tôi không rành blockchain thì có bắt buộc dùng không? (v57)","","FAQ","Không bắt buộc. Bạn có thể hoàn tất toàn bộ quy trình bằng hợp đồng truyền thống. Blockchain chỉ là tùy chọn tăng minh bạch khi bạn cần.","1"
"Thanh toán bằng SePay bị chậm cập nhật thì xử lý thế nào? (v19)","","FAQ","Bạn kiểm tra lại đúng nội dung thanh toán, chờ vài phút để hệ thống đồng bộ, sau đó bấm thử lại. Nếu vẫn lỗi, gửi mã giao dịch cho hỗ trợ để đối soát.","1"
"Khi nào tôi cần kết nối ví MetaMask? (v57)","","FAQ","Chỉ khi bạn dùng tính năng blockchain như ký hợp đồng on-chain hoặc xác minh giao dịch. Các tính năng tìm phòng và đặt lịch không yêu cầu ví.","1"
"Điểm uy tín trên hệ thống được hiểu thế nào? (v57)","","FAQ","Điểm uy tín phản ánh mức độ tin cậy dựa trên hồ sơ xác thực, lịch sử thanh toán và phản hồi giữa các bên. Điểm cao giúp tăng niềm tin khi giao dịch.","1"
"Thuê phòng kỳ hạn 6 tháng thì cần lưu ý điều gì để tránh tranh chấp? (v19)","","FAQ","Bạn nên kiểm tra kỹ thời hạn, điều khoản cọc, chu kỳ thanh toán, quy định phát sinh phí và lưu lại mọi xác nhận quan trọng trong hệ thống.","1"
"Tôi mới dùng SmartRental, nên bắt đầu từ đâu để thuê phòng nhanh? (v58)","","FAQ","Bạn nên bắt đầu bằng việc lưu phòng yêu thích để so sánh, sau đó tìm phòng theo khu vực và ngân sách, cuối cùng đặt lịch xem với các phòng đã xác thực.","1"
"Làm sao tìm phòng ở Thủ Đức mà không bị quá nhiều kết quả? (v3)","","FAQ","Bạn chỉ nên bật 3 bộ lọc chính trước: khu vực, mức giá và loại phòng. Khi đã có danh sách hẹp, mới thêm tiện ích để tối ưu lựa chọn.","1"
"Sau khi đặt lịch xem phòng tháng 11 thì tôi cần làm gì? (v4)","","FAQ","Bạn vào mục lịch hẹn để theo dõi trạng thái. Khi chủ trọ duyệt hoặc từ chối, hệ thống sẽ gửi thông báo ngay để bạn chủ động bước tiếp theo.","1"
"Ký hợp đồng truyền thống có an toàn không? (v58)","","FAQ","Có. Hợp đồng truyền thống vẫn là luồng chuẩn, dễ dùng cho người mới. Bạn chỉ cần đọc kỹ điều khoản, kiểm tra thông tin phòng và xác nhận đúng số tiền cọc.","1"
"Ký blockchain khác gì so với ký truyền thống? (v58)","","FAQ","Ký blockchain bổ sung bằng chứng chống chỉnh sửa và khả năng kiểm chứng giao dịch. Luồng thao tác vẫn tương tự, chỉ thêm bước xác nhận ví khi bạn chọn blockchain.","1"
"Nếu tôi không rành blockchain thì có bắt buộc dùng không? (v58)","","FAQ","Không bắt buộc. Bạn có thể hoàn tất toàn bộ quy trình bằng hợp đồng truyền thống. Blockchain chỉ là tùy chọn tăng minh bạch khi bạn cần.","1"
"Thanh toán bằng chuyển khoản ngân hàng bị chậm cập nhật thì xử lý thế nào? (v19)","","FAQ","Bạn kiểm tra lại đúng nội dung thanh toán, chờ vài phút để hệ thống đồng bộ, sau đó bấm thử lại. Nếu vẫn lỗi, gửi mã giao dịch cho hỗ trợ để đối soát.","1"
"Khi nào tôi cần kết nối ví Rabby? (v58)","","FAQ","Chỉ khi bạn dùng tính năng blockchain như ký hợp đồng on-chain hoặc xác minh giao dịch. Các tính năng tìm phòng và đặt lịch không yêu cầu ví.","1"
"Điểm uy tín trên hệ thống được hiểu thế nào? (v58)","","FAQ","Điểm uy tín phản ánh mức độ tin cậy dựa trên hồ sơ xác thực, lịch sử thanh toán và phản hồi giữa các bên. Điểm cao giúp tăng niềm tin khi giao dịch.","1"
"Thuê phòng kỳ hạn 12 tháng thì cần lưu ý điều gì để tránh tranh chấp? (v19)","","FAQ","Bạn nên kiểm tra kỹ thời hạn, điều khoản cọc, chu kỳ thanh toán, quy định phát sinh phí và lưu lại mọi xác nhận quan trọng trong hệ thống.","1"
"Tôi mới dùng SmartRental, nên bắt đầu từ đâu để thuê phòng nhanh? (v59)","","FAQ","Bạn nên bắt đầu bằng việc bật thông báo phản hồi lịch hẹn, sau đó tìm phòng theo khu vực và ngân sách, cuối cùng đặt lịch xem với các phòng đã xác thực.","1"
"Làm sao tìm phòng ở Phú Nhuận mà không bị quá nhiều kết quả? (v3)","","FAQ","Bạn chỉ nên bật 3 bộ lọc chính trước: khu vực, mức giá và loại phòng. Khi đã có danh sách hẹp, mới thêm tiện ích để tối ưu lựa chọn.","1"
"Sau khi đặt lịch xem phòng tháng 12 thì tôi cần làm gì? (v4)","","FAQ","Bạn vào mục lịch hẹn để theo dõi trạng thái. Khi chủ trọ duyệt hoặc từ chối, hệ thống sẽ gửi thông báo ngay để bạn chủ động bước tiếp theo.","1"
"Ký hợp đồng truyền thống có an toàn không? (v59)","","FAQ","Có. Hợp đồng truyền thống vẫn là luồng chuẩn, dễ dùng cho người mới. Bạn chỉ cần đọc kỹ điều khoản, kiểm tra thông tin phòng và xác nhận đúng số tiền cọc.","1"
"Ký blockchain khác gì so với ký truyền thống? (v59)","","FAQ","Ký blockchain bổ sung bằng chứng chống chỉnh sửa và khả năng kiểm chứng giao dịch. Luồng thao tác vẫn tương tự, chỉ thêm bước xác nhận ví khi bạn chọn blockchain.","1"
"Nếu tôi không rành blockchain thì có bắt buộc dùng không? (v59)","","FAQ","Không bắt buộc. Bạn có thể hoàn tất toàn bộ quy trình bằng hợp đồng truyền thống. Blockchain chỉ là tùy chọn tăng minh bạch khi bạn cần.","1"
"Thanh toán bằng ví điện tử bị chậm cập nhật thì xử lý thế nào? (v19)","","FAQ","Bạn kiểm tra lại đúng nội dung thanh toán, chờ vài phút để hệ thống đồng bộ, sau đó bấm thử lại. Nếu vẫn lỗi, gửi mã giao dịch cho hỗ trợ để đối soát.","1"
"Khi nào tôi cần kết nối ví Coin98 Wallet? (v59)","","FAQ","Chỉ khi bạn dùng tính năng blockchain như ký hợp đồng on-chain hoặc xác minh giao dịch. Các tính năng tìm phòng và đặt lịch không yêu cầu ví.","1"
"Điểm uy tín trên hệ thống được hiểu thế nào? (v59)","","FAQ","Điểm uy tín phản ánh mức độ tin cậy dựa trên hồ sơ xác thực, lịch sử thanh toán và phản hồi giữa các bên. Điểm cao giúp tăng niềm tin khi giao dịch.","1"
"Thuê phòng kỳ hạn 24 tháng thì cần lưu ý điều gì để tránh tranh chấp? (v19)","","FAQ","Bạn nên kiểm tra kỹ thời hạn, điều khoản cọc, chu kỳ thanh toán, quy định phát sinh phí và lưu lại mọi xác nhận quan trọng trong hệ thống.","1"
"Tôi mới dùng SmartRental, nên bắt đầu từ đâu để thuê phòng nhanh? (v60)","","FAQ","Bạn nên bắt đầu bằng việc hoàn tất hồ sơ cá nhân, sau đó tìm phòng theo khu vực và ngân sách, cuối cùng đặt lịch xem với các phòng đã xác thực.","1"
"Làm sao tìm phòng ở Bình Tân mà không bị quá nhiều kết quả? (v3)","","FAQ","Bạn chỉ nên bật 3 bộ lọc chính trước: khu vực, mức giá và loại phòng. Khi đã có danh sách hẹp, mới thêm tiện ích để tối ưu lựa chọn.","1"
"Sau khi đặt lịch xem phòng tháng 1 thì tôi cần làm gì? (v5)","","FAQ","Bạn vào mục lịch hẹn để theo dõi trạng thái. Khi chủ trọ duyệt hoặc từ chối, hệ thống sẽ gửi thông báo ngay để bạn chủ động bước tiếp theo.","1"
"Ký hợp đồng truyền thống có an toàn không? (v60)","","FAQ","Có. Hợp đồng truyền thống vẫn là luồng chuẩn, dễ dùng cho người mới. Bạn chỉ cần đọc kỹ điều khoản, kiểm tra thông tin phòng và xác nhận đúng số tiền cọc.","1"
"Ký blockchain khác gì so với ký truyền thống? (v60)","","FAQ","Ký blockchain bổ sung bằng chứng chống chỉnh sửa và khả năng kiểm chứng giao dịch. Luồng thao tác vẫn tương tự, chỉ thêm bước xác nhận ví khi bạn chọn blockchain.","1"
"Nếu tôi không rành blockchain thì có bắt buộc dùng không? (v60)","","FAQ","Không bắt buộc. Bạn có thể hoàn tất toàn bộ quy trình bằng hợp đồng truyền thống. Blockchain chỉ là tùy chọn tăng minh bạch khi bạn cần.","1"
"Thanh toán bằng SePay bị chậm cập nhật thì xử lý thế nào? (v20)","","FAQ","Bạn kiểm tra lại đúng nội dung thanh toán, chờ vài phút để hệ thống đồng bộ, sau đó bấm thử lại. Nếu vẫn lỗi, gửi mã giao dịch cho hỗ trợ để đối soát.","1"
"Khi nào tôi cần kết nối ví MetaMask? (v60)","","FAQ","Chỉ khi bạn dùng tính năng blockchain như ký hợp đồng on-chain hoặc xác minh giao dịch. Các tính năng tìm phòng và đặt lịch không yêu cầu ví.","1"
"Điểm uy tín trên hệ thống được hiểu thế nào? (v60)","","FAQ","Điểm uy tín phản ánh mức độ tin cậy dựa trên hồ sơ xác thực, lịch sử thanh toán và phản hồi giữa các bên. Điểm cao giúp tăng niềm tin khi giao dịch.","1"
"Thuê phòng kỳ hạn 6 tháng thì cần lưu ý điều gì để tránh tranh chấp? (v20)","","FAQ","Bạn nên kiểm tra kỹ thời hạn, điều khoản cọc, chu kỳ thanh toán, quy định phát sinh phí và lưu lại mọi xác nhận quan trọng trong hệ thống.","1"
"Tôi mới dùng SmartRental, nên bắt đầu từ đâu để thuê phòng nhanh? (v61)","","FAQ","Bạn nên bắt đầu bằng việc xác thực email và số điện thoại, sau đó tìm phòng theo khu vực và ngân sách, cuối cùng đặt lịch xem với các phòng đã xác thực.","1"
"Làm sao tìm phòng ở Bình Chánh mà không bị quá nhiều kết quả? (v3)","","FAQ","Bạn chỉ nên bật 3 bộ lọc chính trước: khu vực, mức giá và loại phòng. Khi đã có danh sách hẹp, mới thêm tiện ích để tối ưu lựa chọn.","1"
"Sau khi đặt lịch xem phòng tháng 2 thì tôi cần làm gì? (v5)","","FAQ","Bạn vào mục lịch hẹn để theo dõi trạng thái. Khi chủ trọ duyệt hoặc từ chối, hệ thống sẽ gửi thông báo ngay để bạn chủ động bước tiếp theo.","1"
"Ký hợp đồng truyền thống có an toàn không? (v61)","","FAQ","Có. Hợp đồng truyền thống vẫn là luồng chuẩn, dễ dùng cho người mới. Bạn chỉ cần đọc kỹ điều khoản, kiểm tra thông tin phòng và xác nhận đúng số tiền cọc.","1"
"Ký blockchain khác gì so với ký truyền thống? (v61)","","FAQ","Ký blockchain bổ sung bằng chứng chống chỉnh sửa và khả năng kiểm chứng giao dịch. Luồng thao tác vẫn tương tự, chỉ thêm bước xác nhận ví khi bạn chọn blockchain.","1"
"Nếu tôi không rành blockchain thì có bắt buộc dùng không? (v61)","","FAQ","Không bắt buộc. Bạn có thể hoàn tất toàn bộ quy trình bằng hợp đồng truyền thống. Blockchain chỉ là tùy chọn tăng minh bạch khi bạn cần.","1"
"Thanh toán bằng chuyển khoản ngân hàng bị chậm cập nhật thì xử lý thế nào? (v20)","","FAQ","Bạn kiểm tra lại đúng nội dung thanh toán, chờ vài phút để hệ thống đồng bộ, sau đó bấm thử lại. Nếu vẫn lỗi, gửi mã giao dịch cho hỗ trợ để đối soát.","1"
"Khi nào tôi cần kết nối ví Rabby? (v61)","","FAQ","Chỉ khi bạn dùng tính năng blockchain như ký hợp đồng on-chain hoặc xác minh giao dịch. Các tính năng tìm phòng và đặt lịch không yêu cầu ví.","1"
"Điểm uy tín trên hệ thống được hiểu thế nào? (v61)","","FAQ","Điểm uy tín phản ánh mức độ tin cậy dựa trên hồ sơ xác thực, lịch sử thanh toán và phản hồi giữa các bên. Điểm cao giúp tăng niềm tin khi giao dịch.","1"
"Thuê phòng kỳ hạn 12 tháng thì cần lưu ý điều gì để tránh tranh chấp? (v20)","","FAQ","Bạn nên kiểm tra kỹ thời hạn, điều khoản cọc, chu kỳ thanh toán, quy định phát sinh phí và lưu lại mọi xác nhận quan trọng trong hệ thống.","1"
"Tôi mới dùng SmartRental, nên bắt đầu từ đâu để thuê phòng nhanh? (v62)","","FAQ","Bạn nên bắt đầu bằng việc đặt ngân sách tối đa theo tháng, sau đó tìm phòng theo khu vực và ngân sách, cuối cùng đặt lịch xem với các phòng đã xác thực.","1"
"Làm sao tìm phòng ở Nhà Bè mà không bị quá nhiều kết quả? (v3)","","FAQ","Bạn chỉ nên bật 3 bộ lọc chính trước: khu vực, mức giá và loại phòng. Khi đã có danh sách hẹp, mới thêm tiện ích để tối ưu lựa chọn.","1"
"Sau khi đặt lịch xem phòng tháng 3 thì tôi cần làm gì? (v5)","","FAQ","Bạn vào mục lịch hẹn để theo dõi trạng thái. Khi chủ trọ duyệt hoặc từ chối, hệ thống sẽ gửi thông báo ngay để bạn chủ động bước tiếp theo.","1"
"Ký hợp đồng truyền thống có an toàn không? (v62)","","FAQ","Có. Hợp đồng truyền thống vẫn là luồng chuẩn, dễ dùng cho người mới. Bạn chỉ cần đọc kỹ điều khoản, kiểm tra thông tin phòng và xác nhận đúng số tiền cọc.","1"
"Ký blockchain khác gì so với ký truyền thống? (v62)","","FAQ","Ký blockchain bổ sung bằng chứng chống chỉnh sửa và khả năng kiểm chứng giao dịch. Luồng thao tác vẫn tương tự, chỉ thêm bước xác nhận ví khi bạn chọn blockchain.","1"
"Nếu tôi không rành blockchain thì có bắt buộc dùng không? (v62)","","FAQ","Không bắt buộc. Bạn có thể hoàn tất toàn bộ quy trình bằng hợp đồng truyền thống. Blockchain chỉ là tùy chọn tăng minh bạch khi bạn cần.","1"
"Thanh toán bằng ví điện tử bị chậm cập nhật thì xử lý thế nào? (v20)","","FAQ","Bạn kiểm tra lại đúng nội dung thanh toán, chờ vài phút để hệ thống đồng bộ, sau đó bấm thử lại. Nếu vẫn lỗi, gửi mã giao dịch cho hỗ trợ để đối soát.","1"
"Khi nào tôi cần kết nối ví Coin98 Wallet? (v62)","","FAQ","Chỉ khi bạn dùng tính năng blockchain như ký hợp đồng on-chain hoặc xác minh giao dịch. Các tính năng tìm phòng và đặt lịch không yêu cầu ví.","1"
"Điểm uy tín trên hệ thống được hiểu thế nào? (v62)","","FAQ","Điểm uy tín phản ánh mức độ tin cậy dựa trên hồ sơ xác thực, lịch sử thanh toán và phản hồi giữa các bên. Điểm cao giúp tăng niềm tin khi giao dịch.","1"
"Thuê phòng kỳ hạn 24 tháng thì cần lưu ý điều gì để tránh tranh chấp? (v20)","","FAQ","Bạn nên kiểm tra kỹ thời hạn, điều khoản cọc, chu kỳ thanh toán, quy định phát sinh phí và lưu lại mọi xác nhận quan trọng trong hệ thống.","1"
"Tôi mới dùng SmartRental, nên bắt đầu từ đâu để thuê phòng nhanh? (v63)","","FAQ","Bạn nên bắt đầu bằng việc lưu phòng yêu thích để so sánh, sau đó tìm phòng theo khu vực và ngân sách, cuối cùng đặt lịch xem với các phòng đã xác thực.","1"
"Làm sao tìm phòng ở Hóc Môn mà không bị quá nhiều kết quả? (v3)","","FAQ","Bạn chỉ nên bật 3 bộ lọc chính trước: khu vực, mức giá và loại phòng. Khi đã có danh sách hẹp, mới thêm tiện ích để tối ưu lựa chọn.","1"
"Sau khi đặt lịch xem phòng tháng 4 thì tôi cần làm gì? (v5)","","FAQ","Bạn vào mục lịch hẹn để theo dõi trạng thái. Khi chủ trọ duyệt hoặc từ chối, hệ thống sẽ gửi thông báo ngay để bạn chủ động bước tiếp theo.","1"
"Ký hợp đồng truyền thống có an toàn không? (v63)","","FAQ","Có. Hợp đồng truyền thống vẫn là luồng chuẩn, dễ dùng cho người mới. Bạn chỉ cần đọc kỹ điều khoản, kiểm tra thông tin phòng và xác nhận đúng số tiền cọc.","1"
"Ký blockchain khác gì so với ký truyền thống? (v63)","","FAQ","Ký blockchain bổ sung bằng chứng chống chỉnh sửa và khả năng kiểm chứng giao dịch. Luồng thao tác vẫn tương tự, chỉ thêm bước xác nhận ví khi bạn chọn blockchain.","1"
"Nếu tôi không rành blockchain thì có bắt buộc dùng không? (v63)","","FAQ","Không bắt buộc. Bạn có thể hoàn tất toàn bộ quy trình bằng hợp đồng truyền thống. Blockchain chỉ là tùy chọn tăng minh bạch khi bạn cần.","1"
"Thanh toán bằng SePay bị chậm cập nhật thì xử lý thế nào? (v21)","","FAQ","Bạn kiểm tra lại đúng nội dung thanh toán, chờ vài phút để hệ thống đồng bộ, sau đó bấm thử lại. Nếu vẫn lỗi, gửi mã giao dịch cho hỗ trợ để đối soát.","1"
"Khi nào tôi cần kết nối ví MetaMask? (v63)","","FAQ","Chỉ khi bạn dùng tính năng blockchain như ký hợp đồng on-chain hoặc xác minh giao dịch. Các tính năng tìm phòng và đặt lịch không yêu cầu ví.","1"
"Điểm uy tín trên hệ thống được hiểu thế nào? (v63)","","FAQ","Điểm uy tín phản ánh mức độ tin cậy dựa trên hồ sơ xác thực, lịch sử thanh toán và phản hồi giữa các bên. Điểm cao giúp tăng niềm tin khi giao dịch.","1"
"Thuê phòng kỳ hạn 6 tháng thì cần lưu ý điều gì để tránh tranh chấp? (v21)","","FAQ","Bạn nên kiểm tra kỹ thời hạn, điều khoản cọc, chu kỳ thanh toán, quy định phát sinh phí và lưu lại mọi xác nhận quan trọng trong hệ thống.","1"
"Tôi mới dùng SmartRental, nên bắt đầu từ đâu để thuê phòng nhanh? (v64)","","FAQ","Bạn nên bắt đầu bằng việc bật thông báo phản hồi lịch hẹn, sau đó tìm phòng theo khu vực và ngân sách, cuối cùng đặt lịch xem với các phòng đã xác thực.","1"
"Làm sao tìm phòng ở Quận 1 mà không bị quá nhiều kết quả? (v4)","","FAQ","Bạn chỉ nên bật 3 bộ lọc chính trước: khu vực, mức giá và loại phòng. Khi đã có danh sách hẹp, mới thêm tiện ích để tối ưu lựa chọn.","1"
"Sau khi đặt lịch xem phòng tháng 5 thì tôi cần làm gì? (v5)","","FAQ","Bạn vào mục lịch hẹn để theo dõi trạng thái. Khi chủ trọ duyệt hoặc từ chối, hệ thống sẽ gửi thông báo ngay để bạn chủ động bước tiếp theo.","1"
"Ký hợp đồng truyền thống có an toàn không? (v64)","","FAQ","Có. Hợp đồng truyền thống vẫn là luồng chuẩn, dễ dùng cho người mới. Bạn chỉ cần đọc kỹ điều khoản, kiểm tra thông tin phòng và xác nhận đúng số tiền cọc.","1"
"Ký blockchain khác gì so với ký truyền thống? (v64)","","FAQ","Ký blockchain bổ sung bằng chứng chống chỉnh sửa và khả năng kiểm chứng giao dịch. Luồng thao tác vẫn tương tự, chỉ thêm bước xác nhận ví khi bạn chọn blockchain.","1"
"Nếu tôi không rành blockchain thì có bắt buộc dùng không? (v64)","","FAQ","Không bắt buộc. Bạn có thể hoàn tất toàn bộ quy trình bằng hợp đồng truyền thống. Blockchain chỉ là tùy chọn tăng minh bạch khi bạn cần.","1"
"Thanh toán bằng chuyển khoản ngân hàng bị chậm cập nhật thì xử lý thế nào? (v21)","","FAQ","Bạn kiểm tra lại đúng nội dung thanh toán, chờ vài phút để hệ thống đồng bộ, sau đó bấm thử lại. Nếu vẫn lỗi, gửi mã giao dịch cho hỗ trợ để đối soát.","1"
"Khi nào tôi cần kết nối ví Rabby? (v64)","","FAQ","Chỉ khi bạn dùng tính năng blockchain như ký hợp đồng on-chain hoặc xác minh giao dịch. Các tính năng tìm phòng và đặt lịch không yêu cầu ví.","1"
"Điểm uy tín trên hệ thống được hiểu thế nào? (v64)","","FAQ","Điểm uy tín phản ánh mức độ tin cậy dựa trên hồ sơ xác thực, lịch sử thanh toán và phản hồi giữa các bên. Điểm cao giúp tăng niềm tin khi giao dịch.","1"
"Thuê phòng kỳ hạn 12 tháng thì cần lưu ý điều gì để tránh tranh chấp? (v21)","","FAQ","Bạn nên kiểm tra kỹ thời hạn, điều khoản cọc, chu kỳ thanh toán, quy định phát sinh phí và lưu lại mọi xác nhận quan trọng trong hệ thống.","1"
"Tôi mới dùng SmartRental, nên bắt đầu từ đâu để thuê phòng nhanh? (v65)","","FAQ","Bạn nên bắt đầu bằng việc hoàn tất hồ sơ cá nhân, sau đó tìm phòng theo khu vực và ngân sách, cuối cùng đặt lịch xem với các phòng đã xác thực.","1"
"Làm sao tìm phòng ở Quận 3 mà không bị quá nhiều kết quả? (v4)","","FAQ","Bạn chỉ nên bật 3 bộ lọc chính trước: khu vực, mức giá và loại phòng. Khi đã có danh sách hẹp, mới thêm tiện ích để tối ưu lựa chọn.","1"
"Sau khi đặt lịch xem phòng tháng 6 thì tôi cần làm gì? (v5)","","FAQ","Bạn vào mục lịch hẹn để theo dõi trạng thái. Khi chủ trọ duyệt hoặc từ chối, hệ thống sẽ gửi thông báo ngay để bạn chủ động bước tiếp theo.","1"
"Ký hợp đồng truyền thống có an toàn không? (v65)","","FAQ","Có. Hợp đồng truyền thống vẫn là luồng chuẩn, dễ dùng cho người mới. Bạn chỉ cần đọc kỹ điều khoản, kiểm tra thông tin phòng và xác nhận đúng số tiền cọc.","1"
"Ký blockchain khác gì so với ký truyền thống? (v65)","","FAQ","Ký blockchain bổ sung bằng chứng chống chỉnh sửa và khả năng kiểm chứng giao dịch. Luồng thao tác vẫn tương tự, chỉ thêm bước xác nhận ví khi bạn chọn blockchain.","1"
"Nếu tôi không rành blockchain thì có bắt buộc dùng không? (v65)","","FAQ","Không bắt buộc. Bạn có thể hoàn tất toàn bộ quy trình bằng hợp đồng truyền thống. Blockchain chỉ là tùy chọn tăng minh bạch khi bạn cần.","1"
"Thanh toán bằng ví điện tử bị chậm cập nhật thì xử lý thế nào? (v21)","","FAQ","Bạn kiểm tra lại đúng nội dung thanh toán, chờ vài phút để hệ thống đồng bộ, sau đó bấm thử lại. Nếu vẫn lỗi, gửi mã giao dịch cho hỗ trợ để đối soát.","1"
"Khi nào tôi cần kết nối ví Coin98 Wallet? (v65)","","FAQ","Chỉ khi bạn dùng tính năng blockchain như ký hợp đồng on-chain hoặc xác minh giao dịch. Các tính năng tìm phòng và đặt lịch không yêu cầu ví.","1"
"Điểm uy tín trên hệ thống được hiểu thế nào? (v65)","","FAQ","Điểm uy tín phản ánh mức độ tin cậy dựa trên hồ sơ xác thực, lịch sử thanh toán và phản hồi giữa các bên. Điểm cao giúp tăng niềm tin khi giao dịch.","1"
"Thuê phòng kỳ hạn 24 tháng thì cần lưu ý điều gì để tránh tranh chấp? (v21)","","FAQ","Bạn nên kiểm tra kỹ thời hạn, điều khoản cọc, chu kỳ thanh toán, quy định phát sinh phí và lưu lại mọi xác nhận quan trọng trong hệ thống.","1"
"Tôi mới dùng SmartRental, nên bắt đầu từ đâu để thuê phòng nhanh? (v66)","","FAQ","Bạn nên bắt đầu bằng việc xác thực email và số điện thoại, sau đó tìm phòng theo khu vực và ngân sách, cuối cùng đặt lịch xem với các phòng đã xác thực.","1"
"Làm sao tìm phòng ở Quận 4 mà không bị quá nhiều kết quả? (v4)","","FAQ","Bạn chỉ nên bật 3 bộ lọc chính trước: khu vực, mức giá và loại phòng. Khi đã có danh sách hẹp, mới thêm tiện ích để tối ưu lựa chọn.","1"
"Sau khi đặt lịch xem phòng tháng 7 thì tôi cần làm gì? (v5)","","FAQ","Bạn vào mục lịch hẹn để theo dõi trạng thái. Khi chủ trọ duyệt hoặc từ chối, hệ thống sẽ gửi thông báo ngay để bạn chủ động bước tiếp theo.","1"
"Ký hợp đồng truyền thống có an toàn không? (v66)","","FAQ","Có. Hợp đồng truyền thống vẫn là luồng chuẩn, dễ dùng cho người mới. Bạn chỉ cần đọc kỹ điều khoản, kiểm tra thông tin phòng và xác nhận đúng số tiền cọc.","1"
"Ký blockchain khác gì so với ký truyền thống? (v66)","","FAQ","Ký blockchain bổ sung bằng chứng chống chỉnh sửa và khả năng kiểm chứng giao dịch. Luồng thao tác vẫn tương tự, chỉ thêm bước xác nhận ví khi bạn chọn blockchain.","1"
"Nếu tôi không rành blockchain thì có bắt buộc dùng không? (v66)","","FAQ","Không bắt buộc. Bạn có thể hoàn tất toàn bộ quy trình bằng hợp đồng truyền thống. Blockchain chỉ là tùy chọn tăng minh bạch khi bạn cần.","1"
"Thanh toán bằng SePay bị chậm cập nhật thì xử lý thế nào? (v22)","","FAQ","Bạn kiểm tra lại đúng nội dung thanh toán, chờ vài phút để hệ thống đồng bộ, sau đó bấm thử lại. Nếu vẫn lỗi, gửi mã giao dịch cho hỗ trợ để đối soát.","1"
"Khi nào tôi cần kết nối ví MetaMask? (v66)","","FAQ","Chỉ khi bạn dùng tính năng blockchain như ký hợp đồng on-chain hoặc xác minh giao dịch. Các tính năng tìm phòng và đặt lịch không yêu cầu ví.","1"
"Điểm uy tín trên hệ thống được hiểu thế nào? (v66)","","FAQ","Điểm uy tín phản ánh mức độ tin cậy dựa trên hồ sơ xác thực, lịch sử thanh toán và phản hồi giữa các bên. Điểm cao giúp tăng niềm tin khi giao dịch.","1"
"Thuê phòng kỳ hạn 6 tháng thì cần lưu ý điều gì để tránh tranh chấp? (v22)","","FAQ","Bạn nên kiểm tra kỹ thời hạn, điều khoản cọc, chu kỳ thanh toán, quy định phát sinh phí và lưu lại mọi xác nhận quan trọng trong hệ thống.","1"
"Tôi mới dùng SmartRental, nên bắt đầu từ đâu để thuê phòng nhanh? (v67)","","FAQ","Bạn nên bắt đầu bằng việc đặt ngân sách tối đa theo tháng, sau đó tìm phòng theo khu vực và ngân sách, cuối cùng đặt lịch xem với các phòng đã xác thực.","1"
"Làm sao tìm phòng ở Quận 5 mà không bị quá nhiều kết quả? (v4)","","FAQ","Bạn chỉ nên bật 3 bộ lọc chính trước: khu vực, mức giá và loại phòng. Khi đã có danh sách hẹp, mới thêm tiện ích để tối ưu lựa chọn.","1"
"Sau khi đặt lịch xem phòng tháng 8 thì tôi cần làm gì? (v5)","","FAQ","Bạn vào mục lịch hẹn để theo dõi trạng thái. Khi chủ trọ duyệt hoặc từ chối, hệ thống sẽ gửi thông báo ngay để bạn chủ động bước tiếp theo.","1"
"Ký hợp đồng truyền thống có an toàn không? (v67)","","FAQ","Có. Hợp đồng truyền thống vẫn là luồng chuẩn, dễ dùng cho người mới. Bạn chỉ cần đọc kỹ điều khoản, kiểm tra thông tin phòng và xác nhận đúng số tiền cọc.","1"
"Ký blockchain khác gì so với ký truyền thống? (v67)","","FAQ","Ký blockchain bổ sung bằng chứng chống chỉnh sửa và khả năng kiểm chứng giao dịch. Luồng thao tác vẫn tương tự, chỉ thêm bước xác nhận ví khi bạn chọn blockchain.","1"
"Nếu tôi không rành blockchain thì có bắt buộc dùng không? (v67)","","FAQ","Không bắt buộc. Bạn có thể hoàn tất toàn bộ quy trình bằng hợp đồng truyền thống. Blockchain chỉ là tùy chọn tăng minh bạch khi bạn cần.","1"
"Thanh toán bằng chuyển khoản ngân hàng bị chậm cập nhật thì xử lý thế nào? (v22)","","FAQ","Bạn kiểm tra lại đúng nội dung thanh toán, chờ vài phút để hệ thống đồng bộ, sau đó bấm thử lại. Nếu vẫn lỗi, gửi mã giao dịch cho hỗ trợ để đối soát.","1"
"Khi nào tôi cần kết nối ví Rabby? (v67)","","FAQ","Chỉ khi bạn dùng tính năng blockchain như ký hợp đồng on-chain hoặc xác minh giao dịch. Các tính năng tìm phòng và đặt lịch không yêu cầu ví.","1"
"Điểm uy tín trên hệ thống được hiểu thế nào? (v67)","","FAQ","Điểm uy tín phản ánh mức độ tin cậy dựa trên hồ sơ xác thực, lịch sử thanh toán và phản hồi giữa các bên. Điểm cao giúp tăng niềm tin khi giao dịch.","1"
"Thuê phòng kỳ hạn 12 tháng thì cần lưu ý điều gì để tránh tranh chấp? (v22)","","FAQ","Bạn nên kiểm tra kỹ thời hạn, điều khoản cọc, chu kỳ thanh toán, quy định phát sinh phí và lưu lại mọi xác nhận quan trọng trong hệ thống.","1"
"Tôi mới dùng SmartRental, nên bắt đầu từ đâu để thuê phòng nhanh? (v68)","","FAQ","Bạn nên bắt đầu bằng việc lưu phòng yêu thích để so sánh, sau đó tìm phòng theo khu vực và ngân sách, cuối cùng đặt lịch xem với các phòng đã xác thực.","1"
"Làm sao tìm phòng ở Quận 7 mà không bị quá nhiều kết quả? (v4)","","FAQ","Bạn chỉ nên bật 3 bộ lọc chính trước: khu vực, mức giá và loại phòng. Khi đã có danh sách hẹp, mới thêm tiện ích để tối ưu lựa chọn.","1"
"Sau khi đặt lịch xem phòng tháng 9 thì tôi cần làm gì? (v5)","","FAQ","Bạn vào mục lịch hẹn để theo dõi trạng thái. Khi chủ trọ duyệt hoặc từ chối, hệ thống sẽ gửi thông báo ngay để bạn chủ động bước tiếp theo.","1"
"Ký hợp đồng truyền thống có an toàn không? (v68)","","FAQ","Có. Hợp đồng truyền thống vẫn là luồng chuẩn, dễ dùng cho người mới. Bạn chỉ cần đọc kỹ điều khoản, kiểm tra thông tin phòng và xác nhận đúng số tiền cọc.","1"
"Ký blockchain khác gì so với ký truyền thống? (v68)","","FAQ","Ký blockchain bổ sung bằng chứng chống chỉnh sửa và khả năng kiểm chứng giao dịch. Luồng thao tác vẫn tương tự, chỉ thêm bước xác nhận ví khi bạn chọn blockchain.","1"
"Nếu tôi không rành blockchain thì có bắt buộc dùng không? (v68)","","FAQ","Không bắt buộc. Bạn có thể hoàn tất toàn bộ quy trình bằng hợp đồng truyền thống. Blockchain chỉ là tùy chọn tăng minh bạch khi bạn cần.","1"
"Thanh toán bằng ví điện tử bị chậm cập nhật thì xử lý thế nào? (v22)","","FAQ","Bạn kiểm tra lại đúng nội dung thanh toán, chờ vài phút để hệ thống đồng bộ, sau đó bấm thử lại. Nếu vẫn lỗi, gửi mã giao dịch cho hỗ trợ để đối soát.","1"
"Khi nào tôi cần kết nối ví Coin98 Wallet? (v68)","","FAQ","Chỉ khi bạn dùng tính năng blockchain như ký hợp đồng on-chain hoặc xác minh giao dịch. Các tính năng tìm phòng và đặt lịch không yêu cầu ví.","1"
"Điểm uy tín trên hệ thống được hiểu thế nào? (v68)","","FAQ","Điểm uy tín phản ánh mức độ tin cậy dựa trên hồ sơ xác thực, lịch sử thanh toán và phản hồi giữa các bên. Điểm cao giúp tăng niềm tin khi giao dịch.","1"
"Thuê phòng kỳ hạn 24 tháng thì cần lưu ý điều gì để tránh tranh chấp? (v22)","","FAQ","Bạn nên kiểm tra kỹ thời hạn, điều khoản cọc, chu kỳ thanh toán, quy định phát sinh phí và lưu lại mọi xác nhận quan trọng trong hệ thống.","1"
"Tôi mới dùng SmartRental, nên bắt đầu từ đâu để thuê phòng nhanh? (v69)","","FAQ","Bạn nên bắt đầu bằng việc bật thông báo phản hồi lịch hẹn, sau đó tìm phòng theo khu vực và ngân sách, cuối cùng đặt lịch xem với các phòng đã xác thực.","1"
"Làm sao tìm phòng ở Quận 10 mà không bị quá nhiều kết quả? (v4)","","FAQ","Bạn chỉ nên bật 3 bộ lọc chính trước: khu vực, mức giá và loại phòng. Khi đã có danh sách hẹp, mới thêm tiện ích để tối ưu lựa chọn.","1"
"Sau khi đặt lịch xem phòng tháng 10 thì tôi cần làm gì? (v5)","","FAQ","Bạn vào mục lịch hẹn để theo dõi trạng thái. Khi chủ trọ duyệt hoặc từ chối, hệ thống sẽ gửi thông báo ngay để bạn chủ động bước tiếp theo.","1"
"Ký hợp đồng truyền thống có an toàn không? (v69)","","FAQ","Có. Hợp đồng truyền thống vẫn là luồng chuẩn, dễ dùng cho người mới. Bạn chỉ cần đọc kỹ điều khoản, kiểm tra thông tin phòng và xác nhận đúng số tiền cọc.","1"
"Ký blockchain khác gì so với ký truyền thống? (v69)","","FAQ","Ký blockchain bổ sung bằng chứng chống chỉnh sửa và khả năng kiểm chứng giao dịch. Luồng thao tác vẫn tương tự, chỉ thêm bước xác nhận ví khi bạn chọn blockchain.","1"
"Nếu tôi không rành blockchain thì có bắt buộc dùng không? (v69)","","FAQ","Không bắt buộc. Bạn có thể hoàn tất toàn bộ quy trình bằng hợp đồng truyền thống. Blockchain chỉ là tùy chọn tăng minh bạch khi bạn cần.","1"
"Thanh toán bằng SePay bị chậm cập nhật thì xử lý thế nào? (v23)","","FAQ","Bạn kiểm tra lại đúng nội dung thanh toán, chờ vài phút để hệ thống đồng bộ, sau đó bấm thử lại. Nếu vẫn lỗi, gửi mã giao dịch cho hỗ trợ để đối soát.","1"
"Khi nào tôi cần kết nối ví MetaMask? (v69)","","FAQ","Chỉ khi bạn dùng tính năng blockchain như ký hợp đồng on-chain hoặc xác minh giao dịch. Các tính năng tìm phòng và đặt lịch không yêu cầu ví.","1"
"Điểm uy tín trên hệ thống được hiểu thế nào? (v69)","","FAQ","Điểm uy tín phản ánh mức độ tin cậy dựa trên hồ sơ xác thực, lịch sử thanh toán và phản hồi giữa các bên. Điểm cao giúp tăng niềm tin khi giao dịch.","1"
"Thuê phòng kỳ hạn 6 tháng thì cần lưu ý điều gì để tránh tranh chấp? (v23)","","FAQ","Bạn nên kiểm tra kỹ thời hạn, điều khoản cọc, chu kỳ thanh toán, quy định phát sinh phí và lưu lại mọi xác nhận quan trọng trong hệ thống.","1"
"Tôi mới dùng SmartRental, nên bắt đầu từ đâu để thuê phòng nhanh? (v70)","","FAQ","Bạn nên bắt đầu bằng việc hoàn tất hồ sơ cá nhân, sau đó tìm phòng theo khu vực và ngân sách, cuối cùng đặt lịch xem với các phòng đã xác thực.","1"
"Làm sao tìm phòng ở Quận 12 mà không bị quá nhiều kết quả? (v4)","","FAQ","Bạn chỉ nên bật 3 bộ lọc chính trước: khu vực, mức giá và loại phòng. Khi đã có danh sách hẹp, mới thêm tiện ích để tối ưu lựa chọn.","1"
"Sau khi đặt lịch xem phòng tháng 11 thì tôi cần làm gì? (v5)","","FAQ","Bạn vào mục lịch hẹn để theo dõi trạng thái. Khi chủ trọ duyệt hoặc từ chối, hệ thống sẽ gửi thông báo ngay để bạn chủ động bước tiếp theo.","1"
"Ký hợp đồng truyền thống có an toàn không? (v70)","","FAQ","Có. Hợp đồng truyền thống vẫn là luồng chuẩn, dễ dùng cho người mới. Bạn chỉ cần đọc kỹ điều khoản, kiểm tra thông tin phòng và xác nhận đúng số tiền cọc.","1"
"Ký blockchain khác gì so với ký truyền thống? (v70)","","FAQ","Ký blockchain bổ sung bằng chứng chống chỉnh sửa và khả năng kiểm chứng giao dịch. Luồng thao tác vẫn tương tự, chỉ thêm bước xác nhận ví khi bạn chọn blockchain.","1"
"Nếu tôi không rành blockchain thì có bắt buộc dùng không? (v70)","","FAQ","Không bắt buộc. Bạn có thể hoàn tất toàn bộ quy trình bằng hợp đồng truyền thống. Blockchain chỉ là tùy chọn tăng minh bạch khi bạn cần.","1"
"Thanh toán bằng chuyển khoản ngân hàng bị chậm cập nhật thì xử lý thế nào? (v23)","","FAQ","Bạn kiểm tra lại đúng nội dung thanh toán, chờ vài phút để hệ thống đồng bộ, sau đó bấm thử lại. Nếu vẫn lỗi, gửi mã giao dịch cho hỗ trợ để đối soát.","1"
"Khi nào tôi cần kết nối ví Rabby? (v70)","","FAQ","Chỉ khi bạn dùng tính năng blockchain như ký hợp đồng on-chain hoặc xác minh giao dịch. Các tính năng tìm phòng và đặt lịch không yêu cầu ví.","1"
"Điểm uy tín trên hệ thống được hiểu thế nào? (v70)","","FAQ","Điểm uy tín phản ánh mức độ tin cậy dựa trên hồ sơ xác thực, lịch sử thanh toán và phản hồi giữa các bên. Điểm cao giúp tăng niềm tin khi giao dịch.","1"
"Thuê phòng kỳ hạn 12 tháng thì cần lưu ý điều gì để tránh tranh chấp? (v23)","","FAQ","Bạn nên kiểm tra kỹ thời hạn, điều khoản cọc, chu kỳ thanh toán, quy định phát sinh phí và lưu lại mọi xác nhận quan trọng trong hệ thống.","1"
"Tôi mới dùng SmartRental, nên bắt đầu từ đâu để thuê phòng nhanh? (v71)","","FAQ","Bạn nên bắt đầu bằng việc xác thực email và số điện thoại, sau đó tìm phòng theo khu vực và ngân sách, cuối cùng đặt lịch xem với các phòng đã xác thực.","1"
"Làm sao tìm phòng ở Gò Vấp mà không bị quá nhiều kết quả? (v4)","","FAQ","Bạn chỉ nên bật 3 bộ lọc chính trước: khu vực, mức giá và loại phòng. Khi đã có danh sách hẹp, mới thêm tiện ích để tối ưu lựa chọn.","1"
"Sau khi đặt lịch xem phòng tháng 12 thì tôi cần làm gì? (v5)","","FAQ","Bạn vào mục lịch hẹn để theo dõi trạng thái. Khi chủ trọ duyệt hoặc từ chối, hệ thống sẽ gửi thông báo ngay để bạn chủ động bước tiếp theo.","1"
"Ký hợp đồng truyền thống có an toàn không? (v71)","","FAQ","Có. Hợp đồng truyền thống vẫn là luồng chuẩn, dễ dùng cho người mới. Bạn chỉ cần đọc kỹ điều khoản, kiểm tra thông tin phòng và xác nhận đúng số tiền cọc.","1"
"Ký blockchain khác gì so với ký truyền thống? (v71)","","FAQ","Ký blockchain bổ sung bằng chứng chống chỉnh sửa và khả năng kiểm chứng giao dịch. Luồng thao tác vẫn tương tự, chỉ thêm bước xác nhận ví khi bạn chọn blockchain.","1"
"Nếu tôi không rành blockchain thì có bắt buộc dùng không? (v71)","","FAQ","Không bắt buộc. Bạn có thể hoàn tất toàn bộ quy trình bằng hợp đồng truyền thống. Blockchain chỉ là tùy chọn tăng minh bạch khi bạn cần.","1"
"Thanh toán bằng ví điện tử bị chậm cập nhật thì xử lý thế nào? (v23)","","FAQ","Bạn kiểm tra lại đúng nội dung thanh toán, chờ vài phút để hệ thống đồng bộ, sau đó bấm thử lại. Nếu vẫn lỗi, gửi mã giao dịch cho hỗ trợ để đối soát.","1"
"Khi nào tôi cần kết nối ví Coin98 Wallet? (v71)","","FAQ","Chỉ khi bạn dùng tính năng blockchain như ký hợp đồng on-chain hoặc xác minh giao dịch. Các tính năng tìm phòng và đặt lịch không yêu cầu ví.","1"
"Điểm uy tín trên hệ thống được hiểu thế nào? (v71)","","FAQ","Điểm uy tín phản ánh mức độ tin cậy dựa trên hồ sơ xác thực, lịch sử thanh toán và phản hồi giữa các bên. Điểm cao giúp tăng niềm tin khi giao dịch.","1"
"Thuê phòng kỳ hạn 24 tháng thì cần lưu ý điều gì để tránh tranh chấp? (v23)","","FAQ","Bạn nên kiểm tra kỹ thời hạn, điều khoản cọc, chu kỳ thanh toán, quy định phát sinh phí và lưu lại mọi xác nhận quan trọng trong hệ thống.","1"
"Tôi mới dùng SmartRental, nên bắt đầu từ đâu để thuê phòng nhanh? (v72)","","FAQ","Bạn nên bắt đầu bằng việc đặt ngân sách tối đa theo tháng, sau đó tìm phòng theo khu vực và ngân sách, cuối cùng đặt lịch xem với các phòng đã xác thực.","1"
"Làm sao tìm phòng ở Bình Thạnh mà không bị quá nhiều kết quả? (v4)","","FAQ","Bạn chỉ nên bật 3 bộ lọc chính trước: khu vực, mức giá và loại phòng. Khi đã có danh sách hẹp, mới thêm tiện ích để tối ưu lựa chọn.","1"
"Sau khi đặt lịch xem phòng tháng 1 thì tôi cần làm gì? (v6)","","FAQ","Bạn vào mục lịch hẹn để theo dõi trạng thái. Khi chủ trọ duyệt hoặc từ chối, hệ thống sẽ gửi thông báo ngay để bạn chủ động bước tiếp theo.","1"
"Ký hợp đồng truyền thống có an toàn không? (v72)","","FAQ","Có. Hợp đồng truyền thống vẫn là luồng chuẩn, dễ dùng cho người mới. Bạn chỉ cần đọc kỹ điều khoản, kiểm tra thông tin phòng và xác nhận đúng số tiền cọc.","1"
"Ký blockchain khác gì so với ký truyền thống? (v72)","","FAQ","Ký blockchain bổ sung bằng chứng chống chỉnh sửa và khả năng kiểm chứng giao dịch. Luồng thao tác vẫn tương tự, chỉ thêm bước xác nhận ví khi bạn chọn blockchain.","1"
"Nếu tôi không rành blockchain thì có bắt buộc dùng không? (v72)","","FAQ","Không bắt buộc. Bạn có thể hoàn tất toàn bộ quy trình bằng hợp đồng truyền thống. Blockchain chỉ là tùy chọn tăng minh bạch khi bạn cần.","1"
"Thanh toán bằng SePay bị chậm cập nhật thì xử lý thế nào? (v24)","","FAQ","Bạn kiểm tra lại đúng nội dung thanh toán, chờ vài phút để hệ thống đồng bộ, sau đó bấm thử lại. Nếu vẫn lỗi, gửi mã giao dịch cho hỗ trợ để đối soát.","1"
"Khi nào tôi cần kết nối ví MetaMask? (v72)","","FAQ","Chỉ khi bạn dùng tính năng blockchain như ký hợp đồng on-chain hoặc xác minh giao dịch. Các tính năng tìm phòng và đặt lịch không yêu cầu ví.","1"
"Điểm uy tín trên hệ thống được hiểu thế nào? (v72)","","FAQ","Điểm uy tín phản ánh mức độ tin cậy dựa trên hồ sơ xác thực, lịch sử thanh toán và phản hồi giữa các bên. Điểm cao giúp tăng niềm tin khi giao dịch.","1"
"Thuê phòng kỳ hạn 6 tháng thì cần lưu ý điều gì để tránh tranh chấp? (v24)","","FAQ","Bạn nên kiểm tra kỹ thời hạn, điều khoản cọc, chu kỳ thanh toán, quy định phát sinh phí và lưu lại mọi xác nhận quan trọng trong hệ thống.","1"
"Tôi mới dùng SmartRental, nên bắt đầu từ đâu để thuê phòng nhanh? (v73)","","FAQ","Bạn nên bắt đầu bằng việc lưu phòng yêu thích để so sánh, sau đó tìm phòng theo khu vực và ngân sách, cuối cùng đặt lịch xem với các phòng đã xác thực.","1"
"Làm sao tìm phòng ở Tân Bình mà không bị quá nhiều kết quả? (v4)","","FAQ","Bạn chỉ nên bật 3 bộ lọc chính trước: khu vực, mức giá và loại phòng. Khi đã có danh sách hẹp, mới thêm tiện ích để tối ưu lựa chọn.","1"
"Sau khi đặt lịch xem phòng tháng 2 thì tôi cần làm gì? (v6)","","FAQ","Bạn vào mục lịch hẹn để theo dõi trạng thái. Khi chủ trọ duyệt hoặc từ chối, hệ thống sẽ gửi thông báo ngay để bạn chủ động bước tiếp theo.","1"
"Ký hợp đồng truyền thống có an toàn không? (v73)","","FAQ","Có. Hợp đồng truyền thống vẫn là luồng chuẩn, dễ dùng cho người mới. Bạn chỉ cần đọc kỹ điều khoản, kiểm tra thông tin phòng và xác nhận đúng số tiền cọc.","1"
"Ký blockchain khác gì so với ký truyền thống? (v73)","","FAQ","Ký blockchain bổ sung bằng chứng chống chỉnh sửa và khả năng kiểm chứng giao dịch. Luồng thao tác vẫn tương tự, chỉ thêm bước xác nhận ví khi bạn chọn blockchain.","1"
"Nếu tôi không rành blockchain thì có bắt buộc dùng không? (v73)","","FAQ","Không bắt buộc. Bạn có thể hoàn tất toàn bộ quy trình bằng hợp đồng truyền thống. Blockchain chỉ là tùy chọn tăng minh bạch khi bạn cần.","1"
"Thanh toán bằng chuyển khoản ngân hàng bị chậm cập nhật thì xử lý thế nào? (v24)","","FAQ","Bạn kiểm tra lại đúng nội dung thanh toán, chờ vài phút để hệ thống đồng bộ, sau đó bấm thử lại. Nếu vẫn lỗi, gửi mã giao dịch cho hỗ trợ để đối soát.","1"
"Khi nào tôi cần kết nối ví Rabby? (v73)","","FAQ","Chỉ khi bạn dùng tính năng blockchain như ký hợp đồng on-chain hoặc xác minh giao dịch. Các tính năng tìm phòng và đặt lịch không yêu cầu ví.","1"
"Điểm uy tín trên hệ thống được hiểu thế nào? (v73)","","FAQ","Điểm uy tín phản ánh mức độ tin cậy dựa trên hồ sơ xác thực, lịch sử thanh toán và phản hồi giữa các bên. Điểm cao giúp tăng niềm tin khi giao dịch.","1"
"Thuê phòng kỳ hạn 12 tháng thì cần lưu ý điều gì để tránh tranh chấp? (v24)","","FAQ","Bạn nên kiểm tra kỹ thời hạn, điều khoản cọc, chu kỳ thanh toán, quy định phát sinh phí và lưu lại mọi xác nhận quan trọng trong hệ thống.","1"
"Tôi mới dùng SmartRental, nên bắt đầu từ đâu để thuê phòng nhanh? (v74)","","FAQ","Bạn nên bắt đầu bằng việc bật thông báo phản hồi lịch hẹn, sau đó tìm phòng theo khu vực và ngân sách, cuối cùng đặt lịch xem với các phòng đã xác thực.","1"
"Làm sao tìm phòng ở Thủ Đức mà không bị quá nhiều kết quả? (v4)","","FAQ","Bạn chỉ nên bật 3 bộ lọc chính trước: khu vực, mức giá và loại phòng. Khi đã có danh sách hẹp, mới thêm tiện ích để tối ưu lựa chọn.","1"
"Sau khi đặt lịch xem phòng tháng 3 thì tôi cần làm gì? (v6)","","FAQ","Bạn vào mục lịch hẹn để theo dõi trạng thái. Khi chủ trọ duyệt hoặc từ chối, hệ thống sẽ gửi thông báo ngay để bạn chủ động bước tiếp theo.","1"
"Ký hợp đồng truyền thống có an toàn không? (v74)","","FAQ","Có. Hợp đồng truyền thống vẫn là luồng chuẩn, dễ dùng cho người mới. Bạn chỉ cần đọc kỹ điều khoản, kiểm tra thông tin phòng và xác nhận đúng số tiền cọc.","1"
"Ký blockchain khác gì so với ký truyền thống? (v74)","","FAQ","Ký blockchain bổ sung bằng chứng chống chỉnh sửa và khả năng kiểm chứng giao dịch. Luồng thao tác vẫn tương tự, chỉ thêm bước xác nhận ví khi bạn chọn blockchain.","1"
"Nếu tôi không rành blockchain thì có bắt buộc dùng không? (v74)","","FAQ","Không bắt buộc. Bạn có thể hoàn tất toàn bộ quy trình bằng hợp đồng truyền thống. Blockchain chỉ là tùy chọn tăng minh bạch khi bạn cần.","1"
"Thanh toán bằng ví điện tử bị chậm cập nhật thì xử lý thế nào? (v24)","","FAQ","Bạn kiểm tra lại đúng nội dung thanh toán, chờ vài phút để hệ thống đồng bộ, sau đó bấm thử lại. Nếu vẫn lỗi, gửi mã giao dịch cho hỗ trợ để đối soát.","1"
"Khi nào tôi cần kết nối ví Coin98 Wallet? (v74)","","FAQ","Chỉ khi bạn dùng tính năng blockchain như ký hợp đồng on-chain hoặc xác minh giao dịch. Các tính năng tìm phòng và đặt lịch không yêu cầu ví.","1"
"Điểm uy tín trên hệ thống được hiểu thế nào? (v74)","","FAQ","Điểm uy tín phản ánh mức độ tin cậy dựa trên hồ sơ xác thực, lịch sử thanh toán và phản hồi giữa các bên. Điểm cao giúp tăng niềm tin khi giao dịch.","1"
"Thuê phòng kỳ hạn 24 tháng thì cần lưu ý điều gì để tránh tranh chấp? (v24)","","FAQ","Bạn nên kiểm tra kỹ thời hạn, điều khoản cọc, chu kỳ thanh toán, quy định phát sinh phí và lưu lại mọi xác nhận quan trọng trong hệ thống.","1"
"Tôi mới dùng SmartRental, nên bắt đầu từ đâu để thuê phòng nhanh? (v75)","","FAQ","Bạn nên bắt đầu bằng việc hoàn tất hồ sơ cá nhân, sau đó tìm phòng theo khu vực và ngân sách, cuối cùng đặt lịch xem với các phòng đã xác thực.","1"
"Làm sao tìm phòng ở Phú Nhuận mà không bị quá nhiều kết quả? (v4)","","FAQ","Bạn chỉ nên bật 3 bộ lọc chính trước: khu vực, mức giá và loại phòng. Khi đã có danh sách hẹp, mới thêm tiện ích để tối ưu lựa chọn.","1"
"Sau khi đặt lịch xem phòng tháng 4 thì tôi cần làm gì? (v6)","","FAQ","Bạn vào mục lịch hẹn để theo dõi trạng thái. Khi chủ trọ duyệt hoặc từ chối, hệ thống sẽ gửi thông báo ngay để bạn chủ động bước tiếp theo.","1"
"Ký hợp đồng truyền thống có an toàn không? (v75)","","FAQ","Có. Hợp đồng truyền thống vẫn là luồng chuẩn, dễ dùng cho người mới. Bạn chỉ cần đọc kỹ điều khoản, kiểm tra thông tin phòng và xác nhận đúng số tiền cọc.","1"
"Ký blockchain khác gì so với ký truyền thống? (v75)","","FAQ","Ký blockchain bổ sung bằng chứng chống chỉnh sửa và khả năng kiểm chứng giao dịch. Luồng thao tác vẫn tương tự, chỉ thêm bước xác nhận ví khi bạn chọn blockchain.","1"
"Nếu tôi không rành blockchain thì có bắt buộc dùng không? (v75)","","FAQ","Không bắt buộc. Bạn có thể hoàn tất toàn bộ quy trình bằng hợp đồng truyền thống. Blockchain chỉ là tùy chọn tăng minh bạch khi bạn cần.","1"
"Thanh toán bằng SePay bị chậm cập nhật thì xử lý thế nào? (v25)","","FAQ","Bạn kiểm tra lại đúng nội dung thanh toán, chờ vài phút để hệ thống đồng bộ, sau đó bấm thử lại. Nếu vẫn lỗi, gửi mã giao dịch cho hỗ trợ để đối soát.","1"
"Khi nào tôi cần kết nối ví MetaMask? (v75)","","FAQ","Chỉ khi bạn dùng tính năng blockchain như ký hợp đồng on-chain hoặc xác minh giao dịch. Các tính năng tìm phòng và đặt lịch không yêu cầu ví.","1"
"Điểm uy tín trên hệ thống được hiểu thế nào? (v75)","","FAQ","Điểm uy tín phản ánh mức độ tin cậy dựa trên hồ sơ xác thực, lịch sử thanh toán và phản hồi giữa các bên. Điểm cao giúp tăng niềm tin khi giao dịch.","1"
"Thuê phòng kỳ hạn 6 tháng thì cần lưu ý điều gì để tránh tranh chấp? (v25)","","FAQ","Bạn nên kiểm tra kỹ thời hạn, điều khoản cọc, chu kỳ thanh toán, quy định phát sinh phí và lưu lại mọi xác nhận quan trọng trong hệ thống.","1"
"Tôi mới dùng SmartRental, nên bắt đầu từ đâu để thuê phòng nhanh? (v76)","","FAQ","Bạn nên bắt đầu bằng việc xác thực email và số điện thoại, sau đó tìm phòng theo khu vực và ngân sách, cuối cùng đặt lịch xem với các phòng đã xác thực.","1"
"Làm sao tìm phòng ở Bình Tân mà không bị quá nhiều kết quả? (v4)","","FAQ","Bạn chỉ nên bật 3 bộ lọc chính trước: khu vực, mức giá và loại phòng. Khi đã có danh sách hẹp, mới thêm tiện ích để tối ưu lựa chọn.","1"
"Sau khi đặt lịch xem phòng tháng 5 thì tôi cần làm gì? (v6)","","FAQ","Bạn vào mục lịch hẹn để theo dõi trạng thái. Khi chủ trọ duyệt hoặc từ chối, hệ thống sẽ gửi thông báo ngay để bạn chủ động bước tiếp theo.","1"
"Ký hợp đồng truyền thống có an toàn không? (v76)","","FAQ","Có. Hợp đồng truyền thống vẫn là luồng chuẩn, dễ dùng cho người mới. Bạn chỉ cần đọc kỹ điều khoản, kiểm tra thông tin phòng và xác nhận đúng số tiền cọc.","1"
"Ký blockchain khác gì so với ký truyền thống? (v76)","","FAQ","Ký blockchain bổ sung bằng chứng chống chỉnh sửa và khả năng kiểm chứng giao dịch. Luồng thao tác vẫn tương tự, chỉ thêm bước xác nhận ví khi bạn chọn blockchain.","1"
"Nếu tôi không rành blockchain thì có bắt buộc dùng không? (v76)","","FAQ","Không bắt buộc. Bạn có thể hoàn tất toàn bộ quy trình bằng hợp đồng truyền thống. Blockchain chỉ là tùy chọn tăng minh bạch khi bạn cần.","1"
"Thanh toán bằng chuyển khoản ngân hàng bị chậm cập nhật thì xử lý thế nào? (v25)","","FAQ","Bạn kiểm tra lại đúng nội dung thanh toán, chờ vài phút để hệ thống đồng bộ, sau đó bấm thử lại. Nếu vẫn lỗi, gửi mã giao dịch cho hỗ trợ để đối soát.","1"
"Khi nào tôi cần kết nối ví Rabby? (v76)","","FAQ","Chỉ khi bạn dùng tính năng blockchain như ký hợp đồng on-chain hoặc xác minh giao dịch. Các tính năng tìm phòng và đặt lịch không yêu cầu ví.","1"
"Điểm uy tín trên hệ thống được hiểu thế nào? (v76)","","FAQ","Điểm uy tín phản ánh mức độ tin cậy dựa trên hồ sơ xác thực, lịch sử thanh toán và phản hồi giữa các bên. Điểm cao giúp tăng niềm tin khi giao dịch.","1"
"Thuê phòng kỳ hạn 12 tháng thì cần lưu ý điều gì để tránh tranh chấp? (v25)","","FAQ","Bạn nên kiểm tra kỹ thời hạn, điều khoản cọc, chu kỳ thanh toán, quy định phát sinh phí và lưu lại mọi xác nhận quan trọng trong hệ thống.","1"
"Tôi mới dùng SmartRental, nên bắt đầu từ đâu để thuê phòng nhanh? (v77)","","FAQ","Bạn nên bắt đầu bằng việc đặt ngân sách tối đa theo tháng, sau đó tìm phòng theo khu vực và ngân sách, cuối cùng đặt lịch xem với các phòng đã xác thực.","1"
"Làm sao tìm phòng ở Bình Chánh mà không bị quá nhiều kết quả? (v4)","","FAQ","Bạn chỉ nên bật 3 bộ lọc chính trước: khu vực, mức giá và loại phòng. Khi đã có danh sách hẹp, mới thêm tiện ích để tối ưu lựa chọn.","1"
"Sau khi đặt lịch xem phòng tháng 6 thì tôi cần làm gì? (v6)","","FAQ","Bạn vào mục lịch hẹn để theo dõi trạng thái. Khi chủ trọ duyệt hoặc từ chối, hệ thống sẽ gửi thông báo ngay để bạn chủ động bước tiếp theo.","1"
"Ký hợp đồng truyền thống có an toàn không? (v77)","","FAQ","Có. Hợp đồng truyền thống vẫn là luồng chuẩn, dễ dùng cho người mới. Bạn chỉ cần đọc kỹ điều khoản, kiểm tra thông tin phòng và xác nhận đúng số tiền cọc.","1"
"Ký blockchain khác gì so với ký truyền thống? (v77)","","FAQ","Ký blockchain bổ sung bằng chứng chống chỉnh sửa và khả năng kiểm chứng giao dịch. Luồng thao tác vẫn tương tự, chỉ thêm bước xác nhận ví khi bạn chọn blockchain.","1"
"Nếu tôi không rành blockchain thì có bắt buộc dùng không? (v77)","","FAQ","Không bắt buộc. Bạn có thể hoàn tất toàn bộ quy trình bằng hợp đồng truyền thống. Blockchain chỉ là tùy chọn tăng minh bạch khi bạn cần.","1"
"Thanh toán bằng ví điện tử bị chậm cập nhật thì xử lý thế nào? (v25)","","FAQ","Bạn kiểm tra lại đúng nội dung thanh toán, chờ vài phút để hệ thống đồng bộ, sau đó bấm thử lại. Nếu vẫn lỗi, gửi mã giao dịch cho hỗ trợ để đối soát.","1"
"Khi nào tôi cần kết nối ví Coin98 Wallet? (v77)","","FAQ","Chỉ khi bạn dùng tính năng blockchain như ký hợp đồng on-chain hoặc xác minh giao dịch. Các tính năng tìm phòng và đặt lịch không yêu cầu ví.","1"
"Điểm uy tín trên hệ thống được hiểu thế nào? (v77)","","FAQ","Điểm uy tín phản ánh mức độ tin cậy dựa trên hồ sơ xác thực, lịch sử thanh toán và phản hồi giữa các bên. Điểm cao giúp tăng niềm tin khi giao dịch.","1"
"Thuê phòng kỳ hạn 24 tháng thì cần lưu ý điều gì để tránh tranh chấp? (v25)","","FAQ","Bạn nên kiểm tra kỹ thời hạn, điều khoản cọc, chu kỳ thanh toán, quy định phát sinh phí và lưu lại mọi xác nhận quan trọng trong hệ thống.","1"
"Tôi mới dùng SmartRental, nên bắt đầu từ đâu để thuê phòng nhanh? (v78)","","FAQ","Bạn nên bắt đầu bằng việc lưu phòng yêu thích để so sánh, sau đó tìm phòng theo khu vực và ngân sách, cuối cùng đặt lịch xem với các phòng đã xác thực.","1"
"Làm sao tìm phòng ở Nhà Bè mà không bị quá nhiều kết quả? (v4)","","FAQ","Bạn chỉ nên bật 3 bộ lọc chính trước: khu vực, mức giá và loại phòng. Khi đã có danh sách hẹp, mới thêm tiện ích để tối ưu lựa chọn.","1"
"Sau khi đặt lịch xem phòng tháng 7 thì tôi cần làm gì? (v6)","","FAQ","Bạn vào mục lịch hẹn để theo dõi trạng thái. Khi chủ trọ duyệt hoặc từ chối, hệ thống sẽ gửi thông báo ngay để bạn chủ động bước tiếp theo.","1"
"Ký hợp đồng truyền thống có an toàn không? (v78)","","FAQ","Có. Hợp đồng truyền thống vẫn là luồng chuẩn, dễ dùng cho người mới. Bạn chỉ cần đọc kỹ điều khoản, kiểm tra thông tin phòng và xác nhận đúng số tiền cọc.","1"
"Ký blockchain khác gì so với ký truyền thống? (v78)","","FAQ","Ký blockchain bổ sung bằng chứng chống chỉnh sửa và khả năng kiểm chứng giao dịch. Luồng thao tác vẫn tương tự, chỉ thêm bước xác nhận ví khi bạn chọn blockchain.","1"
"Nếu tôi không rành blockchain thì có bắt buộc dùng không? (v78)","","FAQ","Không bắt buộc. Bạn có thể hoàn tất toàn bộ quy trình bằng hợp đồng truyền thống. Blockchain chỉ là tùy chọn tăng minh bạch khi bạn cần.","1"
"Thanh toán bằng SePay bị chậm cập nhật thì xử lý thế nào? (v26)","","FAQ","Bạn kiểm tra lại đúng nội dung thanh toán, chờ vài phút để hệ thống đồng bộ, sau đó bấm thử lại. Nếu vẫn lỗi, gửi mã giao dịch cho hỗ trợ để đối soát.","1"
"Khi nào tôi cần kết nối ví MetaMask? (v78)","","FAQ","Chỉ khi bạn dùng tính năng blockchain như ký hợp đồng on-chain hoặc xác minh giao dịch. Các tính năng tìm phòng và đặt lịch không yêu cầu ví.","1"
"Điểm uy tín trên hệ thống được hiểu thế nào? (v78)","","FAQ","Điểm uy tín phản ánh mức độ tin cậy dựa trên hồ sơ xác thực, lịch sử thanh toán và phản hồi giữa các bên. Điểm cao giúp tăng niềm tin khi giao dịch.","1"
"Thuê phòng kỳ hạn 6 tháng thì cần lưu ý điều gì để tránh tranh chấp? (v26)","","FAQ","Bạn nên kiểm tra kỹ thời hạn, điều khoản cọc, chu kỳ thanh toán, quy định phát sinh phí và lưu lại mọi xác nhận quan trọng trong hệ thống.","1"
"Tôi mới dùng SmartRental, nên bắt đầu từ đâu để thuê phòng nhanh? (v79)","","FAQ","Bạn nên bắt đầu bằng việc bật thông báo phản hồi lịch hẹn, sau đó tìm phòng theo khu vực và ngân sách, cuối cùng đặt lịch xem với các phòng đã xác thực.","1"
"Làm sao tìm phòng ở Hóc Môn mà không bị quá nhiều kết quả? (v4)","","FAQ","Bạn chỉ nên bật 3 bộ lọc chính trước: khu vực, mức giá và loại phòng. Khi đã có danh sách hẹp, mới thêm tiện ích để tối ưu lựa chọn.","1"
"Sau khi đặt lịch xem phòng tháng 8 thì tôi cần làm gì? (v6)","","FAQ","Bạn vào mục lịch hẹn để theo dõi trạng thái. Khi chủ trọ duyệt hoặc từ chối, hệ thống sẽ gửi thông báo ngay để bạn chủ động bước tiếp theo.","1"
"Ký hợp đồng truyền thống có an toàn không? (v79)","","FAQ","Có. Hợp đồng truyền thống vẫn là luồng chuẩn, dễ dùng cho người mới. Bạn chỉ cần đọc kỹ điều khoản, kiểm tra thông tin phòng và xác nhận đúng số tiền cọc.","1"
"Ký blockchain khác gì so với ký truyền thống? (v79)","","FAQ","Ký blockchain bổ sung bằng chứng chống chỉnh sửa và khả năng kiểm chứng giao dịch. Luồng thao tác vẫn tương tự, chỉ thêm bước xác nhận ví khi bạn chọn blockchain.","1"
"Nếu tôi không rành blockchain thì có bắt buộc dùng không? (v79)","","FAQ","Không bắt buộc. Bạn có thể hoàn tất toàn bộ quy trình bằng hợp đồng truyền thống. Blockchain chỉ là tùy chọn tăng minh bạch khi bạn cần.","1"
"Thanh toán bằng chuyển khoản ngân hàng bị chậm cập nhật thì xử lý thế nào? (v26)","","FAQ","Bạn kiểm tra lại đúng nội dung thanh toán, chờ vài phút để hệ thống đồng bộ, sau đó bấm thử lại. Nếu vẫn lỗi, gửi mã giao dịch cho hỗ trợ để đối soát.","1"
"Khi nào tôi cần kết nối ví Rabby? (v79)","","FAQ","Chỉ khi bạn dùng tính năng blockchain như ký hợp đồng on-chain hoặc xác minh giao dịch. Các tính năng tìm phòng và đặt lịch không yêu cầu ví.","1"
"Điểm uy tín trên hệ thống được hiểu thế nào? (v79)","","FAQ","Điểm uy tín phản ánh mức độ tin cậy dựa trên hồ sơ xác thực, lịch sử thanh toán và phản hồi giữa các bên. Điểm cao giúp tăng niềm tin khi giao dịch.","1"
"Thuê phòng kỳ hạn 12 tháng thì cần lưu ý điều gì để tránh tranh chấp? (v26)","","FAQ","Bạn nên kiểm tra kỹ thời hạn, điều khoản cọc, chu kỳ thanh toán, quy định phát sinh phí và lưu lại mọi xác nhận quan trọng trong hệ thống.","1"
"Tôi mới dùng SmartRental, nên bắt đầu từ đâu để thuê phòng nhanh? (v80)","","FAQ","Bạn nên bắt đầu bằng việc hoàn tất hồ sơ cá nhân, sau đó tìm phòng theo khu vực và ngân sách, cuối cùng đặt lịch xem với các phòng đã xác thực.","1"
"Làm sao tìm phòng ở Quận 1 mà không bị quá nhiều kết quả? (v5)","","FAQ","Bạn chỉ nên bật 3 bộ lọc chính trước: khu vực, mức giá và loại phòng. Khi đã có danh sách hẹp, mới thêm tiện ích để tối ưu lựa chọn.","1"
"Sau khi đặt lịch xem phòng tháng 9 thì tôi cần làm gì? (v6)","","FAQ","Bạn vào mục lịch hẹn để theo dõi trạng thái. Khi chủ trọ duyệt hoặc từ chối, hệ thống sẽ gửi thông báo ngay để bạn chủ động bước tiếp theo.","1"
"Ký hợp đồng truyền thống có an toàn không? (v80)","","FAQ","Có. Hợp đồng truyền thống vẫn là luồng chuẩn, dễ dùng cho người mới. Bạn chỉ cần đọc kỹ điều khoản, kiểm tra thông tin phòng và xác nhận đúng số tiền cọc.","1"
"Ký blockchain khác gì so với ký truyền thống? (v80)","","FAQ","Ký blockchain bổ sung bằng chứng chống chỉnh sửa và khả năng kiểm chứng giao dịch. Luồng thao tác vẫn tương tự, chỉ thêm bước xác nhận ví khi bạn chọn blockchain.","1"
"Nếu tôi không rành blockchain thì có bắt buộc dùng không? (v80)","","FAQ","Không bắt buộc. Bạn có thể hoàn tất toàn bộ quy trình bằng hợp đồng truyền thống. Blockchain chỉ là tùy chọn tăng minh bạch khi bạn cần.","1"
"Thanh toán bằng ví điện tử bị chậm cập nhật thì xử lý thế nào? (v26)","","FAQ","Bạn kiểm tra lại đúng nội dung thanh toán, chờ vài phút để hệ thống đồng bộ, sau đó bấm thử lại. Nếu vẫn lỗi, gửi mã giao dịch cho hỗ trợ để đối soát.","1"
"Khi nào tôi cần kết nối ví Coin98 Wallet? (v80)","","FAQ","Chỉ khi bạn dùng tính năng blockchain như ký hợp đồng on-chain hoặc xác minh giao dịch. Các tính năng tìm phòng và đặt lịch không yêu cầu ví.","1"
"Điểm uy tín trên hệ thống được hiểu thế nào? (v80)","","FAQ","Điểm uy tín phản ánh mức độ tin cậy dựa trên hồ sơ xác thực, lịch sử thanh toán và phản hồi giữa các bên. Điểm cao giúp tăng niềm tin khi giao dịch.","1"
"Thuê phòng kỳ hạn 24 tháng thì cần lưu ý điều gì để tránh tranh chấp? (v26)","","FAQ","Bạn nên kiểm tra kỹ thời hạn, điều khoản cọc, chu kỳ thanh toán, quy định phát sinh phí và lưu lại mọi xác nhận quan trọng trong hệ thống.","1"
"Tôi mới dùng SmartRental, nên bắt đầu từ đâu để thuê phòng nhanh? (v81)","","FAQ","Bạn nên bắt đầu bằng việc xác thực email và số điện thoại, sau đó tìm phòng theo khu vực và ngân sách, cuối cùng đặt lịch xem với các phòng đã xác thực.","1"
"Làm sao tìm phòng ở Quận 3 mà không bị quá nhiều kết quả? (v5)","","FAQ","Bạn chỉ nên bật 3 bộ lọc chính trước: khu vực, mức giá và loại phòng. Khi đã có danh sách hẹp, mới thêm tiện ích để tối ưu lựa chọn.","1"
"Sau khi đặt lịch xem phòng tháng 10 thì tôi cần làm gì? (v6)","","FAQ","Bạn vào mục lịch hẹn để theo dõi trạng thái. Khi chủ trọ duyệt hoặc từ chối, hệ thống sẽ gửi thông báo ngay để bạn chủ động bước tiếp theo.","1"
"Ký hợp đồng truyền thống có an toàn không? (v81)","","FAQ","Có. Hợp đồng truyền thống vẫn là luồng chuẩn, dễ dùng cho người mới. Bạn chỉ cần đọc kỹ điều khoản, kiểm tra thông tin phòng và xác nhận đúng số tiền cọc.","1"
"Ký blockchain khác gì so với ký truyền thống? (v81)","","FAQ","Ký blockchain bổ sung bằng chứng chống chỉnh sửa và khả năng kiểm chứng giao dịch. Luồng thao tác vẫn tương tự, chỉ thêm bước xác nhận ví khi bạn chọn blockchain.","1"
"Nếu tôi không rành blockchain thì có bắt buộc dùng không? (v81)","","FAQ","Không bắt buộc. Bạn có thể hoàn tất toàn bộ quy trình bằng hợp đồng truyền thống. Blockchain chỉ là tùy chọn tăng minh bạch khi bạn cần.","1"
"Thanh toán bằng SePay bị chậm cập nhật thì xử lý thế nào? (v27)","","FAQ","Bạn kiểm tra lại đúng nội dung thanh toán, chờ vài phút để hệ thống đồng bộ, sau đó bấm thử lại. Nếu vẫn lỗi, gửi mã giao dịch cho hỗ trợ để đối soát.","1"
"Khi nào tôi cần kết nối ví MetaMask? (v81)","","FAQ","Chỉ khi bạn dùng tính năng blockchain như ký hợp đồng on-chain hoặc xác minh giao dịch. Các tính năng tìm phòng và đặt lịch không yêu cầu ví.","1"
"Điểm uy tín trên hệ thống được hiểu thế nào? (v81)","","FAQ","Điểm uy tín phản ánh mức độ tin cậy dựa trên hồ sơ xác thực, lịch sử thanh toán và phản hồi giữa các bên. Điểm cao giúp tăng niềm tin khi giao dịch.","1"
"Thuê phòng kỳ hạn 6 tháng thì cần lưu ý điều gì để tránh tranh chấp? (v27)","","FAQ","Bạn nên kiểm tra kỹ thời hạn, điều khoản cọc, chu kỳ thanh toán, quy định phát sinh phí và lưu lại mọi xác nhận quan trọng trong hệ thống.","1"
"Tôi mới dùng SmartRental, nên bắt đầu từ đâu để thuê phòng nhanh? (v82)","","FAQ","Bạn nên bắt đầu bằng việc đặt ngân sách tối đa theo tháng, sau đó tìm phòng theo khu vực và ngân sách, cuối cùng đặt lịch xem với các phòng đã xác thực.","1"
"Làm sao tìm phòng ở Quận 4 mà không bị quá nhiều kết quả? (v5)","","FAQ","Bạn chỉ nên bật 3 bộ lọc chính trước: khu vực, mức giá và loại phòng. Khi đã có danh sách hẹp, mới thêm tiện ích để tối ưu lựa chọn.","1"
"Sau khi đặt lịch xem phòng tháng 11 thì tôi cần làm gì? (v6)","","FAQ","Bạn vào mục lịch hẹn để theo dõi trạng thái. Khi chủ trọ duyệt hoặc từ chối, hệ thống sẽ gửi thông báo ngay để bạn chủ động bước tiếp theo.","1"
"Ký hợp đồng truyền thống có an toàn không? (v82)","","FAQ","Có. Hợp đồng truyền thống vẫn là luồng chuẩn, dễ dùng cho người mới. Bạn chỉ cần đọc kỹ điều khoản, kiểm tra thông tin phòng và xác nhận đúng số tiền cọc.","1"
"Ký blockchain khác gì so với ký truyền thống? (v82)","","FAQ","Ký blockchain bổ sung bằng chứng chống chỉnh sửa và khả năng kiểm chứng giao dịch. Luồng thao tác vẫn tương tự, chỉ thêm bước xác nhận ví khi bạn chọn blockchain.","1"
"Nếu tôi không rành blockchain thì có bắt buộc dùng không? (v82)","","FAQ","Không bắt buộc. Bạn có thể hoàn tất toàn bộ quy trình bằng hợp đồng truyền thống. Blockchain chỉ là tùy chọn tăng minh bạch khi bạn cần.","1"
"Thanh toán bằng chuyển khoản ngân hàng bị chậm cập nhật thì xử lý thế nào? (v27)","","FAQ","Bạn kiểm tra lại đúng nội dung thanh toán, chờ vài phút để hệ thống đồng bộ, sau đó bấm thử lại. Nếu vẫn lỗi, gửi mã giao dịch cho hỗ trợ để đối soát.","1"
"Khi nào tôi cần kết nối ví Rabby? (v82)","","FAQ","Chỉ khi bạn dùng tính năng blockchain như ký hợp đồng on-chain hoặc xác minh giao dịch. Các tính năng tìm phòng và đặt lịch không yêu cầu ví.","1"
"Điểm uy tín trên hệ thống được hiểu thế nào? (v82)","","FAQ","Điểm uy tín phản ánh mức độ tin cậy dựa trên hồ sơ xác thực, lịch sử thanh toán và phản hồi giữa các bên. Điểm cao giúp tăng niềm tin khi giao dịch.","1"
"Thuê phòng kỳ hạn 12 tháng thì cần lưu ý điều gì để tránh tranh chấp? (v27)","","FAQ","Bạn nên kiểm tra kỹ thời hạn, điều khoản cọc, chu kỳ thanh toán, quy định phát sinh phí và lưu lại mọi xác nhận quan trọng trong hệ thống.","1"
"Tôi mới dùng SmartRental, nên bắt đầu từ đâu để thuê phòng nhanh? (v83)","","FAQ","Bạn nên bắt đầu bằng việc lưu phòng yêu thích để so sánh, sau đó tìm phòng theo khu vực và ngân sách, cuối cùng đặt lịch xem với các phòng đã xác thực.","1"
"Làm sao tìm phòng ở Quận 5 mà không bị quá nhiều kết quả? (v5)","","FAQ","Bạn chỉ nên bật 3 bộ lọc chính trước: khu vực, mức giá và loại phòng. Khi đã có danh sách hẹp, mới thêm tiện ích để tối ưu lựa chọn.","1"
"Sau khi đặt lịch xem phòng tháng 12 thì tôi cần làm gì? (v6)","","FAQ","Bạn vào mục lịch hẹn để theo dõi trạng thái. Khi chủ trọ duyệt hoặc từ chối, hệ thống sẽ gửi thông báo ngay để bạn chủ động bước tiếp theo.","1"
"Ký hợp đồng truyền thống có an toàn không? (v83)","","FAQ","Có. Hợp đồng truyền thống vẫn là luồng chuẩn, dễ dùng cho người mới. Bạn chỉ cần đọc kỹ điều khoản, kiểm tra thông tin phòng và xác nhận đúng số tiền cọc.","1"
"Ký blockchain khác gì so với ký truyền thống? (v83)","","FAQ","Ký blockchain bổ sung bằng chứng chống chỉnh sửa và khả năng kiểm chứng giao dịch. Luồng thao tác vẫn tương tự, chỉ thêm bước xác nhận ví khi bạn chọn blockchain.","1"
"Nếu tôi không rành blockchain thì có bắt buộc dùng không? (v83)","","FAQ","Không bắt buộc. Bạn có thể hoàn tất toàn bộ quy trình bằng hợp đồng truyền thống. Blockchain chỉ là tùy chọn tăng minh bạch khi bạn cần.","1"
"Thanh toán bằng ví điện tử bị chậm cập nhật thì xử lý thế nào? (v27)","","FAQ","Bạn kiểm tra lại đúng nội dung thanh toán, chờ vài phút để hệ thống đồng bộ, sau đó bấm thử lại. Nếu vẫn lỗi, gửi mã giao dịch cho hỗ trợ để đối soát.","1"
"Khi nào tôi cần kết nối ví Coin98 Wallet? (v83)","","FAQ","Chỉ khi bạn dùng tính năng blockchain như ký hợp đồng on-chain hoặc xác minh giao dịch. Các tính năng tìm phòng và đặt lịch không yêu cầu ví.","1"
"Điểm uy tín trên hệ thống được hiểu thế nào? (v83)","","FAQ","Điểm uy tín phản ánh mức độ tin cậy dựa trên hồ sơ xác thực, lịch sử thanh toán và phản hồi giữa các bên. Điểm cao giúp tăng niềm tin khi giao dịch.","1"
"Thuê phòng kỳ hạn 24 tháng thì cần lưu ý điều gì để tránh tranh chấp? (v27)","","FAQ","Bạn nên kiểm tra kỹ thời hạn, điều khoản cọc, chu kỳ thanh toán, quy định phát sinh phí và lưu lại mọi xác nhận quan trọng trong hệ thống.","1"
"Tôi mới dùng SmartRental, nên bắt đầu từ đâu để thuê phòng nhanh? (v84)","","FAQ","Bạn nên bắt đầu bằng việc bật thông báo phản hồi lịch hẹn, sau đó tìm phòng theo khu vực và ngân sách, cuối cùng đặt lịch xem với các phòng đã xác thực.","1"
"Làm sao tìm phòng ở Quận 7 mà không bị quá nhiều kết quả? (v5)","","FAQ","Bạn chỉ nên bật 3 bộ lọc chính trước: khu vực, mức giá và loại phòng. Khi đã có danh sách hẹp, mới thêm tiện ích để tối ưu lựa chọn.","1"
"Sau khi đặt lịch xem phòng tháng 1 thì tôi cần làm gì? (v7)","","FAQ","Bạn vào mục lịch hẹn để theo dõi trạng thái. Khi chủ trọ duyệt hoặc từ chối, hệ thống sẽ gửi thông báo ngay để bạn chủ động bước tiếp theo.","1"
"Ký hợp đồng truyền thống có an toàn không? (v84)","","FAQ","Có. Hợp đồng truyền thống vẫn là luồng chuẩn, dễ dùng cho người mới. Bạn chỉ cần đọc kỹ điều khoản, kiểm tra thông tin phòng và xác nhận đúng số tiền cọc.","1"
"Ký blockchain khác gì so với ký truyền thống? (v84)","","FAQ","Ký blockchain bổ sung bằng chứng chống chỉnh sửa và khả năng kiểm chứng giao dịch. Luồng thao tác vẫn tương tự, chỉ thêm bước xác nhận ví khi bạn chọn blockchain.","1"
"Nếu tôi không rành blockchain thì có bắt buộc dùng không? (v84)","","FAQ","Không bắt buộc. Bạn có thể hoàn tất toàn bộ quy trình bằng hợp đồng truyền thống. Blockchain chỉ là tùy chọn tăng minh bạch khi bạn cần.","1"
"Thanh toán bằng SePay bị chậm cập nhật thì xử lý thế nào? (v28)","","FAQ","Bạn kiểm tra lại đúng nội dung thanh toán, chờ vài phút để hệ thống đồng bộ, sau đó bấm thử lại. Nếu vẫn lỗi, gửi mã giao dịch cho hỗ trợ để đối soát.","1"
"Khi nào tôi cần kết nối ví MetaMask? (v84)","","FAQ","Chỉ khi bạn dùng tính năng blockchain như ký hợp đồng on-chain hoặc xác minh giao dịch. Các tính năng tìm phòng và đặt lịch không yêu cầu ví.","1"
"Điểm uy tín trên hệ thống được hiểu thế nào? (v84)","","FAQ","Điểm uy tín phản ánh mức độ tin cậy dựa trên hồ sơ xác thực, lịch sử thanh toán và phản hồi giữa các bên. Điểm cao giúp tăng niềm tin khi giao dịch.","1"
"Thuê phòng kỳ hạn 6 tháng thì cần lưu ý điều gì để tránh tranh chấp? (v28)","","FAQ","Bạn nên kiểm tra kỹ thời hạn, điều khoản cọc, chu kỳ thanh toán, quy định phát sinh phí và lưu lại mọi xác nhận quan trọng trong hệ thống.","1"
"Tôi mới dùng SmartRental, nên bắt đầu từ đâu để thuê phòng nhanh? (v85)","","FAQ","Bạn nên bắt đầu bằng việc hoàn tất hồ sơ cá nhân, sau đó tìm phòng theo khu vực và ngân sách, cuối cùng đặt lịch xem với các phòng đã xác thực.","1"
"Làm sao tìm phòng ở Quận 10 mà không bị quá nhiều kết quả? (v5)","","FAQ","Bạn chỉ nên bật 3 bộ lọc chính trước: khu vực, mức giá và loại phòng. Khi đã có danh sách hẹp, mới thêm tiện ích để tối ưu lựa chọn.","1"
"Sau khi đặt lịch xem phòng tháng 2 thì tôi cần làm gì? (v7)","","FAQ","Bạn vào mục lịch hẹn để theo dõi trạng thái. Khi chủ trọ duyệt hoặc từ chối, hệ thống sẽ gửi thông báo ngay để bạn chủ động bước tiếp theo.","1"
"Ký hợp đồng truyền thống có an toàn không? (v85)","","FAQ","Có. Hợp đồng truyền thống vẫn là luồng chuẩn, dễ dùng cho người mới. Bạn chỉ cần đọc kỹ điều khoản, kiểm tra thông tin phòng và xác nhận đúng số tiền cọc.","1"
"Ký blockchain khác gì so với ký truyền thống? (v85)","","FAQ","Ký blockchain bổ sung bằng chứng chống chỉnh sửa và khả năng kiểm chứng giao dịch. Luồng thao tác vẫn tương tự, chỉ thêm bước xác nhận ví khi bạn chọn blockchain.","1"
"Nếu tôi không rành blockchain thì có bắt buộc dùng không? (v85)","","FAQ","Không bắt buộc. Bạn có thể hoàn tất toàn bộ quy trình bằng hợp đồng truyền thống. Blockchain chỉ là tùy chọn tăng minh bạch khi bạn cần.","1"
"Thanh toán bằng chuyển khoản ngân hàng bị chậm cập nhật thì xử lý thế nào? (v28)","","FAQ","Bạn kiểm tra lại đúng nội dung thanh toán, chờ vài phút để hệ thống đồng bộ, sau đó bấm thử lại. Nếu vẫn lỗi, gửi mã giao dịch cho hỗ trợ để đối soát.","1"
"Khi nào tôi cần kết nối ví Rabby? (v85)","","FAQ","Chỉ khi bạn dùng tính năng blockchain như ký hợp đồng on-chain hoặc xác minh giao dịch. Các tính năng tìm phòng và đặt lịch không yêu cầu ví.","1"
"Điểm uy tín trên hệ thống được hiểu thế nào? (v85)","","FAQ","Điểm uy tín phản ánh mức độ tin cậy dựa trên hồ sơ xác thực, lịch sử thanh toán và phản hồi giữa các bên. Điểm cao giúp tăng niềm tin khi giao dịch.","1"
"Thuê phòng kỳ hạn 12 tháng thì cần lưu ý điều gì để tránh tranh chấp? (v28)","","FAQ","Bạn nên kiểm tra kỹ thời hạn, điều khoản cọc, chu kỳ thanh toán, quy định phát sinh phí và lưu lại mọi xác nhận quan trọng trong hệ thống.","1"
"Tôi mới dùng SmartRental, nên bắt đầu từ đâu để thuê phòng nhanh? (v86)","","FAQ","Bạn nên bắt đầu bằng việc xác thực email và số điện thoại, sau đó tìm phòng theo khu vực và ngân sách, cuối cùng đặt lịch xem với các phòng đã xác thực.","1"
"Làm sao tìm phòng ở Quận 12 mà không bị quá nhiều kết quả? (v5)","","FAQ","Bạn chỉ nên bật 3 bộ lọc chính trước: khu vực, mức giá và loại phòng. Khi đã có danh sách hẹp, mới thêm tiện ích để tối ưu lựa chọn.","1"
"Sau khi đặt lịch xem phòng tháng 3 thì tôi cần làm gì? (v7)","","FAQ","Bạn vào mục lịch hẹn để theo dõi trạng thái. Khi chủ trọ duyệt hoặc từ chối, hệ thống sẽ gửi thông báo ngay để bạn chủ động bước tiếp theo.","1"
"Ký hợp đồng truyền thống có an toàn không? (v86)","","FAQ","Có. Hợp đồng truyền thống vẫn là luồng chuẩn, dễ dùng cho người mới. Bạn chỉ cần đọc kỹ điều khoản, kiểm tra thông tin phòng và xác nhận đúng số tiền cọc.","1"
"Ký blockchain khác gì so với ký truyền thống? (v86)","","FAQ","Ký blockchain bổ sung bằng chứng chống chỉnh sửa và khả năng kiểm chứng giao dịch. Luồng thao tác vẫn tương tự, chỉ thêm bước xác nhận ví khi bạn chọn blockchain.","1"
"Nếu tôi không rành blockchain thì có bắt buộc dùng không? (v86)","","FAQ","Không bắt buộc. Bạn có thể hoàn tất toàn bộ quy trình bằng hợp đồng truyền thống. Blockchain chỉ là tùy chọn tăng minh bạch khi bạn cần.","1"
"Thanh toán bằng ví điện tử bị chậm cập nhật thì xử lý thế nào? (v28)","","FAQ","Bạn kiểm tra lại đúng nội dung thanh toán, chờ vài phút để hệ thống đồng bộ, sau đó bấm thử lại. Nếu vẫn lỗi, gửi mã giao dịch cho hỗ trợ để đối soát.","1"
"Khi nào tôi cần kết nối ví Coin98 Wallet? (v86)","","FAQ","Chỉ khi bạn dùng tính năng blockchain như ký hợp đồng on-chain hoặc xác minh giao dịch. Các tính năng tìm phòng và đặt lịch không yêu cầu ví.","1"
"Điểm uy tín trên hệ thống được hiểu thế nào? (v86)","","FAQ","Điểm uy tín phản ánh mức độ tin cậy dựa trên hồ sơ xác thực, lịch sử thanh toán và phản hồi giữa các bên. Điểm cao giúp tăng niềm tin khi giao dịch.","1"
"Thuê phòng kỳ hạn 24 tháng thì cần lưu ý điều gì để tránh tranh chấp? (v28)","","FAQ","Bạn nên kiểm tra kỹ thời hạn, điều khoản cọc, chu kỳ thanh toán, quy định phát sinh phí và lưu lại mọi xác nhận quan trọng trong hệ thống.","1"
"Tôi mới dùng SmartRental, nên bắt đầu từ đâu để thuê phòng nhanh? (v87)","","FAQ","Bạn nên bắt đầu bằng việc đặt ngân sách tối đa theo tháng, sau đó tìm phòng theo khu vực và ngân sách, cuối cùng đặt lịch xem với các phòng đã xác thực.","1"
"Làm sao tìm phòng ở Gò Vấp mà không bị quá nhiều kết quả? (v5)","","FAQ","Bạn chỉ nên bật 3 bộ lọc chính trước: khu vực, mức giá và loại phòng. Khi đã có danh sách hẹp, mới thêm tiện ích để tối ưu lựa chọn.","1"
"Sau khi đặt lịch xem phòng tháng 4 thì tôi cần làm gì? (v7)","","FAQ","Bạn vào mục lịch hẹn để theo dõi trạng thái. Khi chủ trọ duyệt hoặc từ chối, hệ thống sẽ gửi thông báo ngay để bạn chủ động bước tiếp theo.","1"
"Ký hợp đồng truyền thống có an toàn không? (v87)","","FAQ","Có. Hợp đồng truyền thống vẫn là luồng chuẩn, dễ dùng cho người mới. Bạn chỉ cần đọc kỹ điều khoản, kiểm tra thông tin phòng và xác nhận đúng số tiền cọc.","1"
"Ký blockchain khác gì so với ký truyền thống? (v87)","","FAQ","Ký blockchain bổ sung bằng chứng chống chỉnh sửa và khả năng kiểm chứng giao dịch. Luồng thao tác vẫn tương tự, chỉ thêm bước xác nhận ví khi bạn chọn blockchain.","1"
"Nếu tôi không rành blockchain thì có bắt buộc dùng không? (v87)","","FAQ","Không bắt buộc. Bạn có thể hoàn tất toàn bộ quy trình bằng hợp đồng truyền thống. Blockchain chỉ là tùy chọn tăng minh bạch khi bạn cần.","1"
"Thanh toán bằng SePay bị chậm cập nhật thì xử lý thế nào? (v29)","","FAQ","Bạn kiểm tra lại đúng nội dung thanh toán, chờ vài phút để hệ thống đồng bộ, sau đó bấm thử lại. Nếu vẫn lỗi, gửi mã giao dịch cho hỗ trợ để đối soát.","1"
"Khi nào tôi cần kết nối ví MetaMask? (v87)","","FAQ","Chỉ khi bạn dùng tính năng blockchain như ký hợp đồng on-chain hoặc xác minh giao dịch. Các tính năng tìm phòng và đặt lịch không yêu cầu ví.","1"
"Điểm uy tín trên hệ thống được hiểu thế nào? (v87)","","FAQ","Điểm uy tín phản ánh mức độ tin cậy dựa trên hồ sơ xác thực, lịch sử thanh toán và phản hồi giữa các bên. Điểm cao giúp tăng niềm tin khi giao dịch.","1"
"Thuê phòng kỳ hạn 6 tháng thì cần lưu ý điều gì để tránh tranh chấp? (v29)","","FAQ","Bạn nên kiểm tra kỹ thời hạn, điều khoản cọc, chu kỳ thanh toán, quy định phát sinh phí và lưu lại mọi xác nhận quan trọng trong hệ thống.","1"
"Tôi mới dùng SmartRental, nên bắt đầu từ đâu để thuê phòng nhanh? (v88)","","FAQ","Bạn nên bắt đầu bằng việc lưu phòng yêu thích để so sánh, sau đó tìm phòng theo khu vực và ngân sách, cuối cùng đặt lịch xem với các phòng đã xác thực.","1"
"Làm sao tìm phòng ở Bình Thạnh mà không bị quá nhiều kết quả? (v5)","","FAQ","Bạn chỉ nên bật 3 bộ lọc chính trước: khu vực, mức giá và loại phòng. Khi đã có danh sách hẹp, mới thêm tiện ích để tối ưu lựa chọn.","1"
"Sau khi đặt lịch xem phòng tháng 5 thì tôi cần làm gì? (v7)","","FAQ","Bạn vào mục lịch hẹn để theo dõi trạng thái. Khi chủ trọ duyệt hoặc từ chối, hệ thống sẽ gửi thông báo ngay để bạn chủ động bước tiếp theo.","1"
"Ký hợp đồng truyền thống có an toàn không? (v88)","","FAQ","Có. Hợp đồng truyền thống vẫn là luồng chuẩn, dễ dùng cho người mới. Bạn chỉ cần đọc kỹ điều khoản, kiểm tra thông tin phòng và xác nhận đúng số tiền cọc.","1"
"Ký blockchain khác gì so với ký truyền thống? (v88)","","FAQ","Ký blockchain bổ sung bằng chứng chống chỉnh sửa và khả năng kiểm chứng giao dịch. Luồng thao tác vẫn tương tự, chỉ thêm bước xác nhận ví khi bạn chọn blockchain.","1"
"Nếu tôi không rành blockchain thì có bắt buộc dùng không? (v88)","","FAQ","Không bắt buộc. Bạn có thể hoàn tất toàn bộ quy trình bằng hợp đồng truyền thống. Blockchain chỉ là tùy chọn tăng minh bạch khi bạn cần.","1"
"Thanh toán bằng chuyển khoản ngân hàng bị chậm cập nhật thì xử lý thế nào? (v29)","","FAQ","Bạn kiểm tra lại đúng nội dung thanh toán, chờ vài phút để hệ thống đồng bộ, sau đó bấm thử lại. Nếu vẫn lỗi, gửi mã giao dịch cho hỗ trợ để đối soát.","1"
"Khi nào tôi cần kết nối ví Rabby? (v88)","","FAQ","Chỉ khi bạn dùng tính năng blockchain như ký hợp đồng on-chain hoặc xác minh giao dịch. Các tính năng tìm phòng và đặt lịch không yêu cầu ví.","1"
"Điểm uy tín trên hệ thống được hiểu thế nào? (v88)","","FAQ","Điểm uy tín phản ánh mức độ tin cậy dựa trên hồ sơ xác thực, lịch sử thanh toán và phản hồi giữa các bên. Điểm cao giúp tăng niềm tin khi giao dịch.","1"
"Thuê phòng kỳ hạn 12 tháng thì cần lưu ý điều gì để tránh tranh chấp? (v29)","","FAQ","Bạn nên kiểm tra kỹ thời hạn, điều khoản cọc, chu kỳ thanh toán, quy định phát sinh phí và lưu lại mọi xác nhận quan trọng trong hệ thống.","1"
"Tôi mới dùng SmartRental, nên bắt đầu từ đâu để thuê phòng nhanh? (v89)","","FAQ","Bạn nên bắt đầu bằng việc bật thông báo phản hồi lịch hẹn, sau đó tìm phòng theo khu vực và ngân sách, cuối cùng đặt lịch xem với các phòng đã xác thực.","1"
"Làm sao tìm phòng ở Tân Bình mà không bị quá nhiều kết quả? (v5)","","FAQ","Bạn chỉ nên bật 3 bộ lọc chính trước: khu vực, mức giá và loại phòng. Khi đã có danh sách hẹp, mới thêm tiện ích để tối ưu lựa chọn.","1"
"Sau khi đặt lịch xem phòng tháng 6 thì tôi cần làm gì? (v7)","","FAQ","Bạn vào mục lịch hẹn để theo dõi trạng thái. Khi chủ trọ duyệt hoặc từ chối, hệ thống sẽ gửi thông báo ngay để bạn chủ động bước tiếp theo.","1"
"Ký hợp đồng truyền thống có an toàn không? (v89)","","FAQ","Có. Hợp đồng truyền thống vẫn là luồng chuẩn, dễ dùng cho người mới. Bạn chỉ cần đọc kỹ điều khoản, kiểm tra thông tin phòng và xác nhận đúng số tiền cọc.","1"
"Ký blockchain khác gì so với ký truyền thống? (v89)","","FAQ","Ký blockchain bổ sung bằng chứng chống chỉnh sửa và khả năng kiểm chứng giao dịch. Luồng thao tác vẫn tương tự, chỉ thêm bước xác nhận ví khi bạn chọn blockchain.","1"
"Nếu tôi không rành blockchain thì có bắt buộc dùng không? (v89)","","FAQ","Không bắt buộc. Bạn có thể hoàn tất toàn bộ quy trình bằng hợp đồng truyền thống. Blockchain chỉ là tùy chọn tăng minh bạch khi bạn cần.","1"
"Thanh toán bằng ví điện tử bị chậm cập nhật thì xử lý thế nào? (v29)","","FAQ","Bạn kiểm tra lại đúng nội dung thanh toán, chờ vài phút để hệ thống đồng bộ, sau đó bấm thử lại. Nếu vẫn lỗi, gửi mã giao dịch cho hỗ trợ để đối soát.","1"
"Khi nào tôi cần kết nối ví Coin98 Wallet? (v89)","","FAQ","Chỉ khi bạn dùng tính năng blockchain như ký hợp đồng on-chain hoặc xác minh giao dịch. Các tính năng tìm phòng và đặt lịch không yêu cầu ví.","1"
"Điểm uy tín trên hệ thống được hiểu thế nào? (v89)","","FAQ","Điểm uy tín phản ánh mức độ tin cậy dựa trên hồ sơ xác thực, lịch sử thanh toán và phản hồi giữa các bên. Điểm cao giúp tăng niềm tin khi giao dịch.","1"
"Thuê phòng kỳ hạn 24 tháng thì cần lưu ý điều gì để tránh tranh chấp? (v29)","","FAQ","Bạn nên kiểm tra kỹ thời hạn, điều khoản cọc, chu kỳ thanh toán, quy định phát sinh phí và lưu lại mọi xác nhận quan trọng trong hệ thống.","1"
"Tôi mới dùng SmartRental, nên bắt đầu từ đâu để thuê phòng nhanh? (v90)","","FAQ","Bạn nên bắt đầu bằng việc hoàn tất hồ sơ cá nhân, sau đó tìm phòng theo khu vực và ngân sách, cuối cùng đặt lịch xem với các phòng đã xác thực.","1"
"Làm sao tìm phòng ở Thủ Đức mà không bị quá nhiều kết quả? (v5)","","FAQ","Bạn chỉ nên bật 3 bộ lọc chính trước: khu vực, mức giá và loại phòng. Khi đã có danh sách hẹp, mới thêm tiện ích để tối ưu lựa chọn.","1"
"Sau khi đặt lịch xem phòng tháng 7 thì tôi cần làm gì? (v7)","","FAQ","Bạn vào mục lịch hẹn để theo dõi trạng thái. Khi chủ trọ duyệt hoặc từ chối, hệ thống sẽ gửi thông báo ngay để bạn chủ động bước tiếp theo.","1"
"Ký hợp đồng truyền thống có an toàn không? (v90)","","FAQ","Có. Hợp đồng truyền thống vẫn là luồng chuẩn, dễ dùng cho người mới. Bạn chỉ cần đọc kỹ điều khoản, kiểm tra thông tin phòng và xác nhận đúng số tiền cọc.","1"
"Ký blockchain khác gì so với ký truyền thống? (v90)","","FAQ","Ký blockchain bổ sung bằng chứng chống chỉnh sửa và khả năng kiểm chứng giao dịch. Luồng thao tác vẫn tương tự, chỉ thêm bước xác nhận ví khi bạn chọn blockchain.","1"
"Nếu tôi không rành blockchain thì có bắt buộc dùng không? (v90)","","FAQ","Không bắt buộc. Bạn có thể hoàn tất toàn bộ quy trình bằng hợp đồng truyền thống. Blockchain chỉ là tùy chọn tăng minh bạch khi bạn cần.","1"
"Thanh toán bằng SePay bị chậm cập nhật thì xử lý thế nào? (v30)","","FAQ","Bạn kiểm tra lại đúng nội dung thanh toán, chờ vài phút để hệ thống đồng bộ, sau đó bấm thử lại. Nếu vẫn lỗi, gửi mã giao dịch cho hỗ trợ để đối soát.","1"
"Khi nào tôi cần kết nối ví MetaMask? (v90)","","FAQ","Chỉ khi bạn dùng tính năng blockchain như ký hợp đồng on-chain hoặc xác minh giao dịch. Các tính năng tìm phòng và đặt lịch không yêu cầu ví.","1"
"Điểm uy tín trên hệ thống được hiểu thế nào? (v90)","","FAQ","Điểm uy tín phản ánh mức độ tin cậy dựa trên hồ sơ xác thực, lịch sử thanh toán và phản hồi giữa các bên. Điểm cao giúp tăng niềm tin khi giao dịch.","1"
"Thuê phòng kỳ hạn 6 tháng thì cần lưu ý điều gì để tránh tranh chấp? (v30)","","FAQ","Bạn nên kiểm tra kỹ thời hạn, điều khoản cọc, chu kỳ thanh toán, quy định phát sinh phí và lưu lại mọi xác nhận quan trọng trong hệ thống.","1"
"Tôi mới dùng SmartRental, nên bắt đầu từ đâu để thuê phòng nhanh? (v91)","","FAQ","Bạn nên bắt đầu bằng việc xác thực email và số điện thoại, sau đó tìm phòng theo khu vực và ngân sách, cuối cùng đặt lịch xem với các phòng đã xác thực.","1"
"Làm sao tìm phòng ở Phú Nhuận mà không bị quá nhiều kết quả? (v5)","","FAQ","Bạn chỉ nên bật 3 bộ lọc chính trước: khu vực, mức giá và loại phòng. Khi đã có danh sách hẹp, mới thêm tiện ích để tối ưu lựa chọn.","1"
"Sau khi đặt lịch xem phòng tháng 8 thì tôi cần làm gì? (v7)","","FAQ","Bạn vào mục lịch hẹn để theo dõi trạng thái. Khi chủ trọ duyệt hoặc từ chối, hệ thống sẽ gửi thông báo ngay để bạn chủ động bước tiếp theo.","1"
"Ký hợp đồng truyền thống có an toàn không? (v91)","","FAQ","Có. Hợp đồng truyền thống vẫn là luồng chuẩn, dễ dùng cho người mới. Bạn chỉ cần đọc kỹ điều khoản, kiểm tra thông tin phòng và xác nhận đúng số tiền cọc.","1"
"Ký blockchain khác gì so với ký truyền thống? (v91)","","FAQ","Ký blockchain bổ sung bằng chứng chống chỉnh sửa và khả năng kiểm chứng giao dịch. Luồng thao tác vẫn tương tự, chỉ thêm bước xác nhận ví khi bạn chọn blockchain.","1"
"Nếu tôi không rành blockchain thì có bắt buộc dùng không? (v91)","","FAQ","Không bắt buộc. Bạn có thể hoàn tất toàn bộ quy trình bằng hợp đồng truyền thống. Blockchain chỉ là tùy chọn tăng minh bạch khi bạn cần.","1"
"Thanh toán bằng chuyển khoản ngân hàng bị chậm cập nhật thì xử lý thế nào? (v30)","","FAQ","Bạn kiểm tra lại đúng nội dung thanh toán, chờ vài phút để hệ thống đồng bộ, sau đó bấm thử lại. Nếu vẫn lỗi, gửi mã giao dịch cho hỗ trợ để đối soát.","1"
"Khi nào tôi cần kết nối ví Rabby? (v91)","","FAQ","Chỉ khi bạn dùng tính năng blockchain như ký hợp đồng on-chain hoặc xác minh giao dịch. Các tính năng tìm phòng và đặt lịch không yêu cầu ví.","1"
"Điểm uy tín trên hệ thống được hiểu thế nào? (v91)","","FAQ","Điểm uy tín phản ánh mức độ tin cậy dựa trên hồ sơ xác thực, lịch sử thanh toán và phản hồi giữa các bên. Điểm cao giúp tăng niềm tin khi giao dịch.","1"
"Thuê phòng kỳ hạn 12 tháng thì cần lưu ý điều gì để tránh tranh chấp? (v30)","","FAQ","Bạn nên kiểm tra kỹ thời hạn, điều khoản cọc, chu kỳ thanh toán, quy định phát sinh phí và lưu lại mọi xác nhận quan trọng trong hệ thống.","1"
"Tôi mới dùng SmartRental, nên bắt đầu từ đâu để thuê phòng nhanh? (v92)","","FAQ","Bạn nên bắt đầu bằng việc đặt ngân sách tối đa theo tháng, sau đó tìm phòng theo khu vực và ngân sách, cuối cùng đặt lịch xem với các phòng đã xác thực.","1"
"Làm sao tìm phòng ở Bình Tân mà không bị quá nhiều kết quả? (v5)","","FAQ","Bạn chỉ nên bật 3 bộ lọc chính trước: khu vực, mức giá và loại phòng. Khi đã có danh sách hẹp, mới thêm tiện ích để tối ưu lựa chọn.","1"
"Sau khi đặt lịch xem phòng tháng 9 thì tôi cần làm gì? (v7)","","FAQ","Bạn vào mục lịch hẹn để theo dõi trạng thái. Khi chủ trọ duyệt hoặc từ chối, hệ thống sẽ gửi thông báo ngay để bạn chủ động bước tiếp theo.","1"
"Ký hợp đồng truyền thống có an toàn không? (v92)","","FAQ","Có. Hợp đồng truyền thống vẫn là luồng chuẩn, dễ dùng cho người mới. Bạn chỉ cần đọc kỹ điều khoản, kiểm tra thông tin phòng và xác nhận đúng số tiền cọc.","1"
"Ký blockchain khác gì so với ký truyền thống? (v92)","","FAQ","Ký blockchain bổ sung bằng chứng chống chỉnh sửa và khả năng kiểm chứng giao dịch. Luồng thao tác vẫn tương tự, chỉ thêm bước xác nhận ví khi bạn chọn blockchain.","1"
"Nếu tôi không rành blockchain thì có bắt buộc dùng không? (v92)","","FAQ","Không bắt buộc. Bạn có thể hoàn tất toàn bộ quy trình bằng hợp đồng truyền thống. Blockchain chỉ là tùy chọn tăng minh bạch khi bạn cần.","1"
"Thanh toán bằng ví điện tử bị chậm cập nhật thì xử lý thế nào? (v30)","","FAQ","Bạn kiểm tra lại đúng nội dung thanh toán, chờ vài phút để hệ thống đồng bộ, sau đó bấm thử lại. Nếu vẫn lỗi, gửi mã giao dịch cho hỗ trợ để đối soát.","1"
"Khi nào tôi cần kết nối ví Coin98 Wallet? (v92)","","FAQ","Chỉ khi bạn dùng tính năng blockchain như ký hợp đồng on-chain hoặc xác minh giao dịch. Các tính năng tìm phòng và đặt lịch không yêu cầu ví.","1"
"Điểm uy tín trên hệ thống được hiểu thế nào? (v92)","","FAQ","Điểm uy tín phản ánh mức độ tin cậy dựa trên hồ sơ xác thực, lịch sử thanh toán và phản hồi giữa các bên. Điểm cao giúp tăng niềm tin khi giao dịch.","1"
"Thuê phòng kỳ hạn 24 tháng thì cần lưu ý điều gì để tránh tranh chấp? (v30)","","FAQ","Bạn nên kiểm tra kỹ thời hạn, điều khoản cọc, chu kỳ thanh toán, quy định phát sinh phí và lưu lại mọi xác nhận quan trọng trong hệ thống.","1"
"Tôi mới dùng SmartRental, nên bắt đầu từ đâu để thuê phòng nhanh? (v93)","","FAQ","Bạn nên bắt đầu bằng việc lưu phòng yêu thích để so sánh, sau đó tìm phòng theo khu vực và ngân sách, cuối cùng đặt lịch xem với các phòng đã xác thực.","1"
"Làm sao tìm phòng ở Bình Chánh mà không bị quá nhiều kết quả? (v5)","","FAQ","Bạn chỉ nên bật 3 bộ lọc chính trước: khu vực, mức giá và loại phòng. Khi đã có danh sách hẹp, mới thêm tiện ích để tối ưu lựa chọn.","1"
"Sau khi đặt lịch xem phòng tháng 10 thì tôi cần làm gì? (v7)","","FAQ","Bạn vào mục lịch hẹn để theo dõi trạng thái. Khi chủ trọ duyệt hoặc từ chối, hệ thống sẽ gửi thông báo ngay để bạn chủ động bước tiếp theo.","1"
"Ký hợp đồng truyền thống có an toàn không? (v93)","","FAQ","Có. Hợp đồng truyền thống vẫn là luồng chuẩn, dễ dùng cho người mới. Bạn chỉ cần đọc kỹ điều khoản, kiểm tra thông tin phòng và xác nhận đúng số tiền cọc.","1"
"Ký blockchain khác gì so với ký truyền thống? (v93)","","FAQ","Ký blockchain bổ sung bằng chứng chống chỉnh sửa và khả năng kiểm chứng giao dịch. Luồng thao tác vẫn tương tự, chỉ thêm bước xác nhận ví khi bạn chọn blockchain.","1"
"Nếu tôi không rành blockchain thì có bắt buộc dùng không? (v93)","","FAQ","Không bắt buộc. Bạn có thể hoàn tất toàn bộ quy trình bằng hợp đồng truyền thống. Blockchain chỉ là tùy chọn tăng minh bạch khi bạn cần.","1"
"Thanh toán bằng SePay bị chậm cập nhật thì xử lý thế nào? (v31)","","FAQ","Bạn kiểm tra lại đúng nội dung thanh toán, chờ vài phút để hệ thống đồng bộ, sau đó bấm thử lại. Nếu vẫn lỗi, gửi mã giao dịch cho hỗ trợ để đối soát.","1"
"Khi nào tôi cần kết nối ví MetaMask? (v93)","","FAQ","Chỉ khi bạn dùng tính năng blockchain như ký hợp đồng on-chain hoặc xác minh giao dịch. Các tính năng tìm phòng và đặt lịch không yêu cầu ví.","1"
"Điểm uy tín trên hệ thống được hiểu thế nào? (v93)","","FAQ","Điểm uy tín phản ánh mức độ tin cậy dựa trên hồ sơ xác thực, lịch sử thanh toán và phản hồi giữa các bên. Điểm cao giúp tăng niềm tin khi giao dịch.","1"
"Thuê phòng kỳ hạn 6 tháng thì cần lưu ý điều gì để tránh tranh chấp? (v31)","","FAQ","Bạn nên kiểm tra kỹ thời hạn, điều khoản cọc, chu kỳ thanh toán, quy định phát sinh phí và lưu lại mọi xác nhận quan trọng trong hệ thống.","1"
"Tôi mới dùng SmartRental, nên bắt đầu từ đâu để thuê phòng nhanh? (v94)","","FAQ","Bạn nên bắt đầu bằng việc bật thông báo phản hồi lịch hẹn, sau đó tìm phòng theo khu vực và ngân sách, cuối cùng đặt lịch xem với các phòng đã xác thực.","1"
"Làm sao tìm phòng ở Nhà Bè mà không bị quá nhiều kết quả? (v5)","","FAQ","Bạn chỉ nên bật 3 bộ lọc chính trước: khu vực, mức giá và loại phòng. Khi đã có danh sách hẹp, mới thêm tiện ích để tối ưu lựa chọn.","1"
"Sau khi đặt lịch xem phòng tháng 11 thì tôi cần làm gì? (v7)","","FAQ","Bạn vào mục lịch hẹn để theo dõi trạng thái. Khi chủ trọ duyệt hoặc từ chối, hệ thống sẽ gửi thông báo ngay để bạn chủ động bước tiếp theo.","1"
"Ký hợp đồng truyền thống có an toàn không? (v94)","","FAQ","Có. Hợp đồng truyền thống vẫn là luồng chuẩn, dễ dùng cho người mới. Bạn chỉ cần đọc kỹ điều khoản, kiểm tra thông tin phòng và xác nhận đúng số tiền cọc.","1"
"Ký blockchain khác gì so với ký truyền thống? (v94)","","FAQ","Ký blockchain bổ sung bằng chứng chống chỉnh sửa và khả năng kiểm chứng giao dịch. Luồng thao tác vẫn tương tự, chỉ thêm bước xác nhận ví khi bạn chọn blockchain.","1"
"Nếu tôi không rành blockchain thì có bắt buộc dùng không? (v94)","","FAQ","Không bắt buộc. Bạn có thể hoàn tất toàn bộ quy trình bằng hợp đồng truyền thống. Blockchain chỉ là tùy chọn tăng minh bạch khi bạn cần.","1"
"Thanh toán bằng chuyển khoản ngân hàng bị chậm cập nhật thì xử lý thế nào? (v31)","","FAQ","Bạn kiểm tra lại đúng nội dung thanh toán, chờ vài phút để hệ thống đồng bộ, sau đó bấm thử lại. Nếu vẫn lỗi, gửi mã giao dịch cho hỗ trợ để đối soát.","1"
"Khi nào tôi cần kết nối ví Rabby? (v94)","","FAQ","Chỉ khi bạn dùng tính năng blockchain như ký hợp đồng on-chain hoặc xác minh giao dịch. Các tính năng tìm phòng và đặt lịch không yêu cầu ví.","1"
"Điểm uy tín trên hệ thống được hiểu thế nào? (v94)","","FAQ","Điểm uy tín phản ánh mức độ tin cậy dựa trên hồ sơ xác thực, lịch sử thanh toán và phản hồi giữa các bên. Điểm cao giúp tăng niềm tin khi giao dịch.","1"
"Thuê phòng kỳ hạn 12 tháng thì cần lưu ý điều gì để tránh tranh chấp? (v31)","","FAQ","Bạn nên kiểm tra kỹ thời hạn, điều khoản cọc, chu kỳ thanh toán, quy định phát sinh phí và lưu lại mọi xác nhận quan trọng trong hệ thống.","1"
"Tôi mới dùng SmartRental, nên bắt đầu từ đâu để thuê phòng nhanh? (v95)","","FAQ","Bạn nên bắt đầu bằng việc hoàn tất hồ sơ cá nhân, sau đó tìm phòng theo khu vực và ngân sách, cuối cùng đặt lịch xem với các phòng đã xác thực.","1"
"Làm sao tìm phòng ở Hóc Môn mà không bị quá nhiều kết quả? (v5)","","FAQ","Bạn chỉ nên bật 3 bộ lọc chính trước: khu vực, mức giá và loại phòng. Khi đã có danh sách hẹp, mới thêm tiện ích để tối ưu lựa chọn.","1"
"Sau khi đặt lịch xem phòng tháng 12 thì tôi cần làm gì? (v7)","","FAQ","Bạn vào mục lịch hẹn để theo dõi trạng thái. Khi chủ trọ duyệt hoặc từ chối, hệ thống sẽ gửi thông báo ngay để bạn chủ động bước tiếp theo.","1"
"Ký hợp đồng truyền thống có an toàn không? (v95)","","FAQ","Có. Hợp đồng truyền thống vẫn là luồng chuẩn, dễ dùng cho người mới. Bạn chỉ cần đọc kỹ điều khoản, kiểm tra thông tin phòng và xác nhận đúng số tiền cọc.","1"
"Ký blockchain khác gì so với ký truyền thống? (v95)","","FAQ","Ký blockchain bổ sung bằng chứng chống chỉnh sửa và khả năng kiểm chứng giao dịch. Luồng thao tác vẫn tương tự, chỉ thêm bước xác nhận ví khi bạn chọn blockchain.","1"
"Nếu tôi không rành blockchain thì có bắt buộc dùng không? (v95)","","FAQ","Không bắt buộc. Bạn có thể hoàn tất toàn bộ quy trình bằng hợp đồng truyền thống. Blockchain chỉ là tùy chọn tăng minh bạch khi bạn cần.","1"
"Thanh toán bằng ví điện tử bị chậm cập nhật thì xử lý thế nào? (v31)","","FAQ","Bạn kiểm tra lại đúng nội dung thanh toán, chờ vài phút để hệ thống đồng bộ, sau đó bấm thử lại. Nếu vẫn lỗi, gửi mã giao dịch cho hỗ trợ để đối soát.","1"
"Khi nào tôi cần kết nối ví Coin98 Wallet? (v95)","","FAQ","Chỉ khi bạn dùng tính năng blockchain như ký hợp đồng on-chain hoặc xác minh giao dịch. Các tính năng tìm phòng và đặt lịch không yêu cầu ví.","1"
"Điểm uy tín trên hệ thống được hiểu thế nào? (v95)","","FAQ","Điểm uy tín phản ánh mức độ tin cậy dựa trên hồ sơ xác thực, lịch sử thanh toán và phản hồi giữa các bên. Điểm cao giúp tăng niềm tin khi giao dịch.","1"
"Thuê phòng kỳ hạn 24 tháng thì cần lưu ý điều gì để tránh tranh chấp? (v31)","","FAQ","Bạn nên kiểm tra kỹ thời hạn, điều khoản cọc, chu kỳ thanh toán, quy định phát sinh phí và lưu lại mọi xác nhận quan trọng trong hệ thống.","1"
"Tôi mới dùng SmartRental, nên bắt đầu từ đâu để thuê phòng nhanh? (v96)","","FAQ","Bạn nên bắt đầu bằng việc xác thực email và số điện thoại, sau đó tìm phòng theo khu vực và ngân sách, cuối cùng đặt lịch xem với các phòng đã xác thực.","1"
"Làm sao tìm phòng ở Quận 1 mà không bị quá nhiều kết quả? (v6)","","FAQ","Bạn chỉ nên bật 3 bộ lọc chính trước: khu vực, mức giá và loại phòng. Khi đã có danh sách hẹp, mới thêm tiện ích để tối ưu lựa chọn.","1"
"Sau khi đặt lịch xem phòng tháng 1 thì tôi cần làm gì? (v8)","","FAQ","Bạn vào mục lịch hẹn để theo dõi trạng thái. Khi chủ trọ duyệt hoặc từ chối, hệ thống sẽ gửi thông báo ngay để bạn chủ động bước tiếp theo.","1"
"Ký hợp đồng truyền thống có an toàn không? (v96)","","FAQ","Có. Hợp đồng truyền thống vẫn là luồng chuẩn, dễ dùng cho người mới. Bạn chỉ cần đọc kỹ điều khoản, kiểm tra thông tin phòng và xác nhận đúng số tiền cọc.","1"
"Ký blockchain khác gì so với ký truyền thống? (v96)","","FAQ","Ký blockchain bổ sung bằng chứng chống chỉnh sửa và khả năng kiểm chứng giao dịch. Luồng thao tác vẫn tương tự, chỉ thêm bước xác nhận ví khi bạn chọn blockchain.","1"
"Nếu tôi không rành blockchain thì có bắt buộc dùng không? (v96)","","FAQ","Không bắt buộc. Bạn có thể hoàn tất toàn bộ quy trình bằng hợp đồng truyền thống. Blockchain chỉ là tùy chọn tăng minh bạch khi bạn cần.","1"
"Thanh toán bằng SePay bị chậm cập nhật thì xử lý thế nào? (v32)","","FAQ","Bạn kiểm tra lại đúng nội dung thanh toán, chờ vài phút để hệ thống đồng bộ, sau đó bấm thử lại. Nếu vẫn lỗi, gửi mã giao dịch cho hỗ trợ để đối soát.","1"
"Khi nào tôi cần kết nối ví MetaMask? (v96)","","FAQ","Chỉ khi bạn dùng tính năng blockchain như ký hợp đồng on-chain hoặc xác minh giao dịch. Các tính năng tìm phòng và đặt lịch không yêu cầu ví.","1"
"Điểm uy tín trên hệ thống được hiểu thế nào? (v96)","","FAQ","Điểm uy tín phản ánh mức độ tin cậy dựa trên hồ sơ xác thực, lịch sử thanh toán và phản hồi giữa các bên. Điểm cao giúp tăng niềm tin khi giao dịch.","1"
"Thuê phòng kỳ hạn 6 tháng thì cần lưu ý điều gì để tránh tranh chấp? (v32)","","FAQ","Bạn nên kiểm tra kỹ thời hạn, điều khoản cọc, chu kỳ thanh toán, quy định phát sinh phí và lưu lại mọi xác nhận quan trọng trong hệ thống.","1"
"Tôi mới dùng SmartRental, nên bắt đầu từ đâu để thuê phòng nhanh? (v97)","","FAQ","Bạn nên bắt đầu bằng việc đặt ngân sách tối đa theo tháng, sau đó tìm phòng theo khu vực và ngân sách, cuối cùng đặt lịch xem với các phòng đã xác thực.","1"
"Làm sao tìm phòng ở Quận 3 mà không bị quá nhiều kết quả? (v6)","","FAQ","Bạn chỉ nên bật 3 bộ lọc chính trước: khu vực, mức giá và loại phòng. Khi đã có danh sách hẹp, mới thêm tiện ích để tối ưu lựa chọn.","1"
"Sau khi đặt lịch xem phòng tháng 2 thì tôi cần làm gì? (v8)","","FAQ","Bạn vào mục lịch hẹn để theo dõi trạng thái. Khi chủ trọ duyệt hoặc từ chối, hệ thống sẽ gửi thông báo ngay để bạn chủ động bước tiếp theo.","1"
"Ký hợp đồng truyền thống có an toàn không? (v97)","","FAQ","Có. Hợp đồng truyền thống vẫn là luồng chuẩn, dễ dùng cho người mới. Bạn chỉ cần đọc kỹ điều khoản, kiểm tra thông tin phòng và xác nhận đúng số tiền cọc.","1"
"Ký blockchain khác gì so với ký truyền thống? (v97)","","FAQ","Ký blockchain bổ sung bằng chứng chống chỉnh sửa và khả năng kiểm chứng giao dịch. Luồng thao tác vẫn tương tự, chỉ thêm bước xác nhận ví khi bạn chọn blockchain.","1"
"Nếu tôi không rành blockchain thì có bắt buộc dùng không? (v97)","","FAQ","Không bắt buộc. Bạn có thể hoàn tất toàn bộ quy trình bằng hợp đồng truyền thống. Blockchain chỉ là tùy chọn tăng minh bạch khi bạn cần.","1"
"Thanh toán bằng chuyển khoản ngân hàng bị chậm cập nhật thì xử lý thế nào? (v32)","","FAQ","Bạn kiểm tra lại đúng nội dung thanh toán, chờ vài phút để hệ thống đồng bộ, sau đó bấm thử lại. Nếu vẫn lỗi, gửi mã giao dịch cho hỗ trợ để đối soát.","1"
"Khi nào tôi cần kết nối ví Rabby? (v97)","","FAQ","Chỉ khi bạn dùng tính năng blockchain như ký hợp đồng on-chain hoặc xác minh giao dịch. Các tính năng tìm phòng và đặt lịch không yêu cầu ví.","1"
"Điểm uy tín trên hệ thống được hiểu thế nào? (v97)","","FAQ","Điểm uy tín phản ánh mức độ tin cậy dựa trên hồ sơ xác thực, lịch sử thanh toán và phản hồi giữa các bên. Điểm cao giúp tăng niềm tin khi giao dịch.","1"
"Thuê phòng kỳ hạn 12 tháng thì cần lưu ý điều gì để tránh tranh chấp? (v32)","","FAQ","Bạn nên kiểm tra kỹ thời hạn, điều khoản cọc, chu kỳ thanh toán, quy định phát sinh phí và lưu lại mọi xác nhận quan trọng trong hệ thống.","1"
"Tôi mới dùng SmartRental, nên bắt đầu từ đâu để thuê phòng nhanh? (v98)","","FAQ","Bạn nên bắt đầu bằng việc lưu phòng yêu thích để so sánh, sau đó tìm phòng theo khu vực và ngân sách, cuối cùng đặt lịch xem với các phòng đã xác thực.","1"
"Làm sao tìm phòng ở Quận 4 mà không bị quá nhiều kết quả? (v6)","","FAQ","Bạn chỉ nên bật 3 bộ lọc chính trước: khu vực, mức giá và loại phòng. Khi đã có danh sách hẹp, mới thêm tiện ích để tối ưu lựa chọn.","1"
"Sau khi đặt lịch xem phòng tháng 3 thì tôi cần làm gì? (v8)","","FAQ","Bạn vào mục lịch hẹn để theo dõi trạng thái. Khi chủ trọ duyệt hoặc từ chối, hệ thống sẽ gửi thông báo ngay để bạn chủ động bước tiếp theo.","1"
"Ký hợp đồng truyền thống có an toàn không? (v98)","","FAQ","Có. Hợp đồng truyền thống vẫn là luồng chuẩn, dễ dùng cho người mới. Bạn chỉ cần đọc kỹ điều khoản, kiểm tra thông tin phòng và xác nhận đúng số tiền cọc.","1"
"Ký blockchain khác gì so với ký truyền thống? (v98)","","FAQ","Ký blockchain bổ sung bằng chứng chống chỉnh sửa và khả năng kiểm chứng giao dịch. Luồng thao tác vẫn tương tự, chỉ thêm bước xác nhận ví khi bạn chọn blockchain.","1"
"Nếu tôi không rành blockchain thì có bắt buộc dùng không? (v98)","","FAQ","Không bắt buộc. Bạn có thể hoàn tất toàn bộ quy trình bằng hợp đồng truyền thống. Blockchain chỉ là tùy chọn tăng minh bạch khi bạn cần.","1"
"Thanh toán bằng ví điện tử bị chậm cập nhật thì xử lý thế nào? (v32)","","FAQ","Bạn kiểm tra lại đúng nội dung thanh toán, chờ vài phút để hệ thống đồng bộ, sau đó bấm thử lại. Nếu vẫn lỗi, gửi mã giao dịch cho hỗ trợ để đối soát.","1"
"Khi nào tôi cần kết nối ví Coin98 Wallet? (v98)","","FAQ","Chỉ khi bạn dùng tính năng blockchain như ký hợp đồng on-chain hoặc xác minh giao dịch. Các tính năng tìm phòng và đặt lịch không yêu cầu ví.","1"
"Điểm uy tín trên hệ thống được hiểu thế nào? (v98)","","FAQ","Điểm uy tín phản ánh mức độ tin cậy dựa trên hồ sơ xác thực, lịch sử thanh toán và phản hồi giữa các bên. Điểm cao giúp tăng niềm tin khi giao dịch.","1"
"Thuê phòng kỳ hạn 24 tháng thì cần lưu ý điều gì để tránh tranh chấp? (v32)","","FAQ","Bạn nên kiểm tra kỹ thời hạn, điều khoản cọc, chu kỳ thanh toán, quy định phát sinh phí và lưu lại mọi xác nhận quan trọng trong hệ thống.","1"
"Tôi mới dùng SmartRental, nên bắt đầu từ đâu để thuê phòng nhanh? (v99)","","FAQ","Bạn nên bắt đầu bằng việc bật thông báo phản hồi lịch hẹn, sau đó tìm phòng theo khu vực và ngân sách, cuối cùng đặt lịch xem với các phòng đã xác thực.","1"
"Làm sao tìm phòng ở Quận 5 mà không bị quá nhiều kết quả? (v6)","","FAQ","Bạn chỉ nên bật 3 bộ lọc chính trước: khu vực, mức giá và loại phòng. Khi đã có danh sách hẹp, mới thêm tiện ích để tối ưu lựa chọn.","1"
"Sau khi đặt lịch xem phòng tháng 4 thì tôi cần làm gì? (v8)","","FAQ","Bạn vào mục lịch hẹn để theo dõi trạng thái. Khi chủ trọ duyệt hoặc từ chối, hệ thống sẽ gửi thông báo ngay để bạn chủ động bước tiếp theo.","1"
"Ký hợp đồng truyền thống có an toàn không? (v99)","","FAQ","Có. Hợp đồng truyền thống vẫn là luồng chuẩn, dễ dùng cho người mới. Bạn chỉ cần đọc kỹ điều khoản, kiểm tra thông tin phòng và xác nhận đúng số tiền cọc.","1"
"Ký blockchain khác gì so với ký truyền thống? (v99)","","FAQ","Ký blockchain bổ sung bằng chứng chống chỉnh sửa và khả năng kiểm chứng giao dịch. Luồng thao tác vẫn tương tự, chỉ thêm bước xác nhận ví khi bạn chọn blockchain.","1"
"Nếu tôi không rành blockchain thì có bắt buộc dùng không? (v99)","","FAQ","Không bắt buộc. Bạn có thể hoàn tất toàn bộ quy trình bằng hợp đồng truyền thống. Blockchain chỉ là tùy chọn tăng minh bạch khi bạn cần.","1"
"Thanh toán bằng SePay bị chậm cập nhật thì xử lý thế nào? (v33)","","FAQ","Bạn kiểm tra lại đúng nội dung thanh toán, chờ vài phút để hệ thống đồng bộ, sau đó bấm thử lại. Nếu vẫn lỗi, gửi mã giao dịch cho hỗ trợ để đối soát.","1"
"Khi nào tôi cần kết nối ví MetaMask? (v99)","","FAQ","Chỉ khi bạn dùng tính năng blockchain như ký hợp đồng on-chain hoặc xác minh giao dịch. Các tính năng tìm phòng và đặt lịch không yêu cầu ví.","1"
"Điểm uy tín trên hệ thống được hiểu thế nào? (v99)","","FAQ","Điểm uy tín phản ánh mức độ tin cậy dựa trên hồ sơ xác thực, lịch sử thanh toán và phản hồi giữa các bên. Điểm cao giúp tăng niềm tin khi giao dịch.","1"
"Thuê phòng kỳ hạn 6 tháng thì cần lưu ý điều gì để tránh tranh chấp? (v33)","","FAQ","Bạn nên kiểm tra kỹ thời hạn, điều khoản cọc, chu kỳ thanh toán, quy định phát sinh phí và lưu lại mọi xác nhận quan trọng trong hệ thống.","1"
